{"level":"INFO","time":"2025-12-05T12:09:30.101Z","caller":"test-logging/main.go:20","msg":"🚀 Testing logging system","version":"1.0","start_time":"2025-12-05T12:09:30.101Z"}
{"level":"INFO","time":"2025-12-05T12:09:30.102Z","caller":"test-logging/main.go:29","msg":"Kline received","component":"trading","symbol":"BTCUSDT","interval":"3m","open_time":"2025-12-05T12:09:30.102Z","open":91000,"high":91200,"low":90900,"close":91150,"volume":234.56}
{"level":"INFO","time":"2025-12-05T12:09:30.102Z","caller":"test-logging/main.go:41","msg":"Signal generated","component":"trading","symbol":"BTCUSDT","signal_type":"OPEN_LONG","price":91150,"confidence":0.85,"reason":"MACD金叉+EMA5/VWAP8金叉"}
{"level":"INFO","time":"2025-12-05T12:09:30.102Z","caller":"test-logging/main.go:50","msg":"Order event","component":"trading","order_id":"ORDER_123","symbol":"BTCUSDT","side":"BUY","type":"MARKET","quantity":0.1,"price":91150,"status":"FILLED"}
{"level":"INFO","time":"2025-12-05T12:09:30.102Z","caller":"test-logging/main.go:61","msg":"Position update","component":"trading","symbol":"BTCUSDT","side":"LONG","size":0.1,"entry_price":91150,"current_price":91300,"unrealized_pnl":15,"realized_pnl":0,"pnl_percent":0.16456390565002743}
{"level":"INFO","time":"2025-12-05T12:09:30.102Z","caller":"test-logging/main.go:71","msg":"✅ Logging test completed successfully"}
{"level":"INFO","time":"2025-12-05T12:10:11.796Z","caller":"test-logging/main.go:20","msg":"🚀 Testing logging system","version":"1.0","start_time":"2025-12-05T12:10:11.796Z"}
{"level":"INFO","time":"2025-12-05T12:10:11.797Z","caller":"test-logging/main.go:29","msg":"Kline received","component":"trading","symbol":"BTCUSDT","interval":"3m","open_time":"2025-12-05T12:10:11.797Z","open":91000,"high":91200,"low":90900,"close":91150,"volume":234.56}
{"level":"INFO","time":"2025-12-05T12:10:11.797Z","caller":"test-logging/main.go:41","msg":"Signal generated","component":"trading","symbol":"BTCUSDT","signal_type":"OPEN_LONG","price":91150,"confidence":0.85,"reason":"MACD金叉+EMA5/VWAP8金叉"}
{"level":"INFO","time":"2025-12-05T12:10:11.797Z","caller":"test-logging/main.go:50","msg":"Order event","component":"trading","order_id":"ORDER_123","symbol":"BTCUSDT","side":"BUY","type":"MARKET","quantity":0.1,"price":91150,"status":"FILLED"}
{"level":"INFO","time":"2025-12-05T12:10:11.797Z","caller":"test-logging/main.go:61","msg":"Position update","component":"trading","symbol":"BTCUSDT","side":"LONG","size":0.1,"entry_price":91150,"current_price":91300,"unrealized_pnl":15,"realized_pnl":0,"pnl_percent":0.16456390565002743}
{"level":"INFO","time":"2025-12-05T12:10:11.797Z","caller":"test-logging/main.go:71","msg":"✅ Logging test completed successfully"}
{"level":"INFO","time":"2025-12-05T12:12:10.746Z","caller":"test-logging/main.go:20","msg":"🚀 Testing logging system","version":"1.0","start_time":"2025-12-05T12:12:10.746Z"}
{"level":"INFO","time":"2025-12-05T12:12:10.747Z","caller":"test-logging/main.go:29","msg":"Kline received","component":"trading","symbol":"BTCUSDT","interval":"3m","open_time":"2025-12-05T12:12:10.747Z","open":91000,"high":91200,"low":90900,"close":91150,"volume":234.56}
{"level":"INFO","time":"2025-12-05T12:12:10.747Z","caller":"test-logging/main.go:41","msg":"Signal generated","component":"trading","symbol":"BTCUSDT","signal_type":"OPEN_LONG","price":91150,"confidence":0.85,"reason":"MACD金叉+EMA5/VWAP8金叉"}
{"level":"INFO","time":"2025-12-05T12:12:10.747Z","caller":"test-logging/main.go:50","msg":"Order event","component":"trading","order_id":"ORDER_123","symbol":"BTCUSDT","side":"BUY","type":"MARKET","quantity":0.1,"price":91150,"status":"FILLED"}
{"level":"INFO","time":"2025-12-05T12:12:10.749Z","caller":"test-logging/main.go:61","msg":"Position update","component":"trading","symbol":"BTCUSDT","side":"LONG","size":0.1,"entry_price":91150,"current_price":91300,"unrealized_pnl":15,"realized_pnl":0,"pnl_percent":0.16456390565002743}
{"level":"INFO","time":"2025-12-05T12:12:10.749Z","caller":"test-logging/main.go:71","msg":"✅ Logging test completed successfully"}
{"level":"INFO","time":"2025-12-05T12:26:51.376Z","caller":"live-trading/main.go:33","msg":"🚀 Starting trading bot","mode":"live","session_id":"20251205_122651","session_dir":"logs/session_20251205_122651"}
{"level":"INFO","time":"2025-12-05T12:26:51.378Z","caller":"live-trading/main.go:45","msg":"✅ Config loaded","mode":"live","leverage":5}
{"level":"INFO","time":"2025-12-05T12:42:48.135Z","caller":"live-trading/main.go:34","msg":"🚀 Starting trading bot","mode":"live","session_id":"20251205_124248","session_dir":"logs/session_20251205_124248"}
{"level":"INFO","time":"2025-12-05T12:42:48.181Z","caller":"live-trading/main.go:46","msg":"✅ Config loaded","mode":"live","leverage":5}
{"level":"INFO","time":"2025-12-05T12:42:49.919Z","caller":"live-trading/main.go:102","msg":"Warming up strategy using REST API","symbol":"BTCUSDT","interval":"1m","required_klines":45}
{"level":"INFO","time":"2025-12-05T12:42:50.422Z","caller":"strategy/macd_ema_strategy.go:114","msg":"Strategy warming up","strategy":"MACD_EMA_BTCUSDT_1m","current_klines":1,"required_klines":45,"progress_percent":2.2222222222222223}
{"level":"INFO","time":"2025-12-05T12:42:50.422Z","caller":"strategy/macd_ema_strategy.go:114","msg":"Strategy warming up","strategy":"MACD_EMA_BTCUSDT_1m","current_klines":10,"required_klines":45,"progress_percent":22.22222222222222}
{"level":"INFO","time":"2025-12-05T12:42:50.422Z","caller":"strategy/macd_ema_strategy.go:114","msg":"Strategy warming up","strategy":"MACD_EMA_BTCUSDT_1m","current_klines":20,"required_klines":45,"progress_percent":44.44444444444444}
{"level":"INFO","time":"2025-12-05T12:42:50.422Z","caller":"strategy/macd_ema_strategy.go:114","msg":"Strategy warming up","strategy":"MACD_EMA_BTCUSDT_1m","current_klines":30,"required_klines":45,"progress_percent":66.66666666666666}
{"level":"INFO","time":"2025-12-05T12:42:50.422Z","caller":"strategy/macd_ema_strategy.go:114","msg":"Strategy warming up","strategy":"MACD_EMA_BTCUSDT_1m","current_klines":40,"required_klines":45,"progress_percent":88.88888888888889}
{"level":"INFO","time":"2025-12-05T12:42:50.423Z","caller":"strategy/macd_ema_strategy.go:104","msg":"✅ Strategy warmed up","strategy":"MACD_EMA_BTCUSDT_1m","klines":45}
{"level":"INFO","time":"2025-12-05T12:42:50.423Z","caller":"live-trading/main.go:138","msg":"✅ Strategy warmed up with REST API","symbol":"BTCUSDT","interval":"1m","klines":45}
{"level":"INFO","time":"2025-12-05T12:42:50.426Z","caller":"live-trading/main.go:159","msg":"✅ Strategy started","symbol":"BTCUSDT","interval":"1m","strategy":"MACD(16,26,9) + EMA(5,15) + VWAP(8)"}
{"level":"INFO","time":"2025-12-05T12:42:50.427Z","caller":"live-trading/main.go:102","msg":"Warming up strategy using REST API","symbol":"ETHUSDT","interval":"1m","required_klines":45}
{"level":"INFO","time":"2025-12-05T12:42:50.856Z","caller":"strategy/macd_ema_strategy.go:114","msg":"Strategy warming up","strategy":"MACD_EMA_ETHUSDT_1m","current_klines":1,"required_klines":45,"progress_percent":2.2222222222222223}
{"level":"INFO","time":"2025-12-05T12:42:50.857Z","caller":"strategy/macd_ema_strategy.go:114","msg":"Strategy warming up","strategy":"MACD_EMA_ETHUSDT_1m","current_klines":10,"required_klines":45,"progress_percent":22.22222222222222}
{"level":"INFO","time":"2025-12-05T12:42:50.857Z","caller":"strategy/macd_ema_strategy.go:114","msg":"Strategy warming up","strategy":"MACD_EMA_ETHUSDT_1m","current_klines":20,"required_klines":45,"progress_percent":44.44444444444444}
{"level":"INFO","time":"2025-12-05T12:42:50.857Z","caller":"strategy/macd_ema_strategy.go:114","msg":"Strategy warming up","strategy":"MACD_EMA_ETHUSDT_1m","current_klines":30,"required_klines":45,"progress_percent":66.66666666666666}
{"level":"INFO","time":"2025-12-05T12:42:50.857Z","caller":"strategy/macd_ema_strategy.go:114","msg":"Strategy warming up","strategy":"MACD_EMA_ETHUSDT_1m","current_klines":40,"required_klines":45,"progress_percent":88.88888888888889}
{"level":"INFO","time":"2025-12-05T12:42:50.857Z","caller":"strategy/macd_ema_strategy.go:104","msg":"✅ Strategy warmed up","strategy":"MACD_EMA_ETHUSDT_1m","klines":45}
{"level":"INFO","time":"2025-12-05T12:42:50.857Z","caller":"live-trading/main.go:138","msg":"✅ Strategy warmed up with REST API","symbol":"ETHUSDT","interval":"1m","klines":45}
{"level":"INFO","time":"2025-12-05T12:42:50.859Z","caller":"live-trading/main.go:159","msg":"✅ Strategy started","symbol":"ETHUSDT","interval":"1m","strategy":"MACD(16,26,9) + EMA(5,15) + VWAP(8)"}
{"level":"INFO","time":"2025-12-05T12:57:46.578Z","caller":"live-trading/main.go:34","msg":"🚀 Starting trading bot","mode":"live","session_id":"20251205_125746","session_dir":"logs/session_20251205_125746"}
{"level":"INFO","time":"2025-12-05T12:57:46.580Z","caller":"live-trading/main.go:46","msg":"✅ Config loaded","mode":"live","leverage":5}
{"level":"INFO","time":"2025-12-05T12:57:47.403Z","caller":"live-trading/main.go:102","msg":"Warming up strategy using REST API","symbol":"BTCUSDT","interval":"1m","required_klines":45}
{"level":"INFO","time":"2025-12-05T12:57:47.678Z","caller":"strategy/macd_ema_strategy.go:114","msg":"Strategy warming up","strategy":"MACD_EMA_BTCUSDT_1m","current_klines":1,"required_klines":45,"progress_percent":2.2222222222222223}
{"level":"INFO","time":"2025-12-05T12:57:47.678Z","caller":"strategy/macd_ema_strategy.go:114","msg":"Strategy warming up","strategy":"MACD_EMA_BTCUSDT_1m","current_klines":10,"required_klines":45,"progress_percent":22.22222222222222}
{"level":"INFO","time":"2025-12-05T12:57:47.678Z","caller":"strategy/macd_ema_strategy.go:114","msg":"Strategy warming up","strategy":"MACD_EMA_BTCUSDT_1m","current_klines":20,"required_klines":45,"progress_percent":44.44444444444444}
{"level":"INFO","time":"2025-12-05T12:57:47.678Z","caller":"strategy/macd_ema_strategy.go:114","msg":"Strategy warming up","strategy":"MACD_EMA_BTCUSDT_1m","current_klines":30,"required_klines":45,"progress_percent":66.66666666666666}
{"level":"INFO","time":"2025-12-05T12:57:47.678Z","caller":"strategy/macd_ema_strategy.go:114","msg":"Strategy warming up","strategy":"MACD_EMA_BTCUSDT_1m","current_klines":40,"required_klines":45,"progress_percent":88.88888888888889}
{"level":"INFO","time":"2025-12-05T12:57:47.678Z","caller":"strategy/macd_ema_strategy.go:104","msg":"✅ Strategy warmed up","strategy":"MACD_EMA_BTCUSDT_1m","klines":45}
{"level":"INFO","time":"2025-12-05T12:57:47.678Z","caller":"live-trading/main.go:138","msg":"✅ Strategy warmed up with REST API","symbol":"BTCUSDT","interval":"1m","klines":45}
{"level":"INFO","time":"2025-12-05T12:57:47.679Z","caller":"live-trading/main.go:159","msg":"✅ Strategy started","symbol":"BTCUSDT","interval":"1m","strategy":"MACD(16,26,9) + EMA(5,15) + VWAP(8)"}
{"level":"INFO","time":"2025-12-05T12:57:47.679Z","caller":"live-trading/main.go:102","msg":"Warming up strategy using REST API","symbol":"ETHUSDT","interval":"1m","required_klines":45}
{"level":"INFO","time":"2025-12-05T12:57:48.277Z","caller":"strategy/macd_ema_strategy.go:114","msg":"Strategy warming up","strategy":"MACD_EMA_ETHUSDT_1m","current_klines":1,"required_klines":45,"progress_percent":2.2222222222222223}
{"level":"INFO","time":"2025-12-05T12:57:48.277Z","caller":"strategy/macd_ema_strategy.go:114","msg":"Strategy warming up","strategy":"MACD_EMA_ETHUSDT_1m","current_klines":10,"required_klines":45,"progress_percent":22.22222222222222}
{"level":"INFO","time":"2025-12-05T12:57:48.277Z","caller":"strategy/macd_ema_strategy.go:114","msg":"Strategy warming up","strategy":"MACD_EMA_ETHUSDT_1m","current_klines":20,"required_klines":45,"progress_percent":44.44444444444444}
{"level":"INFO","time":"2025-12-05T12:57:48.277Z","caller":"strategy/macd_ema_strategy.go:114","msg":"Strategy warming up","strategy":"MACD_EMA_ETHUSDT_1m","current_klines":30,"required_klines":45,"progress_percent":66.66666666666666}
{"level":"INFO","time":"2025-12-05T12:57:48.277Z","caller":"strategy/macd_ema_strategy.go:114","msg":"Strategy warming up","strategy":"MACD_EMA_ETHUSDT_1m","current_klines":40,"required_klines":45,"progress_percent":88.88888888888889}
{"level":"INFO","time":"2025-12-05T12:57:48.277Z","caller":"strategy/macd_ema_strategy.go:104","msg":"✅ Strategy warmed up","strategy":"MACD_EMA_ETHUSDT_1m","klines":45}
{"level":"INFO","time":"2025-12-05T12:57:48.277Z","caller":"live-trading/main.go:138","msg":"✅ Strategy warmed up with REST API","symbol":"ETHUSDT","interval":"1m","klines":45}
{"level":"INFO","time":"2025-12-05T12:57:48.278Z","caller":"live-trading/main.go:159","msg":"✅ Strategy started","symbol":"ETHUSDT","interval":"1m","strategy":"MACD(16,26,9) + EMA(5,15) + VWAP(8)"}
{"level":"INFO","time":"2025-12-05T13:42:16.788Z","caller":"test-logging/main.go:20","msg":"🚀 Testing logging system","version":"1.0","start_time":"2025-12-05T13:42:16.788Z"}
{"level":"INFO","time":"2025-12-05T13:42:16.799Z","caller":"test-logging/main.go:29","msg":"Kline received","component":"trading","symbol":"BTCUSDT","interval":"3m","open_time":"2025-12-05T13:42:16.799Z","open":91000,"high":91200,"low":90900,"close":91150,"volume":234.56}
{"level":"INFO","time":"2025-12-05T13:42:16.799Z","caller":"test-logging/main.go:41","msg":"Signal generated","component":"trading","symbol":"BTCUSDT","signal_type":"OPEN_LONG","price":91150,"confidence":0.85,"reason":"MACD金叉+EMA5/VWAP8金叉"}
{"level":"INFO","time":"2025-12-05T13:42:16.799Z","caller":"test-logging/main.go:50","msg":"Order event","component":"trading","order_id":"ORDER_123","symbol":"BTCUSDT","side":"BUY","type":"MARKET","quantity":0.1,"price":91150,"status":"FILLED"}
{"level":"INFO","time":"2025-12-05T13:42:16.799Z","caller":"test-logging/main.go:61","msg":"Position update","component":"trading","symbol":"BTCUSDT","side":"LONG","size":0.1,"entry_price":91150,"current_price":91300,"unrealized_pnl":15,"realized_pnl":0,"pnl_percent":0.16456390565002743}
{"level":"INFO","time":"2025-12-05T13:42:16.799Z","caller":"test-logging/main.go:71","msg":"✅ Logging test completed successfully"}
{"level":"INFO","time":"2025-12-05T13:44:57.672Z","caller":"live-trading/main.go:34","msg":"🚀 Starting trading bot","mode":"live","session_id":"20251205_134457","session_dir":"logs/session_20251205_134457"}
{"level":"INFO","time":"2025-12-05T13:44:57.683Z","caller":"live-trading/main.go:46","msg":"✅ Config loaded","mode":"live","leverage":5}
{"level":"INFO","time":"2025-12-05T13:44:58.573Z","caller":"live-trading/main.go:102","msg":"Warming up strategy using REST API","symbol":"BTCUSDT","interval":"1m","required_klines":45}
{"level":"INFO","time":"2025-12-05T13:44:59.050Z","caller":"strategy/macd_ema_strategy.go:114","msg":"Strategy warming up","strategy":"MACD_EMA_BTCUSDT_1m","current_klines":1,"required_klines":45,"progress_percent":2.2222222222222223}
{"level":"INFO","time":"2025-12-05T13:44:59.050Z","caller":"strategy/macd_ema_strategy.go:114","msg":"Strategy warming up","strategy":"MACD_EMA_BTCUSDT_1m","current_klines":10,"required_klines":45,"progress_percent":22.22222222222222}
{"level":"INFO","time":"2025-12-05T13:44:59.050Z","caller":"strategy/macd_ema_strategy.go:114","msg":"Strategy warming up","strategy":"MACD_EMA_BTCUSDT_1m","current_klines":20,"required_klines":45,"progress_percent":44.44444444444444}
{"level":"INFO","time":"2025-12-05T13:44:59.050Z","caller":"strategy/macd_ema_strategy.go:114","msg":"Strategy warming up","strategy":"MACD_EMA_BTCUSDT_1m","current_klines":30,"required_klines":45,"progress_percent":66.66666666666666}
{"level":"INFO","time":"2025-12-05T13:44:59.050Z","caller":"strategy/macd_ema_strategy.go:114","msg":"Strategy warming up","strategy":"MACD_EMA_BTCUSDT_1m","current_klines":40,"required_klines":45,"progress_percent":88.88888888888889}
{"level":"INFO","time":"2025-12-05T13:44:59.050Z","caller":"strategy/macd_ema_strategy.go:104","msg":"✅ Strategy warmed up","strategy":"MACD_EMA_BTCUSDT_1m","klines":45}
{"level":"INFO","time":"2025-12-05T13:44:59.050Z","caller":"live-trading/main.go:138","msg":"✅ Strategy warmed up with REST API","symbol":"BTCUSDT","interval":"1m","klines":45}
{"level":"INFO","time":"2025-12-05T13:44:59.051Z","caller":"live-trading/main.go:159","msg":"✅ Strategy started","symbol":"BTCUSDT","interval":"1m","strategy":"MACD(16,26,9) + EMA(5,15) + VWAP(8)"}
{"level":"INFO","time":"2025-12-05T13:44:59.052Z","caller":"live-trading/main.go:102","msg":"Warming up strategy using REST API","symbol":"ETHUSDT","interval":"1m","required_klines":45}
{"level":"INFO","time":"2025-12-05T13:44:59.366Z","caller":"strategy/macd_ema_strategy.go:114","msg":"Strategy warming up","strategy":"MACD_EMA_ETHUSDT_1m","current_klines":1,"required_klines":45,"progress_percent":2.2222222222222223}
{"level":"INFO","time":"2025-12-05T13:44:59.366Z","caller":"strategy/macd_ema_strategy.go:114","msg":"Strategy warming up","strategy":"MACD_EMA_ETHUSDT_1m","current_klines":10,"required_klines":45,"progress_percent":22.22222222222222}
{"level":"INFO","time":"2025-12-05T13:44:59.366Z","caller":"strategy/macd_ema_strategy.go:114","msg":"Strategy warming up","strategy":"MACD_EMA_ETHUSDT_1m","current_klines":20,"required_klines":45,"progress_percent":44.44444444444444}
{"level":"INFO","time":"2025-12-05T13:44:59.366Z","caller":"strategy/macd_ema_strategy.go:114","msg":"Strategy warming up","strategy":"MACD_EMA_ETHUSDT_1m","current_klines":30,"required_klines":45,"progress_percent":66.66666666666666}
{"level":"INFO","time":"2025-12-05T13:44:59.366Z","caller":"strategy/macd_ema_strategy.go:114","msg":"Strategy warming up","strategy":"MACD_EMA_ETHUSDT_1m","current_klines":40,"required_klines":45,"progress_percent":88.88888888888889}
{"level":"INFO","time":"2025-12-05T13:44:59.366Z","caller":"strategy/macd_ema_strategy.go:104","msg":"✅ Strategy warmed up","strategy":"MACD_EMA_ETHUSDT_1m","klines":45}
{"level":"INFO","time":"2025-12-05T13:44:59.366Z","caller":"live-trading/main.go:138","msg":"✅ Strategy warmed up with REST API","symbol":"ETHUSDT","interval":"1m","klines":45}
{"level":"INFO","time":"2025-12-05T13:44:59.367Z","caller":"live-trading/main.go:159","msg":"✅ Strategy started","symbol":"ETHUSDT","interval":"1m","strategy":"MACD(16,26,9) + EMA(5,15) + VWAP(8)"}
{"level":"INFO","time":"2025-12-05T13:59:02.199Z","caller":"live-trading/main.go:34","msg":"🚀 Starting trading bot","mode":"live","session_id":"20251205_135902","session_dir":"logs/session_20251205_135902"}
{"level":"INFO","time":"2025-12-05T13:59:02.201Z","caller":"live-trading/main.go:46","msg":"✅ Config loaded","mode":"live","leverage":5}
{"level":"INFO","time":"2025-12-05T13:59:03.474Z","caller":"live-trading/main.go:102","msg":"Warming up strategy using REST API","symbol":"BTCUSDT","interval":"1m","required_klines":45}
{"level":"INFO","time":"2025-12-05T13:59:04.102Z","caller":"strategy/macd_ema_strategy.go:114","msg":"Strategy warming up","strategy":"MACD_EMA_BTCUSDT_1m","current_klines":1,"required_klines":45,"progress_percent":2.2222222222222223}
{"level":"INFO","time":"2025-12-05T13:59:04.102Z","caller":"strategy/macd_ema_strategy.go:114","msg":"Strategy warming up","strategy":"MACD_EMA_BTCUSDT_1m","current_klines":10,"required_klines":45,"progress_percent":22.22222222222222}
{"level":"INFO","time":"2025-12-05T13:59:04.102Z","caller":"strategy/macd_ema_strategy.go:114","msg":"Strategy warming up","strategy":"MACD_EMA_BTCUSDT_1m","current_klines":20,"required_klines":45,"progress_percent":44.44444444444444}
{"level":"INFO","time":"2025-12-05T13:59:04.102Z","caller":"strategy/macd_ema_strategy.go:114","msg":"Strategy warming up","strategy":"MACD_EMA_BTCUSDT_1m","current_klines":30,"required_klines":45,"progress_percent":66.66666666666666}
{"level":"INFO","time":"2025-12-05T13:59:04.102Z","caller":"strategy/macd_ema_strategy.go:114","msg":"Strategy warming up","strategy":"MACD_EMA_BTCUSDT_1m","current_klines":40,"required_klines":45,"progress_percent":88.88888888888889}
{"level":"INFO","time":"2025-12-05T13:59:04.102Z","caller":"strategy/macd_ema_strategy.go:104","msg":"✅ Strategy warmed up","strategy":"MACD_EMA_BTCUSDT_1m","klines":45}
{"level":"INFO","time":"2025-12-05T13:59:04.103Z","caller":"live-trading/main.go:138","msg":"✅ Strategy warmed up with REST API","symbol":"BTCUSDT","interval":"1m","klines":45}
{"level":"INFO","time":"2025-12-05T13:59:04.104Z","caller":"live-trading/main.go:159","msg":"✅ Strategy started","symbol":"BTCUSDT","interval":"1m","strategy":"MACD(16,26,9) + EMA(5,15) + VWAP(8)"}
{"level":"INFO","time":"2025-12-05T13:59:04.104Z","caller":"live-trading/main.go:102","msg":"Warming up strategy using REST API","symbol":"ETHUSDT","interval":"1m","required_klines":45}
{"level":"INFO","time":"2025-12-05T13:59:04.424Z","caller":"strategy/macd_ema_strategy.go:114","msg":"Strategy warming up","strategy":"MACD_EMA_ETHUSDT_1m","current_klines":1,"required_klines":45,"progress_percent":2.2222222222222223}
{"level":"INFO","time":"2025-12-05T13:59:04.424Z","caller":"strategy/macd_ema_strategy.go:114","msg":"Strategy warming up","strategy":"MACD_EMA_ETHUSDT_1m","current_klines":10,"required_klines":45,"progress_percent":22.22222222222222}
{"level":"INFO","time":"2025-12-05T13:59:04.424Z","caller":"strategy/macd_ema_strategy.go:114","msg":"Strategy warming up","strategy":"MACD_EMA_ETHUSDT_1m","current_klines":20,"required_klines":45,"progress_percent":44.44444444444444}
{"level":"INFO","time":"2025-12-05T13:59:04.424Z","caller":"strategy/macd_ema_strategy.go:114","msg":"Strategy warming up","strategy":"MACD_EMA_ETHUSDT_1m","current_klines":30,"required_klines":45,"progress_percent":66.66666666666666}
{"level":"INFO","time":"2025-12-05T13:59:04.424Z","caller":"strategy/macd_ema_strategy.go:114","msg":"Strategy warming up","strategy":"MACD_EMA_ETHUSDT_1m","current_klines":40,"required_klines":45,"progress_percent":88.88888888888889}
{"level":"INFO","time":"2025-12-05T13:59:04.424Z","caller":"strategy/macd_ema_strategy.go:104","msg":"✅ Strategy warmed up","strategy":"MACD_EMA_ETHUSDT_1m","klines":45}
{"level":"INFO","time":"2025-12-05T13:59:04.424Z","caller":"live-trading/main.go:138","msg":"✅ Strategy warmed up with REST API","symbol":"ETHUSDT","interval":"1m","klines":45}
{"level":"INFO","time":"2025-12-05T13:59:04.425Z","caller":"live-trading/main.go:159","msg":"✅ Strategy started","symbol":"ETHUSDT","interval":"1m","strategy":"MACD(16,26,9) + EMA(5,15) + VWAP(8)"}
{"level":"INFO","time":"2025-12-05T14:17:00.813Z","caller":"position/manager.go:305","msg":"Creating order","symbol":"BTCUSDT","signal_type":"OPEN_SHORT","account_balance":5000,"usdt_amount":1000,"leverage":5,"margin_mode":"ISOLATED"}
{"level":"INFO","time":"2025-12-05T14:18:00.307Z","caller":"position/manager.go:305","msg":"Creating order","symbol":"BTCUSDT","signal_type":"OPEN_SHORT","account_balance":5000,"usdt_amount":1000,"leverage":5,"margin_mode":"ISOLATED"}
{"level":"INFO","time":"2025-12-05T14:19:00.220Z","caller":"position/manager.go:305","msg":"Creating order","symbol":"BTCUSDT","signal_type":"OPEN_SHORT","account_balance":5000,"usdt_amount":1000,"leverage":5,"margin_mode":"ISOLATED"}
{"level":"INFO","time":"2025-12-05T14:24:34.276Z","caller":"live-trading/main.go:34","msg":"🚀 Starting trading bot","mode":"live","session_id":"20251205_142434","session_dir":"logs/session_20251205_142434"}
{"level":"INFO","time":"2025-12-05T14:24:34.278Z","caller":"live-trading/main.go:46","msg":"✅ Config loaded","mode":"live","leverage":5}
{"level":"INFO","time":"2025-12-05T14:24:36.109Z","caller":"live-trading/main.go:102","msg":"Warming up strategy using REST API","symbol":"BTCUSDT","interval":"1m","required_klines":45}
{"level":"INFO","time":"2025-12-05T14:24:36.555Z","caller":"strategy/macd_ema_strategy.go:114","msg":"Strategy warming up","strategy":"MACD_EMA_BTCUSDT_1m","current_klines":1,"required_klines":45,"progress_percent":2.2222222222222223}
{"level":"INFO","time":"2025-12-05T14:24:36.555Z","caller":"strategy/macd_ema_strategy.go:114","msg":"Strategy warming up","strategy":"MACD_EMA_BTCUSDT_1m","current_klines":10,"required_klines":45,"progress_percent":22.22222222222222}
{"level":"INFO","time":"2025-12-05T14:24:36.555Z","caller":"strategy/macd_ema_strategy.go:114","msg":"Strategy warming up","strategy":"MACD_EMA_BTCUSDT_1m","current_klines":20,"required_klines":45,"progress_percent":44.44444444444444}
{"level":"INFO","time":"2025-12-05T14:24:36.555Z","caller":"strategy/macd_ema_strategy.go:114","msg":"Strategy warming up","strategy":"MACD_EMA_BTCUSDT_1m","current_klines":30,"required_klines":45,"progress_percent":66.66666666666666}
{"level":"INFO","time":"2025-12-05T14:24:36.556Z","caller":"strategy/macd_ema_strategy.go:114","msg":"Strategy warming up","strategy":"MACD_EMA_BTCUSDT_1m","current_klines":40,"required_klines":45,"progress_percent":88.88888888888889}
{"level":"INFO","time":"2025-12-05T14:24:36.556Z","caller":"strategy/macd_ema_strategy.go:104","msg":"✅ Strategy warmed up","strategy":"MACD_EMA_BTCUSDT_1m","klines":45}
{"level":"INFO","time":"2025-12-05T14:24:36.556Z","caller":"live-trading/main.go:138","msg":"✅ Strategy warmed up with REST API","symbol":"BTCUSDT","interval":"1m","klines":45}
{"level":"INFO","time":"2025-12-05T14:24:36.557Z","caller":"live-trading/main.go:159","msg":"✅ Strategy started","symbol":"BTCUSDT","interval":"1m","strategy":"MACD(16,26,9) + EMA(5,15) + VWAP(8)"}
{"level":"INFO","time":"2025-12-05T14:24:36.557Z","caller":"live-trading/main.go:102","msg":"Warming up strategy using REST API","symbol":"ETHUSDT","interval":"1m","required_klines":45}
{"level":"INFO","time":"2025-12-05T14:24:36.841Z","caller":"strategy/macd_ema_strategy.go:114","msg":"Strategy warming up","strategy":"MACD_EMA_ETHUSDT_1m","current_klines":1,"required_klines":45,"progress_percent":2.2222222222222223}
{"level":"INFO","time":"2025-12-05T14:24:36.841Z","caller":"strategy/macd_ema_strategy.go:114","msg":"Strategy warming up","strategy":"MACD_EMA_ETHUSDT_1m","current_klines":10,"required_klines":45,"progress_percent":22.22222222222222}
{"level":"INFO","time":"2025-12-05T14:24:36.841Z","caller":"strategy/macd_ema_strategy.go:114","msg":"Strategy warming up","strategy":"MACD_EMA_ETHUSDT_1m","current_klines":20,"required_klines":45,"progress_percent":44.44444444444444}
{"level":"INFO","time":"2025-12-05T14:24:36.841Z","caller":"strategy/macd_ema_strategy.go:114","msg":"Strategy warming up","strategy":"MACD_EMA_ETHUSDT_1m","current_klines":30,"required_klines":45,"progress_percent":66.66666666666666}
{"level":"INFO","time":"2025-12-05T14:24:36.842Z","caller":"strategy/macd_ema_strategy.go:114","msg":"Strategy warming up","strategy":"MACD_EMA_ETHUSDT_1m","current_klines":40,"required_klines":45,"progress_percent":88.88888888888889}
{"level":"INFO","time":"2025-12-05T14:24:36.842Z","caller":"strategy/macd_ema_strategy.go:104","msg":"✅ Strategy warmed up","strategy":"MACD_EMA_ETHUSDT_1m","klines":45}
{"level":"INFO","time":"2025-12-05T14:24:36.842Z","caller":"live-trading/main.go:138","msg":"✅ Strategy warmed up with REST API","symbol":"ETHUSDT","interval":"1m","klines":45}
{"level":"INFO","time":"2025-12-05T14:24:36.843Z","caller":"live-trading/main.go:159","msg":"✅ Strategy started","symbol":"ETHUSDT","interval":"1m","strategy":"MACD(16,26,9) + EMA(5,15) + VWAP(8)"}
{"level":"INFO","time":"2025-12-05T14:28:01.018Z","caller":"position/manager.go:305","msg":"Creating order","symbol":"BTCUSDT","signal_type":"OPEN_LONG","account_balance":5000,"usdt_amount":250,"leverage":5,"margin_mode":"ISOLATED"}
{"level":"INFO","time":"2025-12-05T14:33:33.500Z","caller":"live-trading/main.go:34","msg":"🚀 Starting trading bot","mode":"live","session_id":"20251205_143333","session_dir":"logs/session_20251205_143333"}
{"level":"INFO","time":"2025-12-05T14:33:33.502Z","caller":"live-trading/main.go:46","msg":"✅ Config loaded","mode":"live","leverage":5}
{"level":"INFO","time":"2025-12-05T14:33:34.418Z","caller":"live-trading/main.go:102","msg":"Warming up strategy using REST API","symbol":"BTCUSDT","interval":"1m","required_klines":45}
{"level":"INFO","time":"2025-12-05T14:33:34.847Z","caller":"strategy/macd_ema_strategy.go:114","msg":"Strategy warming up","strategy":"MACD_EMA_BTCUSDT_1m","current_klines":1,"required_klines":45,"progress_percent":2.2222222222222223}
{"level":"INFO","time":"2025-12-05T14:33:34.847Z","caller":"strategy/macd_ema_strategy.go:114","msg":"Strategy warming up","strategy":"MACD_EMA_BTCUSDT_1m","current_klines":10,"required_klines":45,"progress_percent":22.22222222222222}
{"level":"INFO","time":"2025-12-05T14:33:34.847Z","caller":"strategy/macd_ema_strategy.go:114","msg":"Strategy warming up","strategy":"MACD_EMA_BTCUSDT_1m","current_klines":20,"required_klines":45,"progress_percent":44.44444444444444}
{"level":"INFO","time":"2025-12-05T14:33:34.847Z","caller":"strategy/macd_ema_strategy.go:114","msg":"Strategy warming up","strategy":"MACD_EMA_BTCUSDT_1m","current_klines":30,"required_klines":45,"progress_percent":66.66666666666666}
{"level":"INFO","time":"2025-12-05T14:33:34.847Z","caller":"strategy/macd_ema_strategy.go:114","msg":"Strategy warming up","strategy":"MACD_EMA_BTCUSDT_1m","current_klines":40,"required_klines":45,"progress_percent":88.88888888888889}
{"level":"INFO","time":"2025-12-05T14:33:34.847Z","caller":"strategy/macd_ema_strategy.go:104","msg":"✅ Strategy warmed up","strategy":"MACD_EMA_BTCUSDT_1m","klines":45}
{"level":"INFO","time":"2025-12-05T14:33:34.847Z","caller":"live-trading/main.go:138","msg":"✅ Strategy warmed up with REST API","symbol":"BTCUSDT","interval":"1m","klines":45}
{"level":"INFO","time":"2025-12-05T14:33:34.848Z","caller":"live-trading/main.go:159","msg":"✅ Strategy started","symbol":"BTCUSDT","interval":"1m","strategy":"MACD(16,26,9) + EMA(5,15) + VWAP(8)"}
{"level":"INFO","time":"2025-12-05T14:33:34.848Z","caller":"live-trading/main.go:102","msg":"Warming up strategy using REST API","symbol":"ETHUSDT","interval":"1m","required_klines":45}
{"level":"INFO","time":"2025-12-05T14:33:35.120Z","caller":"strategy/macd_ema_strategy.go:114","msg":"Strategy warming up","strategy":"MACD_EMA_ETHUSDT_1m","current_klines":1,"required_klines":45,"progress_percent":2.2222222222222223}
{"level":"INFO","time":"2025-12-05T14:33:35.120Z","caller":"strategy/macd_ema_strategy.go:114","msg":"Strategy warming up","strategy":"MACD_EMA_ETHUSDT_1m","current_klines":10,"required_klines":45,"progress_percent":22.22222222222222}
{"level":"INFO","time":"2025-12-05T14:33:35.121Z","caller":"strategy/macd_ema_strategy.go:114","msg":"Strategy warming up","strategy":"MACD_EMA_ETHUSDT_1m","current_klines":20,"required_klines":45,"progress_percent":44.44444444444444}
{"level":"INFO","time":"2025-12-05T14:33:35.121Z","caller":"strategy/macd_ema_strategy.go:114","msg":"Strategy warming up","strategy":"MACD_EMA_ETHUSDT_1m","current_klines":30,"required_klines":45,"progress_percent":66.66666666666666}
{"level":"INFO","time":"2025-12-05T14:33:35.122Z","caller":"strategy/macd_ema_strategy.go:114","msg":"Strategy warming up","strategy":"MACD_EMA_ETHUSDT_1m","current_klines":40,"required_klines":45,"progress_percent":88.88888888888889}
{"level":"INFO","time":"2025-12-05T14:33:35.122Z","caller":"strategy/macd_ema_strategy.go:104","msg":"✅ Strategy warmed up","strategy":"MACD_EMA_ETHUSDT_1m","klines":45}
{"level":"INFO","time":"2025-12-05T14:33:35.122Z","caller":"live-trading/main.go:138","msg":"✅ Strategy warmed up with REST API","symbol":"ETHUSDT","interval":"1m","klines":45}
{"level":"INFO","time":"2025-12-05T14:33:35.124Z","caller":"live-trading/main.go:159","msg":"✅ Strategy started","symbol":"ETHUSDT","interval":"1m","strategy":"MACD(16,26,9) + EMA(5,15) + VWAP(8)"}
{"level":"INFO","time":"2025-12-05T14:38:00.895Z","caller":"position/manager.go:305","msg":"Creating order","symbol":"BTCUSDT","signal_type":"OPEN_SHORT","account_balance":5000,"usdt_amount":250,"current_price":90286.4,"leverage":5,"margin_mode":"ISOLATED"}
{"level":"INFO","time":"2025-12-05T14:38:00.895Z","caller":"position/manager.go:319","msg":"Calculated order quantity","quantity":0.01384483155824133,"usdt_amount":250,"leverage":5,"price":90286.4}
{"level":"INFO","time":"2025-12-05T14:39:00.080Z","caller":"position/manager.go:98","msg":"Strong signal detected, adding to position","symbol":"BTCUSDT","signal_type":"OPEN_SHORT","position_side":"SHORT"}
{"level":"INFO","time":"2025-12-05T14:39:00.518Z","caller":"position/manager.go:305","msg":"Creating order","symbol":"BTCUSDT","signal_type":"OPEN_SHORT","account_balance":4747.17528,"usdt_amount":237.35876400000004,"current_price":90212.3,"leverage":5,"margin_mode":"ISOLATED"}
{"level":"INFO","time":"2025-12-05T14:39:00.518Z","caller":"position/manager.go:319","msg":"Calculated order quantity","quantity":0.013155565482755678,"usdt_amount":237.35876400000004,"leverage":5,"price":90212.3}
{"level":"INFO","time":"2025-12-05T14:39:00.814Z","caller":"position/manager.go:305","msg":"Creating order","symbol":"ETHUSDT","signal_type":"OPEN_SHORT","account_balance":4512.49092,"usdt_amount":225.624546,"current_price":3100.12,"leverage":5,"margin_mode":"ISOLATED"}
{"level":"INFO","time":"2025-12-05T14:39:00.814Z","caller":"position/manager.go:319","msg":"Calculated order quantity","quantity":0.3638964717494807,"usdt_amount":225.624546,"leverage":5,"price":3100.12}
{"level":"INFO","time":"2025-12-05T14:40:00.086Z","caller":"position/manager.go:98","msg":"Strong signal detected, adding to position","symbol":"ETHUSDT","signal_type":"OPEN_SHORT","position_side":"SHORT"}
{"level":"INFO","time":"2025-12-05T14:40:00.397Z","caller":"position/manager.go:305","msg":"Creating order","symbol":"ETHUSDT","signal_type":"OPEN_SHORT","account_balance":4286.68424812,"usdt_amount":214.334212406,"current_price":3092.23,"leverage":5,"margin_mode":"ISOLATED"}
{"level":"INFO","time":"2025-12-05T14:40:00.397Z","caller":"position/manager.go:319","msg":"Calculated order quantity","quantity":0.34656900102191623,"usdt_amount":214.334212406,"leverage":5,"price":3092.23}
{"level":"INFO","time":"2025-12-05T14:40:00.397Z","caller":"position/manager.go:98","msg":"Strong signal detected, adding to position","symbol":"BTCUSDT","signal_type":"OPEN_SHORT","position_side":"SHORT"}
{"level":"INFO","time":"2025-12-05T14:40:00.727Z","caller":"position/manager.go:305","msg":"Creating order","symbol":"BTCUSDT","signal_type":"OPEN_SHORT","account_balance":4286.68424812,"usdt_amount":214.334212406,"current_price":90114.1,"leverage":5,"margin_mode":"ISOLATED"}
{"level":"INFO","time":"2025-12-05T14:40:00.727Z","caller":"position/manager.go:319","msg":"Calculated order quantity","quantity":0.011892379350512294,"usdt_amount":214.334212406,"leverage":5,"price":90114.1}
{"level":"INFO","time":"2025-12-05T14:41:00.116Z","caller":"position/manager.go:98","msg":"Strong signal detected, adding to position","symbol":"BTCUSDT","signal_type":"OPEN_SHORT","position_side":"SHORT"}
{"level":"INFO","time":"2025-12-05T14:41:00.228Z","caller":"position/manager.go:305","msg":"Creating order","symbol":"BTCUSDT","signal_type":"OPEN_SHORT","account_balance":3855.04999224,"usdt_amount":192.752499612,"current_price":90081.3,"leverage":5,"margin_mode":"ISOLATED"}
{"level":"INFO","time":"2025-12-05T14:41:00.228Z","caller":"position/manager.go:319","msg":"Calculated order quantity","quantity":0.010698807611124617,"usdt_amount":192.752499612,"leverage":5,"price":90081.3}
{"level":"INFO","time":"2025-12-05T14:41:00.228Z","caller":"position/manager.go:98","msg":"Strong signal detected, adding to position","symbol":"ETHUSDT","signal_type":"OPEN_SHORT","position_side":"SHORT"}
{"level":"INFO","time":"2025-12-05T14:41:00.488Z","caller":"position/manager.go:305","msg":"Creating order","symbol":"ETHUSDT","signal_type":"OPEN_SHORT","account_balance":3656.82951224,"usdt_amount":182.841475612,"current_price":3089.29,"leverage":5,"margin_mode":"ISOLATED"}
{"level":"INFO","time":"2025-12-05T14:41:00.488Z","caller":"position/manager.go:319","msg":"Calculated order quantity","quantity":0.295927989298512,"usdt_amount":182.841475612,"leverage":5,"price":3089.29}
{"level":"INFO","time":"2025-12-05T14:42:00.085Z","caller":"position/manager.go:98","msg":"Strong signal detected, adding to position","symbol":"ETHUSDT","signal_type":"OPEN_SHORT","position_side":"SHORT"}
{"level":"INFO","time":"2025-12-05T14:42:00.269Z","caller":"position/manager.go:305","msg":"Creating order","symbol":"ETHUSDT","signal_type":"OPEN_SHORT","account_balance":3473.79257025,"usdt_amount":173.6896285125,"current_price":3089.13,"leverage":5,"margin_mode":"ISOLATED"}
{"level":"INFO","time":"2025-12-05T14:42:00.269Z","caller":"position/manager.go:319","msg":"Calculated order quantity","quantity":0.2811303320230939,"usdt_amount":173.6896285125,"leverage":5,"price":3089.13}
{"level":"INFO","time":"2025-12-05T14:47:00.747Z","caller":"position/manager.go:305","msg":"Creating order","symbol":"BTCUSDT","signal_type":"OPEN_LONG","account_balance":3300.02160826,"usdt_amount":165.001080413,"current_price":90337.6,"leverage":5,"margin_mode":"ISOLATED"}
{"level":"INFO","time":"2025-12-05T14:47:00.748Z","caller":"position/manager.go:319","msg":"Calculated order quantity","quantity":0.009132469780744673,"usdt_amount":165.001080413,"leverage":5,"price":90337.6}
{"level":"INFO","time":"2025-12-05T14:49:00.196Z","caller":"position/manager.go:98","msg":"Strong signal detected, adding to position","symbol":"ETHUSDT","signal_type":"OPEN_SHORT","position_side":"SHORT"}
{"level":"INFO","time":"2025-12-05T14:49:00.743Z","caller":"position/manager.go:305","msg":"Creating order","symbol":"ETHUSDT","signal_type":"OPEN_SHORT","account_balance":3460.93501539,"usdt_amount":173.04675076950002,"current_price":3088.72,"leverage":5,"margin_mode":"ISOLATED"}
{"level":"INFO","time":"2025-12-05T14:49:00.744Z","caller":"position/manager.go:319","msg":"Calculated order quantity","quantity":0.2801269632234389,"usdt_amount":173.04675076950002,"leverage":5,"price":3088.72}
{"level":"INFO","time":"2025-12-05T14:50:00.095Z","caller":"position/manager.go:98","msg":"Strong signal detected, adding to position","symbol":"BTCUSDT","signal_type":"OPEN_SHORT","position_side":"SHORT"}
{"level":"INFO","time":"2025-12-05T14:50:00.703Z","caller":"position/manager.go:305","msg":"Creating order","symbol":"BTCUSDT","signal_type":"OPEN_SHORT","account_balance":3287.89109539,"usdt_amount":164.39455476950002,"current_price":90054.1,"leverage":5,"margin_mode":"ISOLATED"}
{"level":"INFO","time":"2025-12-05T14:50:00.703Z","caller":"position/manager.go:319","msg":"Calculated order quantity","quantity":0.009127544152320661,"usdt_amount":164.39455476950002,"leverage":5,"price":90054.1}
{"level":"INFO","time":"2025-12-05T14:50:00.704Z","caller":"position/manager.go:98","msg":"Strong signal detected, adding to position","symbol":"ETHUSDT","signal_type":"OPEN_SHORT","position_side":"SHORT"}
{"level":"INFO","time":"2025-12-05T14:50:01.051Z","caller":"position/manager.go:305","msg":"Creating order","symbol":"ETHUSDT","signal_type":"OPEN_SHORT","account_balance":3125.84907541,"usdt_amount":156.2924537705,"current_price":3092.25,"leverage":5,"margin_mode":"ISOLATED"}
{"level":"INFO","time":"2025-12-05T14:50:01.051Z","caller":"position/manager.go:319","msg":"Calculated order quantity","quantity":0.2527163938402458,"usdt_amount":156.2924537705,"leverage":5,"price":3092.25}
{"level":"INFO","time":"2025-12-05T14:51:00.125Z","caller":"position/manager.go:98","msg":"Strong signal detected, adding to position","symbol":"BTCUSDT","signal_type":"OPEN_SHORT","position_side":"SHORT"}
{"level":"INFO","time":"2025-12-05T14:51:00.450Z","caller":"position/manager.go:305","msg":"Creating order","symbol":"BTCUSDT","signal_type":"OPEN_SHORT","account_balance":2968.80590342,"usdt_amount":148.440295171,"current_price":89972.3,"leverage":5,"margin_mode":"ISOLATED"}
{"level":"INFO","time":"2025-12-05T14:51:00.450Z","caller":"position/manager.go:319","msg":"Calculated order quantity","quantity":0.008249221992268732,"usdt_amount":148.440295171,"leverage":5,"price":89972.3}
{"level":"INFO","time":"2025-12-05T14:51:00.450Z","caller":"position/manager.go:98","msg":"Strong signal detected, adding to position","symbol":"ETHUSDT","signal_type":"OPEN_SHORT","position_side":"SHORT"}
{"level":"INFO","time":"2025-12-05T14:51:00.674Z","caller":"position/manager.go:305","msg":"Creating order","symbol":"ETHUSDT","signal_type":"OPEN_SHORT","account_balance":2968.80590342,"usdt_amount":148.440295171,"current_price":3089.17,"leverage":5,"margin_mode":"ISOLATED"}
{"level":"INFO","time":"2025-12-05T14:51:00.674Z","caller":"position/manager.go:319","msg":"Calculated order quantity","quantity":0.24025918801975935,"usdt_amount":148.440295171,"leverage":5,"price":3089.17}
{"level":"INFO","time":"2025-12-05T14:52:00.144Z","caller":"position/manager.go:98","msg":"Strong signal detected, adding to position","symbol":"BTCUSDT","signal_type":"OPEN_SHORT","position_side":"SHORT"}
{"level":"INFO","time":"2025-12-05T14:52:00.256Z","caller":"position/manager.go:305","msg":"Creating order","symbol":"BTCUSDT","signal_type":"OPEN_SHORT","account_balance":2676.46056944,"usdt_amount":133.823028472,"current_price":89983.6,"leverage":5,"margin_mode":"ISOLATED"}
{"level":"INFO","time":"2025-12-05T14:52:00.256Z","caller":"position/manager.go:319","msg":"Calculated order quantity","quantity":0.007435967691445997,"usdt_amount":133.823028472,"leverage":5,"price":89983.6}
{"level":"INFO","time":"2025-12-05T14:52:00.256Z","caller":"position/manager.go:98","msg":"Strong signal detected, adding to position","symbol":"ETHUSDT","signal_type":"OPEN_SHORT","position_side":"SHORT"}
{"level":"INFO","time":"2025-12-05T14:52:00.533Z","caller":"position/manager.go:305","msg":"Creating order","symbol":"ETHUSDT","signal_type":"OPEN_SHORT","account_balance":2676.46056944,"usdt_amount":133.823028472,"current_price":3089.99,"leverage":5,"margin_mode":"ISOLATED"}
{"level":"INFO","time":"2025-12-05T14:52:00.533Z","caller":"position/manager.go:319","msg":"Calculated order quantity","quantity":0.2165428180544274,"usdt_amount":133.823028472,"leverage":5,"price":3089.99}
{"level":"INFO","time":"2025-12-05T14:53:00.201Z","caller":"position/manager.go:98","msg":"Strong signal detected, adding to position","symbol":"ETHUSDT","signal_type":"OPEN_SHORT","position_side":"SHORT"}
{"level":"INFO","time":"2025-12-05T14:53:00.299Z","caller":"position/manager.go:305","msg":"Creating order","symbol":"ETHUSDT","signal_type":"OPEN_SHORT","account_balance":2416.25709918,"usdt_amount":120.81285495899999,"current_price":3098.5,"leverage":5,"margin_mode":"ISOLATED"}
{"level":"INFO","time":"2025-12-05T14:53:00.299Z","caller":"position/manager.go:319","msg":"Calculated order quantity","quantity":0.1949537759544941,"usdt_amount":120.81285495899999,"leverage":5,"price":3098.5}
{"level":"INFO","time":"2025-12-05T14:53:00.392Z","caller":"position/manager.go:98","msg":"Strong signal detected, adding to position","symbol":"BTCUSDT","signal_type":"OPEN_SHORT","position_side":"SHORT"}
{"level":"INFO","time":"2025-12-05T14:53:00.613Z","caller":"position/manager.go:305","msg":"Creating order","symbol":"BTCUSDT","signal_type":"OPEN_SHORT","account_balance":2294.13447995,"usdt_amount":114.70672399749999,"current_price":90132.6,"leverage":5,"margin_mode":"ISOLATED"}
{"level":"INFO","time":"2025-12-05T14:53:00.613Z","caller":"position/manager.go:319","msg":"Calculated order quantity","quantity":0.006363220632573563,"usdt_amount":114.70672399749999,"leverage":5,"price":90132.6}
{"level":"INFO","time":"2025-12-05T14:54:00.479Z","caller":"position/manager.go:305","msg":"Creating order","symbol":"ETHUSDT","signal_type":"OPEN_LONG","account_balance":2185.21107995,"usdt_amount":109.26055399750001,"current_price":3101.35,"leverage":5,"margin_mode":"ISOLATED"}
{"level":"INFO","time":"2025-12-05T14:54:00.479Z","caller":"position/manager.go:319","msg":"Calculated order quantity","quantity":0.1761499895166621,"usdt_amount":109.26055399750001,"leverage":5,"price":3101.35}
{"level":"INFO","time":"2025-12-05T14:55:01.974Z","caller":"position/manager.go:305","msg":"Creating order","symbol":"BTCUSDT","signal_type":"OPEN_LONG","account_balance":2292.68798269,"usdt_amount":114.6343991345,"current_price":90184.5,"leverage":5,"margin_mode":"ISOLATED"}
{"level":"INFO","time":"2025-12-05T14:55:01.974Z","caller":"position/manager.go:319","msg":"Calculated order quantity","quantity":0.006355548854542632,"usdt_amount":114.6343991345,"leverage":5,"price":90184.5}
{"level":"INFO","time":"2025-12-05T14:55:03.143Z","caller":"position/manager.go:305","msg":"Creating order","symbol":"ETHUSDT","signal_type":"OPEN_LONG","account_balance":2399.94231471,"usdt_amount":119.99711573550002,"current_price":3101.23,"leverage":5,"margin_mode":"ISOLATED"}
{"level":"INFO","time":"2025-12-05T14:55:03.143Z","caller":"position/manager.go:319","msg":"Calculated order quantity","quantity":0.1934669723553236,"usdt_amount":119.99711573550002,"leverage":5,"price":3101.23}
{"level":"INFO","time":"2025-12-05T14:56:00.274Z","caller":"position/manager.go:305","msg":"Creating order","symbol":"BTCUSDT","signal_type":"OPEN_LONG","account_balance":2517.45683178,"usdt_amount":125.872841589,"current_price":90195.6,"leverage":5,"margin_mode":"ISOLATED"}
{"level":"INFO","time":"2025-12-05T14:56:00.274Z","caller":"position/manager.go:319","msg":"Calculated order quantity","quantity":0.006977770622347431,"usdt_amount":125.872841589,"leverage":5,"price":90195.6}
{"level":"INFO","time":"2025-12-05T14:56:01.510Z","caller":"position/manager.go:305","msg":"Creating order","symbol":"ETHUSDT","signal_type":"OPEN_LONG","account_balance":2517.45683178,"usdt_amount":125.872841589,"current_price":3103.01,"leverage":5,"margin_mode":"ISOLATED"}
{"level":"INFO","time":"2025-12-05T14:56:01.510Z","caller":"position/manager.go:319","msg":"Calculated order quantity","quantity":0.20282377689565936,"usdt_amount":125.872841589,"leverage":5,"price":3103.01}
{"level":"INFO","time":"2025-12-05T14:57:00.284Z","caller":"position/manager.go:305","msg":"Creating order","symbol":"BTCUSDT","signal_type":"OPEN_LONG","account_balance":2766.95816497,"usdt_amount":138.3479082485,"current_price":90210.5,"leverage":5,"margin_mode":"ISOLATED"}
{"level":"INFO","time":"2025-12-05T14:57:00.284Z","caller":"position/manager.go:319","msg":"Calculated order quantity","quantity":0.007668060161982253,"usdt_amount":138.3479082485,"leverage":5,"price":90210.5}
{"level":"INFO","time":"2025-12-05T14:57:00.731Z","caller":"position/manager.go:305","msg":"Creating order","symbol":"ETHUSDT","signal_type":"OPEN_LONG","account_balance":2909.79827474,"usdt_amount":145.48991373700002,"current_price":3103.11,"leverage":5,"margin_mode":"ISOLATED"}
{"level":"INFO","time":"2025-12-05T14:57:00.731Z","caller":"position/manager.go:319","msg":"Calculated order quantity","quantity":0.23442596900689958,"usdt_amount":145.48991373700002,"leverage":5,"price":3103.11}
{"level":"INFO","time":"2025-12-05T14:58:00.254Z","caller":"position/manager.go:305","msg":"Creating order","symbol":"ETHUSDT","signal_type":"OPEN_LONG","account_balance":3051.67553505,"usdt_amount":152.5837767525,"current_price":3101.43,"leverage":5,"margin_mode":"ISOLATED"}
{"level":"INFO","time":"2025-12-05T14:58:00.254Z","caller":"position/manager.go:319","msg":"Calculated order quantity","quantity":0.24598939320329655,"usdt_amount":152.5837767525,"leverage":5,"price":3101.43}
{"level":"INFO","time":"2025-12-05T14:58:00.473Z","caller":"position/manager.go:305","msg":"Creating order","symbol":"BTCUSDT","signal_type":"OPEN_LONG","account_balance":3051.67553505,"usdt_amount":152.5837767525,"current_price":90205.6,"leverage":5,"margin_mode":"ISOLATED"}
{"level":"INFO","time":"2025-12-05T14:58:00.473Z","caller":"position/manager.go:319","msg":"Calculated order quantity","quantity":0.008457555670185664,"usdt_amount":152.5837767525,"leverage":5,"price":90205.6}
{"level":"INFO","time":"2025-12-05T14:59:00.619Z","caller":"position/manager.go:305","msg":"Creating order","symbol":"BTCUSDT","signal_type":"OPEN_LONG","account_balance":3343.59528559,"usdt_amount":167.1797642795,"current_price":90215.9,"leverage":5,"margin_mode":"ISOLATED"}
{"level":"INFO","time":"2025-12-05T14:59:00.619Z","caller":"position/manager.go:319","msg":"Calculated order quantity","quantity":0.009265537686788028,"usdt_amount":167.1797642795,"leverage":5,"price":90215.9}
{"level":"INFO","time":"2025-12-05T14:59:00.963Z","caller":"position/manager.go:305","msg":"Creating order","symbol":"ETHUSDT","signal_type":"OPEN_LONG","account_balance":3343.59528559,"usdt_amount":167.1797642795,"current_price":3101.73,"leverage":5,"margin_mode":"ISOLATED"}
{"level":"INFO","time":"2025-12-05T14:59:00.963Z","caller":"position/manager.go:319","msg":"Calculated order quantity","quantity":0.26949438584193336,"usdt_amount":167.1797642795,"leverage":5,"price":3101.73}
{"level":"INFO","time":"2025-12-05T15:00:00.274Z","caller":"position/manager.go:305","msg":"Creating order","symbol":"ETHUSDT","signal_type":"OPEN_LONG","account_balance":3667.57583107,"usdt_amount":183.3787915535,"current_price":3102.43,"leverage":5,"margin_mode":"ISOLATED"}
{"level":"INFO","time":"2025-12-05T15:00:00.274Z","caller":"position/manager.go:319","msg":"Calculated order quantity","quantity":0.2955405787616482,"usdt_amount":183.3787915535,"leverage":5,"price":3102.43}
{"level":"INFO","time":"2025-12-05T15:00:01.269Z","caller":"position/manager.go:305","msg":"Creating order","symbol":"BTCUSDT","signal_type":"OPEN_LONG","account_balance":3847.04432505,"usdt_amount":192.35221625250003,"current_price":90246,"leverage":5,"margin_mode":"ISOLATED"}
{"level":"INFO","time":"2025-12-05T15:00:01.269Z","caller":"position/manager.go:319","msg":"Calculated order quantity","quantity":0.010657104816418458,"usdt_amount":192.35221625250003,"leverage":5,"price":90246}
{"level":"INFO","time":"2025-12-05T15:02:00.481Z","caller":"position/manager.go:305","msg":"Creating order","symbol":"ETHUSDT","signal_type":"OPEN_LONG","account_balance":4043.55311742,"usdt_amount":202.177655871,"current_price":3106.91,"leverage":5,"margin_mode":"ISOLATED"}
{"level":"INFO","time":"2025-12-05T15:02:00.481Z","caller":"position/manager.go:319","msg":"Calculated order quantity","quantity":0.3253677381562389,"usdt_amount":202.177655871,"leverage":5,"price":3106.91}
{"level":"INFO","time":"2025-12-05T15:02:00.593Z","caller":"position/manager.go:305","msg":"Creating order","symbol":"BTCUSDT","signal_type":"OPEN_LONG","account_balance":4043.55311742,"usdt_amount":202.177655871,"current_price":90421.5,"leverage":5,"margin_mode":"ISOLATED"}
{"level":"INFO","time":"2025-12-05T15:02:00.593Z","caller":"position/manager.go:319","msg":"Calculated order quantity","quantity":0.011179733573928768,"usdt_amount":202.177655871,"leverage":5,"price":90421.5}
{"level":"INFO","time":"2025-12-05T15:05:00.777Z","caller":"position/manager.go:305","msg":"Creating order","symbol":"BTCUSDT","signal_type":"OPEN_LONG","account_balance":4434.69341807,"usdt_amount":221.73467090350002,"current_price":91140.8,"leverage":5,"margin_mode":"ISOLATED"}
{"level":"INFO","time":"2025-12-05T15:05:00.777Z","caller":"position/manager.go:319","msg":"Calculated order quantity","quantity":0.012164402271183707,"usdt_amount":221.73467090350002,"leverage":5,"price":91140.8}
{"level":"INFO","time":"2025-12-05T15:07:00.065Z","caller":"position/manager.go:98","msg":"Strong signal detected, adding to position","symbol":"BTCUSDT","signal_type":"OPEN_LONG","position_side":"LONG"}
{"level":"INFO","time":"2025-12-05T15:07:00.685Z","caller":"position/manager.go:305","msg":"Creating order","symbol":"BTCUSDT","signal_type":"OPEN_LONG","account_balance":4603.46888663,"usdt_amount":230.17344433150004,"current_price":91253.8,"leverage":5,"margin_mode":"ISOLATED"}
{"level":"INFO","time":"2025-12-05T15:07:00.685Z","caller":"position/manager.go:319","msg":"Calculated order quantity","quantity":0.012611718324688945,"usdt_amount":230.17344433150004,"leverage":5,"price":91253.8}
{"level":"INFO","time":"2025-12-05T15:07:01.184Z","caller":"position/manager.go:305","msg":"Creating order","symbol":"ETHUSDT","signal_type":"OPEN_LONG","account_balance":4366.30294663,"usdt_amount":218.31514733150004,"current_price":3146.17,"leverage":5,"margin_mode":"ISOLATED"}
{"level":"INFO","time":"2025-12-05T15:07:01.184Z","caller":"position/manager.go:319","msg":"Calculated order quantity","quantity":0.34695383169297916,"usdt_amount":218.31514733150004,"leverage":5,"price":3146.17}
{"level":"INFO","time":"2025-12-05T15:08:00.432Z","caller":"position/manager.go:305","msg":"Creating order","symbol":"ETHUSDT","signal_type":"OPEN_LONG","account_balance":4559.33990849,"usdt_amount":227.96699542450003,"current_price":3135.9,"leverage":5,"margin_mode":"ISOLATED"}
{"level":"INFO","time":"2025-12-05T15:08:00.432Z","caller":"position/manager.go:319","msg":"Calculated order quantity","quantity":0.3634793766135719,"usdt_amount":227.96699542450003,"leverage":5,"price":3135.9}
{"level":"INFO","time":"2025-12-05T15:08:00.432Z","caller":"position/manager.go:98","msg":"Strong signal detected, adding to position","symbol":"BTCUSDT","signal_type":"OPEN_LONG","position_side":"LONG"}
{"level":"INFO","time":"2025-12-05T15:08:00.713Z","caller":"position/manager.go:305","msg":"Creating order","symbol":"BTCUSDT","signal_type":"OPEN_LONG","account_balance":4559.33990849,"usdt_amount":227.96699542450003,"current_price":91003.1,"leverage":5,"margin_mode":"ISOLATED"}
{"level":"INFO","time":"2025-12-05T15:08:00.713Z","caller":"position/manager.go:319","msg":"Calculated order quantity","quantity":0.012525232405516954,"usdt_amount":227.96699542450003,"leverage":5,"price":91003.1}
{"level":"INFO","time":"2025-12-05T15:09:00.220Z","caller":"position/manager.go:305","msg":"Creating order","symbol":"ETHUSDT","signal_type":"OPEN_SHORT","account_balance":4314.76164021,"usdt_amount":215.73808201050002,"current_price":3132.89,"leverage":5,"margin_mode":"ISOLATED"}
{"level":"INFO","time":"2025-12-05T15:09:00.220Z","caller":"position/manager.go:319","msg":"Calculated order quantity","quantity":0.3443116132556522,"usdt_amount":215.73808201050002,"leverage":5,"price":3132.89}
{"level":"INFO","time":"2025-12-05T15:14:00.747Z","caller":"position/manager.go:305","msg":"Creating order","symbol":"ETHUSDT","signal_type":"OPEN_LONG","account_balance":4323.15165661,"usdt_amount":216.15758283050002,"current_price":3140.08,"leverage":5,"margin_mode":"ISOLATED"}
{"level":"INFO","time":"2025-12-05T15:14:00.747Z","caller":"position/manager.go:319","msg":"Calculated order quantity","quantity":0.344191203457396,"usdt_amount":216.15758283050002,"leverage":5,"price":3140.08}
{"level":"INFO","time":"2025-12-05T15:15:00.167Z","caller":"position/manager.go:98","msg":"Strong signal detected, adding to position","symbol":"ETHUSDT","signal_type":"OPEN_LONG","position_side":"LONG"}
{"level":"INFO","time":"2025-12-05T15:15:00.827Z","caller":"position/manager.go:305","msg":"Creating order","symbol":"ETHUSDT","signal_type":"OPEN_LONG","account_balance":4313.3729237,"usdt_amount":215.668646185,"current_price":3139.99,"leverage":5,"margin_mode":"ISOLATED"}
{"level":"INFO","time":"2025-12-05T15:15:00.827Z","caller":"position/manager.go:319","msg":"Calculated order quantity","quantity":0.34342250482485615,"usdt_amount":215.668646185,"leverage":5,"price":3139.99}
{"level":"INFO","time":"2025-12-05T15:15:00.827Z","caller":"position/manager.go:98","msg":"Strong signal detected, adding to position","symbol":"BTCUSDT","signal_type":"OPEN_LONG","position_side":"LONG"}
{"level":"INFO","time":"2025-12-05T15:15:01.256Z","caller":"position/manager.go:305","msg":"Creating order","symbol":"BTCUSDT","signal_type":"OPEN_LONG","account_balance":4313.3729237,"usdt_amount":215.668646185,"current_price":90994.6,"leverage":5,"margin_mode":"ISOLATED"}
{"level":"INFO","time":"2025-12-05T15:15:01.256Z","caller":"position/manager.go:319","msg":"Calculated order quantity","quantity":0.011850628838689328,"usdt_amount":215.668646185,"leverage":5,"price":90994.6}
{"level":"INFO","time":"2025-12-05T15:16:00.101Z","caller":"position/manager.go:98","msg":"Strong signal detected, adding to position","symbol":"BTCUSDT","signal_type":"OPEN_LONG","position_side":"LONG"}
{"level":"INFO","time":"2025-12-05T15:16:00.543Z","caller":"position/manager.go:305","msg":"Creating order","symbol":"BTCUSDT","signal_type":"OPEN_LONG","account_balance":3879.8200537,"usdt_amount":193.991002685,"current_price":91038.9,"leverage":5,"margin_mode":"ISOLATED"}
{"level":"INFO","time":"2025-12-05T15:16:00.543Z","caller":"position/manager.go:319","msg":"Calculated order quantity","quantity":0.01065429188429342,"usdt_amount":193.991002685,"leverage":5,"price":91038.9}
{"level":"INFO","time":"2025-12-05T15:16:00.543Z","caller":"position/manager.go:98","msg":"Strong signal detected, adding to position","symbol":"ETHUSDT","signal_type":"OPEN_LONG","position_side":"LONG"}
{"level":"INFO","time":"2025-12-05T15:16:00.756Z","caller":"position/manager.go:305","msg":"Creating order","symbol":"ETHUSDT","signal_type":"OPEN_LONG","account_balance":3879.8200537,"usdt_amount":193.991002685,"current_price":3143.04,"leverage":5,"margin_mode":"ISOLATED"}
{"level":"INFO","time":"2025-12-05T15:16:00.756Z","caller":"position/manager.go:319","msg":"Calculated order quantity","quantity":0.30860409457881544,"usdt_amount":193.991002685,"leverage":5,"price":3143.04}
{"level":"INFO","time":"2025-12-05T15:17:00.371Z","caller":"position/manager.go:98","msg":"Strong signal detected, adding to position","symbol":"BTCUSDT","signal_type":"OPEN_LONG","position_side":"LONG"}
{"level":"INFO","time":"2025-12-05T15:17:01.218Z","caller":"position/manager.go:305","msg":"Creating order","symbol":"BTCUSDT","signal_type":"OPEN_LONG","account_balance":3485.5649237,"usdt_amount":174.278246185,"current_price":91106.4,"leverage":5,"margin_mode":"ISOLATED"}
{"level":"INFO","time":"2025-12-05T15:17:01.218Z","caller":"position/manager.go:319","msg":"Calculated order quantity","quantity":0.009564544652461298,"usdt_amount":174.278246185,"leverage":5,"price":91106.4}
{"level":"INFO","time":"2025-12-05T15:17:01.218Z","caller":"position/manager.go:98","msg":"Strong signal detected, adding to position","symbol":"ETHUSDT","signal_type":"OPEN_LONG","position_side":"LONG"}
{"level":"INFO","time":"2025-12-05T15:17:02.008Z","caller":"position/manager.go:305","msg":"Creating order","symbol":"ETHUSDT","signal_type":"OPEN_LONG","account_balance":3485.5649237,"usdt_amount":174.278246185,"current_price":3144.78,"leverage":5,"margin_mode":"ISOLATED"}
{"level":"INFO","time":"2025-12-05T15:17:02.008Z","caller":"position/manager.go:319","msg":"Calculated order quantity","quantity":0.2770913166978294,"usdt_amount":174.278246185,"leverage":5,"price":3144.78}
{"level":"INFO","time":"2025-12-05T15:18:00.102Z","caller":"position/manager.go:98","msg":"Strong signal detected, adding to position","symbol":"ETHUSDT","signal_type":"OPEN_LONG","position_side":"LONG"}
{"level":"INFO","time":"2025-12-05T15:18:00.712Z","caller":"position/manager.go:305","msg":"Creating order","symbol":"ETHUSDT","signal_type":"OPEN_LONG","account_balance":3129.19904577,"usdt_amount":156.4599522885,"current_price":3143.3,"leverage":5,"margin_mode":"ISOLATED"}
{"level":"INFO","time":"2025-12-05T15:18:00.712Z","caller":"position/manager.go:319","msg":"Calculated order quantity","quantity":0.24887849121703307,"usdt_amount":156.4599522885,"leverage":5,"price":3143.3}
{"level":"INFO","time":"2025-12-05T15:18:00.713Z","caller":"position/manager.go:98","msg":"Strong signal detected, adding to position","symbol":"BTCUSDT","signal_type":"OPEN_LONG","position_side":"LONG"}
{"level":"INFO","time":"2025-12-05T15:18:01.254Z","caller":"position/manager.go:305","msg":"Creating order","symbol":"BTCUSDT","signal_type":"OPEN_LONG","account_balance":3129.19904577,"usdt_amount":156.4599522885,"current_price":91112.4,"leverage":5,"margin_mode":"ISOLATED"}
{"level":"INFO","time":"2025-12-05T15:18:01.254Z","caller":"position/manager.go:319","msg":"Calculated order quantity","quantity":0.00858609543204328,"usdt_amount":156.4599522885,"leverage":5,"price":91112.4}
{"level":"INFO","time":"2025-12-05T15:20:01.874Z","caller":"position/manager.go:305","msg":"Creating order","symbol":"ETHUSDT","signal_type":"OPEN_SHORT","account_balance":2808.76119045,"usdt_amount":140.4380595225,"current_price":3132.77,"leverage":5,"margin_mode":"ISOLATED"}
{"level":"INFO","time":"2025-12-05T15:20:01.874Z","caller":"position/manager.go:319","msg":"Calculated order quantity","quantity":0.22414358462718298,"usdt_amount":140.4380595225,"leverage":5,"price":3132.77}
{"level":"INFO","time":"2025-12-05T15:20:02.452Z","caller":"position/manager.go:305","msg":"Creating order","symbol":"BTCUSDT","signal_type":"OPEN_SHORT","account_balance":2947.27981852,"usdt_amount":147.363990926,"current_price":90885.3,"leverage":5,"margin_mode":"ISOLATED"}
{"level":"INFO","time":"2025-12-05T15:20:02.452Z","caller":"position/manager.go:319","msg":"Calculated order quantity","quantity":0.008107141139766278,"usdt_amount":147.363990926,"leverage":5,"price":90885.3}
{"level":"INFO","time":"2025-12-05T15:21:00.336Z","caller":"position/manager.go:305","msg":"Creating order","symbol":"ETHUSDT","signal_type":"OPEN_SHORT","account_balance":3090.81807394,"usdt_amount":154.540903697,"current_price":3131.16,"leverage":5,"margin_mode":"ISOLATED"}
{"level":"INFO","time":"2025-12-05T15:21:00.336Z","caller":"position/manager.go:319","msg":"Calculated order quantity","quantity":0.24677899515994073,"usdt_amount":154.540903697,"leverage":5,"price":3131.16}
{"level":"INFO","time":"2025-12-05T15:21:00.450Z","caller":"position/manager.go:305","msg":"Creating order","symbol":"BTCUSDT","signal_type":"OPEN_SHORT","account_balance":3090.81807394,"usdt_amount":154.540903697,"current_price":90886.4,"leverage":5,"margin_mode":"ISOLATED"}
{"level":"INFO","time":"2025-12-05T15:21:00.450Z","caller":"position/manager.go:319","msg":"Calculated order quantity","quantity":0.008501871770528925,"usdt_amount":154.540903697,"leverage":5,"price":90886.4}
{"level":"INFO","time":"2025-12-05T15:22:00.668Z","caller":"position/manager.go:305","msg":"Creating order","symbol":"BTCUSDT","signal_type":"OPEN_SHORT","account_balance":3405.10795988,"usdt_amount":170.25539799400002,"current_price":91010.3,"leverage":5,"margin_mode":"ISOLATED"}
{"level":"INFO","time":"2025-12-05T15:22:00.668Z","caller":"position/manager.go:319","msg":"Calculated order quantity","quantity":0.009353633489506134,"usdt_amount":170.25539799400002,"leverage":5,"price":91010.3}
{"level":"INFO","time":"2025-12-05T15:22:01.898Z","caller":"position/manager.go:305","msg":"Creating order","symbol":"ETHUSDT","signal_type":"OPEN_SHORT","account_balance":3405.10795988,"usdt_amount":170.25539799400002,"current_price":3136.73,"leverage":5,"margin_mode":"ISOLATED"}
{"level":"INFO","time":"2025-12-05T15:22:01.898Z","caller":"position/manager.go:319","msg":"Calculated order quantity","quantity":0.2713899474835259,"usdt_amount":170.25539799400002,"leverage":5,"price":3136.73}
{"level":"INFO","time":"2025-12-05T15:23:00.701Z","caller":"position/manager.go:305","msg":"Creating order","symbol":"ETHUSDT","signal_type":"OPEN_SHORT","account_balance":3734.11888798,"usdt_amount":186.70594439900003,"current_price":3135.3,"leverage":5,"margin_mode":"ISOLATED"}
{"level":"INFO","time":"2025-12-05T15:23:00.701Z","caller":"position/manager.go:319","msg":"Calculated order quantity","quantity":0.2977481331914012,"usdt_amount":186.70594439900003,"leverage":5,"price":3135.3}
{"level":"INFO","time":"2025-12-05T15:23:00.985Z","caller":"position/manager.go:305","msg":"Creating order","symbol":"BTCUSDT","signal_type":"OPEN_SHORT","account_balance":3734.11888798,"usdt_amount":186.70594439900003,"current_price":91000,"leverage":5,"margin_mode":"ISOLATED"}
{"level":"INFO","time":"2025-12-05T15:23:00.985Z","caller":"position/manager.go:319","msg":"Calculated order quantity","quantity":0.01025856837357143,"usdt_amount":186.70594439900003,"leverage":5,"price":91000}
{"level":"INFO","time":"2025-12-05T15:28:00.860Z","caller":"position/manager.go:305","msg":"Creating order","symbol":"ETHUSDT","signal_type":"OPEN_SHORT","account_balance":4098.4712401,"usdt_amount":204.923562005,"current_price":3130.45,"leverage":5,"margin_mode":"ISOLATED"}
{"level":"INFO","time":"2025-12-05T15:28:00.861Z","caller":"position/manager.go:319","msg":"Calculated order quantity","quantity":0.3273068760162277,"usdt_amount":204.923562005,"leverage":5,"price":3130.45}
{"level":"INFO","time":"2025-12-05T15:29:00.327Z","caller":"position/manager.go:98","msg":"Strong signal detected, adding to position","symbol":"ETHUSDT","signal_type":"OPEN_SHORT","position_side":"SHORT"}
{"level":"INFO","time":"2025-12-05T15:29:00.454Z","caller":"position/manager.go:305","msg":"Creating order","symbol":"ETHUSDT","signal_type":"OPEN_SHORT","account_balance":4287.57003276,"usdt_amount":214.378501638,"current_price":3132.73,"leverage":5,"margin_mode":"ISOLATED"}
{"level":"INFO","time":"2025-12-05T15:29:00.454Z","caller":"position/manager.go:319","msg":"Calculated order quantity","quantity":0.3421592375308437,"usdt_amount":214.378501638,"leverage":5,"price":3132.73}
{"level":"INFO","time":"2025-12-05T15:32:00.082Z","caller":"position/manager.go:98","msg":"Strong signal detected, adding to position","symbol":"BTCUSDT","signal_type":"OPEN_LONG","position_side":"LONG"}
{"level":"INFO","time":"2025-12-05T15:32:00.564Z","caller":"position/manager.go:305","msg":"Creating order","symbol":"BTCUSDT","signal_type":"OPEN_LONG","account_balance":4072.74410077,"usdt_amount":203.6372050385,"current_price":91260.4,"leverage":5,"margin_mode":"ISOLATED"}
{"level":"INFO","time":"2025-12-05T15:32:00.564Z","caller":"position/manager.go:319","msg":"Calculated order quantity","quantity":0.011156931431294408,"usdt_amount":203.6372050385,"leverage":5,"price":91260.4}
{"level":"INFO","time":"2025-12-05T15:33:00.170Z","caller":"position/manager.go:98","msg":"Strong signal detected, adding to position","symbol":"BTCUSDT","signal_type":"OPEN_LONG","position_side":"LONG"}
{"level":"INFO","time":"2025-12-05T15:33:00.393Z","caller":"position/manager.go:305","msg":"Creating order","symbol":"BTCUSDT","signal_type":"OPEN_LONG","account_balance":3872.07378077,"usdt_amount":193.60368903850002,"current_price":91305,"leverage":5,"margin_mode":"ISOLATED"}
{"level":"INFO","time":"2025-12-05T15:33:00.394Z","caller":"position/manager.go:319","msg":"Calculated order quantity","quantity":0.010602031051886536,"usdt_amount":193.60368903850002,"leverage":5,"price":91305}
{"level":"INFO","time":"2025-12-05T15:34:00.650Z","caller":"position/manager.go:98","msg":"Strong signal detected, adding to position","symbol":"BTCUSDT","signal_type":"OPEN_LONG","position_side":"LONG"}
{"level":"INFO","time":"2025-12-05T15:34:00.853Z","caller":"position/manager.go:305","msg":"Creating order","symbol":"BTCUSDT","signal_type":"OPEN_LONG","account_balance":3671.31590077,"usdt_amount":183.56579503850003,"current_price":91318.5,"leverage":5,"margin_mode":"ISOLATED"}
{"level":"INFO","time":"2025-12-05T15:34:00.853Z","caller":"position/manager.go:319","msg":"Calculated order quantity","quantity":0.010050854702962709,"usdt_amount":183.56579503850003,"leverage":5,"price":91318.5}
{"level":"INFO","time":"2025-12-05T15:36:00.923Z","caller":"position/manager.go:305","msg":"Creating order","symbol":"BTCUSDT","signal_type":"OPEN_SHORT","account_balance":3488.73834077,"usdt_amount":174.4369170385,"current_price":91200,"leverage":5,"margin_mode":"ISOLATED"}
{"level":"INFO","time":"2025-12-05T15:36:00.924Z","caller":"position/manager.go:319","msg":"Calculated order quantity","quantity":0.00956342746921601,"usdt_amount":174.4369170385,"leverage":5,"price":91200}
{"level":"INFO","time":"2025-12-05T15:37:01.158Z","caller":"position/manager.go:305","msg":"Creating order","symbol":"BTCUSDT","signal_type":"OPEN_SHORT","account_balance":3670.6490142,"usdt_amount":183.53245071,"current_price":91190.6,"leverage":5,"margin_mode":"ISOLATED"}
{"level":"INFO","time":"2025-12-05T15:37:01.158Z","caller":"position/manager.go:319","msg":"Calculated order quantity","quantity":0.010063123321373036,"usdt_amount":183.53245071,"leverage":5,"price":91190.6}
{"level":"INFO","time":"2025-12-05T15:38:00.702Z","caller":"position/manager.go:305","msg":"Creating order","symbol":"BTCUSDT","signal_type":"OPEN_SHORT","account_balance":3852.30059131,"usdt_amount":192.6150295655,"current_price":91268.7,"leverage":5,"margin_mode":"ISOLATED"}
{"level":"INFO","time":"2025-12-05T15:38:00.702Z","caller":"position/manager.go:319","msg":"Calculated order quantity","quantity":0.010552085740538652,"usdt_amount":192.6150295655,"leverage":5,"price":91268.7}
{"level":"INFO","time":"2025-12-05T15:39:00.468Z","caller":"position/manager.go:305","msg":"Creating order","symbol":"BTCUSDT","signal_type":"OPEN_SHORT","account_balance":4053.21664623,"usdt_amount":202.66083231150003,"current_price":91049.7,"leverage":5,"margin_mode":"ISOLATED"}
{"level":"INFO","time":"2025-12-05T15:39:00.468Z","caller":"position/manager.go:319","msg":"Calculated order quantity","quantity":0.01112913234812965,"usdt_amount":202.66083231150003,"leverage":5,"price":91049.7}
{"level":"INFO","time":"2025-12-05T15:40:00.816Z","caller":"position/manager.go:305","msg":"Creating order","symbol":"BTCUSDT","signal_type":"OPEN_SHORT","account_balance":4252.00175389,"usdt_amount":212.60008769450002,"current_price":91065.6,"leverage":5,"margin_mode":"ISOLATED"}
{"level":"INFO","time":"2025-12-05T15:40:00.817Z","caller":"position/manager.go:319","msg":"Calculated order quantity","quantity":0.011672908743504682,"usdt_amount":212.60008769450002,"leverage":5,"price":91065.6}
{"level":"INFO","time":"2025-12-05T15:40:00.817Z","caller":"position/manager.go:98","msg":"Strong signal detected, adding to position","symbol":"ETHUSDT","signal_type":"OPEN_SHORT","position_side":"SHORT"}
{"level":"INFO","time":"2025-12-05T15:40:01.045Z","caller":"position/manager.go:305","msg":"Creating order","symbol":"ETHUSDT","signal_type":"OPEN_SHORT","account_balance":4252.00175389,"usdt_amount":212.60008769450002,"current_price":3134.07,"leverage":5,"margin_mode":"ISOLATED"}
{"level":"INFO","time":"2025-12-05T15:40:01.045Z","caller":"position/manager.go:319","msg":"Calculated order quantity","quantity":0.3391757167110179,"usdt_amount":212.60008769450002,"leverage":5,"price":3134.07}
{"level":"INFO","time":"2025-12-05T15:41:00.157Z","caller":"position/manager.go:98","msg":"Strong signal detected, adding to position","symbol":"ETHUSDT","signal_type":"OPEN_SHORT","position_side":"SHORT"}
{"level":"INFO","time":"2025-12-05T15:41:01.523Z","caller":"position/manager.go:305","msg":"Creating order","symbol":"ETHUSDT","signal_type":"OPEN_SHORT","account_balance":4203.60253332,"usdt_amount":210.18012666599998,"current_price":3129.99,"leverage":5,"margin_mode":"ISOLATED"}
{"level":"INFO","time":"2025-12-05T15:41:01.523Z","caller":"position/manager.go:319","msg":"Calculated order quantity","quantity":0.3357520737542292,"usdt_amount":210.18012666599998,"leverage":5,"price":3129.99}
{"level":"INFO","time":"2025-12-05T15:41:01.738Z","caller":"position/manager.go:305","msg":"Creating order","symbol":"BTCUSDT","signal_type":"OPEN_SHORT","account_balance":4203.60253332,"usdt_amount":210.18012666599998,"current_price":90931.5,"leverage":5,"margin_mode":"ISOLATED"}
{"level":"INFO","time":"2025-12-05T15:41:01.738Z","caller":"position/manager.go:319","msg":"Calculated order quantity","quantity":0.011557058151795582,"usdt_amount":210.18012666599998,"leverage":5,"price":90931.5}
{"level":"INFO","time":"2025-12-05T15:42:00.127Z","caller":"position/manager.go:98","msg":"Strong signal detected, adding to position","symbol":"BTCUSDT","signal_type":"OPEN_SHORT","position_side":"SHORT"}
{"level":"INFO","time":"2025-12-05T15:42:00.401Z","caller":"position/manager.go:305","msg":"Creating order","symbol":"BTCUSDT","signal_type":"OPEN_SHORT","account_balance":4172.91238109,"usdt_amount":208.6456190545,"current_price":90889.7,"leverage":5,"margin_mode":"ISOLATED"}
{"level":"INFO","time":"2025-12-05T15:42:00.401Z","caller":"position/manager.go:319","msg":"Calculated order quantity","quantity":0.0114779572962888,"usdt_amount":208.6456190545,"leverage":5,"price":90889.7}
{"level":"INFO","time":"2025-12-05T15:42:00.401Z","caller":"position/manager.go:98","msg":"Strong signal detected, adding to position","symbol":"ETHUSDT","signal_type":"OPEN_SHORT","position_side":"SHORT"}
{"level":"INFO","time":"2025-12-05T15:42:00.642Z","caller":"position/manager.go:305","msg":"Creating order","symbol":"ETHUSDT","signal_type":"OPEN_SHORT","account_balance":4172.91238109,"usdt_amount":208.6456190545,"current_price":3125.87,"leverage":5,"margin_mode":"ISOLATED"}
{"level":"INFO","time":"2025-12-05T15:42:00.642Z","caller":"position/manager.go:319","msg":"Calculated order quantity","quantity":0.3337400772496937,"usdt_amount":208.6456190545,"leverage":5,"price":3125.87}
{"level":"INFO","time":"2025-12-05T15:43:00.147Z","caller":"position/manager.go:98","msg":"Strong signal detected, adding to position","symbol":"ETHUSDT","signal_type":"OPEN_SHORT","position_side":"SHORT"}
{"level":"INFO","time":"2025-12-05T15:43:00.340Z","caller":"position/manager.go:305","msg":"Creating order","symbol":"ETHUSDT","signal_type":"OPEN_SHORT","account_balance":3763.6988671,"usdt_amount":188.184943355,"current_price":3126.63,"leverage":5,"margin_mode":"ISOLATED"}
{"level":"INFO","time":"2025-12-05T15:43:00.340Z","caller":"position/manager.go:319","msg":"Calculated order quantity","quantity":0.3009389396170957,"usdt_amount":188.184943355,"leverage":5,"price":3126.63}
{"level":"INFO","time":"2025-12-05T15:43:00.345Z","caller":"position/manager.go:98","msg":"Strong signal detected, adding to position","symbol":"BTCUSDT","signal_type":"OPEN_SHORT","position_side":"SHORT"}
{"level":"INFO","time":"2025-12-05T15:43:00.478Z","caller":"position/manager.go:305","msg":"Creating order","symbol":"BTCUSDT","signal_type":"OPEN_SHORT","account_balance":3575.35599912,"usdt_amount":178.767799956,"current_price":90933.7,"leverage":5,"margin_mode":"ISOLATED"}
{"level":"INFO","time":"2025-12-05T15:43:00.478Z","caller":"position/manager.go:319","msg":"Calculated order quantity","quantity":0.009829568133486266,"usdt_amount":178.767799956,"leverage":5,"price":90933.7}
{"level":"INFO","time":"2025-12-05T15:44:00.221Z","caller":"position/manager.go:98","msg":"Strong signal detected, adding to position","symbol":"BTCUSDT","signal_type":"OPEN_SHORT","position_side":"SHORT"}
{"level":"INFO","time":"2025-12-05T15:44:01.262Z","caller":"position/manager.go:305","msg":"Creating order","symbol":"BTCUSDT","signal_type":"OPEN_SHORT","account_balance":3393.39755912,"usdt_amount":169.66987795600002,"current_price":90888.7,"leverage":5,"margin_mode":"ISOLATED"}
{"level":"INFO","time":"2025-12-05T15:44:01.262Z","caller":"position/manager.go:319","msg":"Calculated order quantity","quantity":0.009333936889624344,"usdt_amount":169.66987795600002,"leverage":5,"price":90888.7}
{"level":"INFO","time":"2025-12-05T15:44:01.263Z","caller":"position/manager.go:98","msg":"Strong signal detected, adding to position","symbol":"ETHUSDT","signal_type":"OPEN_SHORT","position_side":"SHORT"}
{"level":"INFO","time":"2025-12-05T15:44:01.468Z","caller":"position/manager.go:305","msg":"Creating order","symbol":"ETHUSDT","signal_type":"OPEN_SHORT","account_balance":3393.39755912,"usdt_amount":169.66987795600002,"current_price":3126.51,"leverage":5,"margin_mode":"ISOLATED"}
{"level":"INFO","time":"2025-12-05T15:44:01.468Z","caller":"position/manager.go:319","msg":"Calculated order quantity","quantity":0.2713406929067875,"usdt_amount":169.66987795600002,"leverage":5,"price":3126.51}
{"level":"INFO","time":"2025-12-05T15:45:00.266Z","caller":"position/manager.go:98","msg":"Strong signal detected, adding to position","symbol":"ETHUSDT","signal_type":"OPEN_SHORT","position_side":"SHORT"}
{"level":"INFO","time":"2025-12-05T15:45:00.668Z","caller":"position/manager.go:305","msg":"Creating order","symbol":"ETHUSDT","signal_type":"OPEN_SHORT","account_balance":3060.05396048,"usdt_amount":153.002698024,"current_price":3131.04,"leverage":5,"margin_mode":"ISOLATED"}
{"level":"INFO","time":"2025-12-05T15:45:00.668Z","caller":"position/manager.go:319","msg":"Calculated order quantity","quantity":0.24433207181000563,"usdt_amount":153.002698024,"leverage":5,"price":3131.04}
{"level":"INFO","time":"2025-12-05T15:45:00.668Z","caller":"position/manager.go:98","msg":"Strong signal detected, adding to position","symbol":"BTCUSDT","signal_type":"OPEN_SHORT","position_side":"SHORT"}
{"level":"INFO","time":"2025-12-05T15:45:01.138Z","caller":"position/manager.go:305","msg":"Creating order","symbol":"BTCUSDT","signal_type":"OPEN_SHORT","account_balance":3060.05396048,"usdt_amount":153.002698024,"current_price":90977.7,"leverage":5,"margin_mode":"ISOLATED"}
{"level":"INFO","time":"2025-12-05T15:45:01.138Z","caller":"position/manager.go:319","msg":"Calculated order quantity","quantity":0.008408802268248155,"usdt_amount":153.002698024,"leverage":5,"price":90977.7}
{"level":"INFO","time":"2025-12-05T15:46:00.075Z","caller":"position/manager.go:98","msg":"Strong signal detected, adding to position","symbol":"BTCUSDT","signal_type":"OPEN_SHORT","position_side":"SHORT"}
{"level":"INFO","time":"2025-12-05T15:46:00.515Z","caller":"position/manager.go:305","msg":"Creating order","symbol":"BTCUSDT","signal_type":"OPEN_SHORT","account_balance":2760.42345719,"usdt_amount":138.0211728595,"current_price":90801.1,"leverage":5,"margin_mode":"ISOLATED"}
{"level":"INFO","time":"2025-12-05T15:46:00.515Z","caller":"position/manager.go:319","msg":"Calculated order quantity","quantity":0.007600192776271433,"usdt_amount":138.0211728595,"leverage":5,"price":90801.1}
{"level":"INFO","time":"2025-12-05T15:46:00.515Z","caller":"position/manager.go:98","msg":"Strong signal detected, adding to position","symbol":"ETHUSDT","signal_type":"OPEN_SHORT","position_side":"SHORT"}
{"level":"INFO","time":"2025-12-05T15:46:00.927Z","caller":"position/manager.go:305","msg":"Creating order","symbol":"ETHUSDT","signal_type":"OPEN_SHORT","account_balance":2760.42345719,"usdt_amount":138.0211728595,"current_price":3121.54,"leverage":5,"margin_mode":"ISOLATED"}
{"level":"INFO","time":"2025-12-05T15:46:00.927Z","caller":"position/manager.go:319","msg":"Calculated order quantity","quantity":0.22107865486186307,"usdt_amount":138.0211728595,"leverage":5,"price":3121.54}
{"level":"INFO","time":"2025-12-05T15:47:00.413Z","caller":"position/manager.go:98","msg":"Strong signal detected, adding to position","symbol":"BTCUSDT","signal_type":"OPEN_SHORT","position_side":"SHORT"}
{"level":"INFO","time":"2025-12-05T15:47:00.898Z","caller":"position/manager.go:305","msg":"Creating order","symbol":"BTCUSDT","signal_type":"OPEN_SHORT","account_balance":2476.8183612,"usdt_amount":123.84091805999999,"current_price":90732.2,"leverage":5,"margin_mode":"ISOLATED"}
{"level":"INFO","time":"2025-12-05T15:47:00.898Z","caller":"position/manager.go:319","msg":"Calculated order quantity","quantity":0.006824529663118496,"usdt_amount":123.84091805999999,"leverage":5,"price":90732.2}
{"level":"INFO","time":"2025-12-05T15:47:00.899Z","caller":"position/manager.go:98","msg":"Strong signal detected, adding to position","symbol":"ETHUSDT","signal_type":"OPEN_SHORT","position_side":"SHORT"}
{"level":"INFO","time":"2025-12-05T15:47:01.311Z","caller":"position/manager.go:305","msg":"Creating order","symbol":"ETHUSDT","signal_type":"OPEN_SHORT","account_balance":2476.8183612,"usdt_amount":123.84091805999999,"current_price":3118.5,"leverage":5,"margin_mode":"ISOLATED"}
{"level":"INFO","time":"2025-12-05T15:47:01.311Z","caller":"position/manager.go:319","msg":"Calculated order quantity","quantity":0.1985584705146705,"usdt_amount":123.84091805999999,"leverage":5,"price":3118.5}
{"level":"INFO","time":"2025-12-05T15:48:00.155Z","caller":"position/manager.go:98","msg":"Strong signal detected, adding to position","symbol":"BTCUSDT","signal_type":"OPEN_SHORT","position_side":"SHORT"}
{"level":"INFO","time":"2025-12-05T15:48:00.403Z","caller":"position/manager.go:305","msg":"Creating order","symbol":"BTCUSDT","signal_type":"OPEN_SHORT","account_balance":2225.28933322,"usdt_amount":111.26446666100001,"current_price":90818.6,"leverage":5,"margin_mode":"ISOLATED"}
{"level":"INFO","time":"2025-12-05T15:48:00.403Z","caller":"position/manager.go:319","msg":"Calculated order quantity","quantity":0.006125643131528123,"usdt_amount":111.26446666100001,"leverage":5,"price":90818.6}
{"level":"INFO","time":"2025-12-05T15:48:00.403Z","caller":"position/manager.go:98","msg":"Strong signal detected, adding to position","symbol":"ETHUSDT","signal_type":"OPEN_SHORT","position_side":"SHORT"}
{"level":"INFO","time":"2025-12-05T15:48:00.606Z","caller":"position/manager.go:305","msg":"Creating order","symbol":"ETHUSDT","signal_type":"OPEN_SHORT","account_balance":2116.30221322,"usdt_amount":105.815110661,"current_price":3120.21,"leverage":5,"margin_mode":"ISOLATED"}
{"level":"INFO","time":"2025-12-05T15:48:00.606Z","caller":"position/manager.go:319","msg":"Calculated order quantity","quantity":0.16956408488691468,"usdt_amount":105.815110661,"leverage":5,"price":3120.21}
{"level":"INFO","time":"2025-12-05T15:49:00.302Z","caller":"position/manager.go:98","msg":"Strong signal detected, adding to position","symbol":"ETHUSDT","signal_type":"OPEN_SHORT","position_side":"SHORT"}
{"level":"INFO","time":"2025-12-05T15:49:00.518Z","caller":"position/manager.go:305","msg":"Creating order","symbol":"ETHUSDT","signal_type":"OPEN_SHORT","account_balance":2010.18003923,"usdt_amount":100.5090019615,"current_price":3123.03,"leverage":5,"margin_mode":"ISOLATED"}
{"level":"INFO","time":"2025-12-05T15:49:00.518Z","caller":"position/manager.go:319","msg":"Calculated order quantity","quantity":0.16091584448676446,"usdt_amount":100.5090019615,"leverage":5,"price":3123.03}
{"level":"INFO","time":"2025-12-05T15:53:00.123Z","caller":"position/manager.go:98","msg":"Strong signal detected, adding to position","symbol":"BTCUSDT","signal_type":"OPEN_SHORT","position_side":"SHORT"}
{"level":"INFO","time":"2025-12-05T15:53:01.096Z","caller":"position/manager.go:305","msg":"Creating order","symbol":"BTCUSDT","signal_type":"OPEN_SHORT","account_balance":1909.62394728,"usdt_amount":95.48119736400001,"current_price":90629.7,"leverage":5,"margin_mode":"ISOLATED"}
{"level":"INFO","time":"2025-12-05T15:53:01.096Z","caller":"position/manager.go:319","msg":"Calculated order quantity","quantity":0.005267654938943857,"usdt_amount":95.48119736400001,"leverage":5,"price":90629.7}
{"level":"INFO","time":"2025-12-05T15:53:01.096Z","caller":"position/manager.go:98","msg":"Strong signal detected, adding to position","symbol":"ETHUSDT","signal_type":"OPEN_SHORT","position_side":"SHORT"}
{"level":"INFO","time":"2025-12-05T15:53:01.218Z","caller":"position/manager.go:305","msg":"Creating order","symbol":"ETHUSDT","signal_type":"OPEN_SHORT","account_balance":1909.62394728,"usdt_amount":95.48119736400001,"current_price":3111.26,"leverage":5,"margin_mode":"ISOLATED"}
{"level":"INFO","time":"2025-12-05T15:53:01.218Z","caller":"position/manager.go:319","msg":"Calculated order quantity","quantity":0.15344458091577046,"usdt_amount":95.48119736400001,"leverage":5,"price":3111.26}
{"level":"INFO","time":"2025-12-05T15:54:00.154Z","caller":"position/manager.go:98","msg":"Strong signal detected, adding to position","symbol":"BTCUSDT","signal_type":"OPEN_SHORT","position_side":"SHORT"}
{"level":"INFO","time":"2025-12-05T15:54:00.866Z","caller":"position/manager.go:305","msg":"Creating order","symbol":"BTCUSDT","signal_type":"OPEN_SHORT","account_balance":1723.40896728,"usdt_amount":86.17044836400001,"current_price":90602.9,"leverage":5,"margin_mode":"ISOLATED"}
{"level":"INFO","time":"2025-12-05T15:54:00.866Z","caller":"position/manager.go:319","msg":"Calculated order quantity","quantity":0.00475539129343542,"usdt_amount":86.17044836400001,"leverage":5,"price":90602.9}
{"level":"INFO","time":"2025-12-05T15:54:00.866Z","caller":"position/manager.go:98","msg":"Strong signal detected, adding to position","symbol":"ETHUSDT","signal_type":"OPEN_SHORT","position_side":"SHORT"}
{"level":"INFO","time":"2025-12-05T15:54:01.326Z","caller":"position/manager.go:305","msg":"Creating order","symbol":"ETHUSDT","signal_type":"OPEN_SHORT","account_balance":1632.70615102,"usdt_amount":81.63530755100001,"current_price":3111.85,"leverage":5,"margin_mode":"ISOLATED"}
{"level":"INFO","time":"2025-12-05T15:54:01.326Z","caller":"position/manager.go:319","msg":"Calculated order quantity","quantity":0.13116844891463278,"usdt_amount":81.63530755100001,"leverage":5,"price":3111.85}
{"level":"INFO","time":"2025-12-05T15:55:00.375Z","caller":"position/manager.go:98","msg":"Strong signal detected, adding to position","symbol":"ETHUSDT","signal_type":"OPEN_SHORT","position_side":"SHORT"}
{"level":"INFO","time":"2025-12-05T15:55:00.599Z","caller":"position/manager.go:305","msg":"Creating order","symbol":"ETHUSDT","signal_type":"OPEN_SHORT","account_balance":1551.15838908,"usdt_amount":77.557919454,"current_price":3112.18,"leverage":5,"margin_mode":"ISOLATED"}
{"level":"INFO","time":"2025-12-05T15:55:00.599Z","caller":"position/manager.go:319","msg":"Calculated order quantity","quantity":0.12460384594400067,"usdt_amount":77.557919454,"leverage":5,"price":3112.18}
{"level":"INFO","time":"2025-12-05T15:55:00.599Z","caller":"position/manager.go:98","msg":"Strong signal detected, adding to position","symbol":"BTCUSDT","signal_type":"OPEN_SHORT","position_side":"SHORT"}
{"level":"INFO","time":"2025-12-05T15:55:00.999Z","caller":"position/manager.go:305","msg":"Creating order","symbol":"BTCUSDT","signal_type":"OPEN_SHORT","account_balance":1473.26828774,"usdt_amount":73.663414387,"current_price":90603.5,"leverage":5,"margin_mode":"ISOLATED"}
{"level":"INFO","time":"2025-12-05T15:55:00.999Z","caller":"position/manager.go:319","msg":"Calculated order quantity","quantity":0.004065152802430369,"usdt_amount":73.663414387,"leverage":5,"price":90603.5}
{"level":"INFO","time":"2025-12-05T15:56:00.158Z","caller":"position/manager.go:98","msg":"Strong signal detected, adding to position","symbol":"ETHUSDT","signal_type":"OPEN_SHORT","position_side":"SHORT"}
{"level":"INFO","time":"2025-12-05T15:56:00.424Z","caller":"position/manager.go:305","msg":"Creating order","symbol":"ETHUSDT","signal_type":"OPEN_SHORT","account_balance":1400.64295442,"usdt_amount":70.032147721,"current_price":3107.6,"leverage":5,"margin_mode":"ISOLATED"}
{"level":"INFO","time":"2025-12-05T15:56:00.424Z","caller":"position/manager.go:319","msg":"Calculated order quantity","quantity":0.11267883209068091,"usdt_amount":70.032147721,"leverage":5,"price":3107.6}
{"level":"INFO","time":"2025-12-05T15:56:00.430Z","caller":"position/manager.go:98","msg":"Strong signal detected, adding to position","symbol":"BTCUSDT","signal_type":"OPEN_SHORT","position_side":"SHORT"}
{"level":"INFO","time":"2025-12-05T15:56:00.562Z","caller":"position/manager.go:305","msg":"Creating order","symbol":"BTCUSDT","signal_type":"OPEN_SHORT","account_balance":1330.31648643,"usdt_amount":66.5158243215,"current_price":90510.5,"leverage":5,"margin_mode":"ISOLATED"}
{"level":"INFO","time":"2025-12-05T15:56:00.562Z","caller":"position/manager.go:319","msg":"Calculated order quantity","quantity":0.0036744811000657385,"usdt_amount":66.5158243215,"leverage":5,"price":90510.5}
{"level":"INFO","time":"2025-12-05T15:57:00.453Z","caller":"position/manager.go:98","msg":"Strong signal detected, adding to position","symbol":"ETHUSDT","signal_type":"OPEN_SHORT","position_side":"SHORT"}
{"level":"INFO","time":"2025-12-05T15:57:00.890Z","caller":"position/manager.go:305","msg":"Creating order","symbol":"ETHUSDT","signal_type":"OPEN_SHORT","account_balance":1257.88692643,"usdt_amount":62.894346321499995,"current_price":3101.76,"leverage":5,"margin_mode":"ISOLATED"}
{"level":"INFO","time":"2025-12-05T15:57:00.890Z","caller":"position/manager.go:319","msg":"Calculated order quantity","quantity":0.10138493358851103,"usdt_amount":62.894346321499995,"leverage":5,"price":3101.76}
{"level":"INFO","time":"2025-12-05T15:57:00.890Z","caller":"position/manager.go:98","msg":"Strong signal detected, adding to position","symbol":"BTCUSDT","signal_type":"OPEN_SHORT","position_side":"SHORT"}
{"level":"INFO","time":"2025-12-05T15:57:01.106Z","caller":"position/manager.go:305","msg":"Creating order","symbol":"BTCUSDT","signal_type":"OPEN_SHORT","account_balance":1257.88692643,"usdt_amount":62.894346321499995,"current_price":90350.5,"leverage":5,"margin_mode":"ISOLATED"}
{"level":"INFO","time":"2025-12-05T15:57:01.106Z","caller":"position/manager.go:319","msg":"Calculated order quantity","quantity":0.003480575443495055,"usdt_amount":62.894346321499995,"leverage":5,"price":90350.5}
{"level":"INFO","time":"2025-12-05T15:58:00.121Z","caller":"position/manager.go:98","msg":"Strong signal detected, adding to position","symbol":"ETHUSDT","signal_type":"OPEN_SHORT","position_side":"SHORT"}
{"level":"INFO","time":"2025-12-05T15:58:01.091Z","caller":"position/manager.go:305","msg":"Creating order","symbol":"ETHUSDT","signal_type":"OPEN_SHORT","account_balance":1140.79969045,"usdt_amount":57.039984522500006,"current_price":3098.13,"leverage":5,"margin_mode":"ISOLATED"}
{"level":"INFO","time":"2025-12-05T15:58:01.091Z","caller":"position/manager.go:319","msg":"Calculated order quantity","quantity":0.09205550529270883,"usdt_amount":57.039984522500006,"leverage":5,"price":3098.13}
{"level":"INFO","time":"2025-12-05T15:58:01.091Z","caller":"position/manager.go:98","msg":"Strong signal detected, adding to position","symbol":"BTCUSDT","signal_type":"OPEN_SHORT","position_side":"SHORT"}
{"level":"INFO","time":"2025-12-05T15:58:01.347Z","caller":"position/manager.go:305","msg":"Creating order","symbol":"BTCUSDT","signal_type":"OPEN_SHORT","account_balance":1140.79969045,"usdt_amount":57.039984522500006,"current_price":90305.4,"leverage":5,"margin_mode":"ISOLATED"}
{"level":"INFO","time":"2025-12-05T15:58:01.347Z","caller":"position/manager.go:319","msg":"Calculated order quantity","quantity":0.0031581713010794487,"usdt_amount":57.039984522500006,"leverage":5,"price":90305.4}
{"level":"INFO","time":"2025-12-05T15:59:00.120Z","caller":"position/manager.go:98","msg":"Strong signal detected, adding to position","symbol":"BTCUSDT","signal_type":"OPEN_SHORT","position_side":"SHORT"}
{"level":"INFO","time":"2025-12-05T15:59:00.240Z","caller":"position/manager.go:305","msg":"Creating order","symbol":"BTCUSDT","signal_type":"OPEN_SHORT","account_balance":1029.52047646,"usdt_amount":51.476023823000006,"current_price":90231.1,"leverage":5,"margin_mode":"ISOLATED"}
{"level":"INFO","time":"2025-12-05T15:59:00.240Z","caller":"position/manager.go:319","msg":"Calculated order quantity","quantity":0.0028524546316624757,"usdt_amount":51.476023823000006,"leverage":5,"price":90231.1}
{"level":"INFO","time":"2025-12-05T15:59:00.240Z","caller":"position/manager.go:98","msg":"Strong signal detected, adding to position","symbol":"ETHUSDT","signal_type":"OPEN_SHORT","position_side":"SHORT"}
{"level":"INFO","time":"2025-12-05T15:59:00.359Z","caller":"position/manager.go:305","msg":"Creating order","symbol":"ETHUSDT","signal_type":"OPEN_SHORT","account_balance":1029.52047646,"usdt_amount":51.476023823000006,"current_price":3095.18,"leverage":5,"margin_mode":"ISOLATED"}
{"level":"INFO","time":"2025-12-05T15:59:00.359Z","caller":"position/manager.go:319","msg":"Calculated order quantity","quantity":0.08315513770281535,"usdt_amount":51.476023823000006,"leverage":5,"price":3095.18}
{"level":"INFO","time":"2025-12-05T16:00:00.158Z","caller":"position/manager.go:98","msg":"Strong signal detected, adding to position","symbol":"BTCUSDT","signal_type":"OPEN_SHORT","position_side":"SHORT"}
{"level":"INFO","time":"2025-12-05T16:00:00.545Z","caller":"position/manager.go:305","msg":"Creating order","symbol":"BTCUSDT","signal_type":"OPEN_SHORT","account_balance":923.97260646,"usdt_amount":46.198630323,"current_price":90414,"leverage":5,"margin_mode":"ISOLATED"}
{"level":"INFO","time":"2025-12-05T16:00:00.545Z","caller":"position/manager.go:319","msg":"Calculated order quantity","quantity":0.002554838317240693,"usdt_amount":46.198630323,"leverage":5,"price":90414}
{"level":"INFO","time":"2025-12-05T16:00:00.545Z","caller":"position/manager.go:98","msg":"Strong signal detected, adding to position","symbol":"ETHUSDT","signal_type":"OPEN_SHORT","position_side":"SHORT"}
{"level":"INFO","time":"2025-12-05T16:00:00.750Z","caller":"position/manager.go:305","msg":"Creating order","symbol":"ETHUSDT","signal_type":"OPEN_SHORT","account_balance":923.97260646,"usdt_amount":46.198630323,"current_price":3105.39,"leverage":5,"margin_mode":"ISOLATED"}
{"level":"INFO","time":"2025-12-05T16:00:00.750Z","caller":"position/manager.go:319","msg":"Calculated order quantity","quantity":0.07438458667510361,"usdt_amount":46.198630323,"leverage":5,"price":3105.39}
{"level":"INFO","time":"2025-12-05T16:01:00.199Z","caller":"position/manager.go:98","msg":"Strong signal detected, adding to position","symbol":"ETHUSDT","signal_type":"OPEN_SHORT","position_side":"SHORT"}
{"level":"INFO","time":"2025-12-05T16:01:00.346Z","caller":"position/manager.go:305","msg":"Creating order","symbol":"ETHUSDT","signal_type":"OPEN_SHORT","account_balance":823.18236261,"usdt_amount":41.159118130500005,"current_price":3101.12,"leverage":5,"margin_mode":"ISOLATED"}
{"level":"INFO","time":"2025-12-05T16:01:00.346Z","caller":"position/manager.go:319","msg":"Calculated order quantity","quantity":0.06636169856455089,"usdt_amount":41.159118130500005,"leverage":5,"price":3101.12}
{"level":"INFO","time":"2025-12-05T16:01:00.346Z","caller":"position/manager.go:98","msg":"Strong signal detected, adding to position","symbol":"BTCUSDT","signal_type":"OPEN_SHORT","position_side":"SHORT"}
{"level":"INFO","time":"2025-12-05T16:01:00.736Z","caller":"position/manager.go:305","msg":"Creating order","symbol":"BTCUSDT","signal_type":"OPEN_SHORT","account_balance":823.18236261,"usdt_amount":41.159118130500005,"current_price":90338.2,"leverage":5,"margin_mode":"ISOLATED"}
{"level":"INFO","time":"2025-12-05T16:01:00.736Z","caller":"position/manager.go:319","msg":"Calculated order quantity","quantity":0.0022780572410397823,"usdt_amount":41.159118130500005,"leverage":5,"price":90338.2}
{"level":"INFO","time":"2025-12-05T16:02:00.283Z","caller":"position/manager.go:98","msg":"Strong signal detected, adding to position","symbol":"BTCUSDT","signal_type":"OPEN_SHORT","position_side":"SHORT"}
{"level":"INFO","time":"2025-12-05T16:02:00.685Z","caller":"position/manager.go:305","msg":"Creating order","symbol":"BTCUSDT","signal_type":"OPEN_SHORT","account_balance":746.03633862,"usdt_amount":37.301816931000005,"current_price":90281.7,"leverage":5,"margin_mode":"ISOLATED"}
{"level":"INFO","time":"2025-12-05T16:02:00.685Z","caller":"position/manager.go:319","msg":"Calculated order quantity","quantity":0.002065857030328406,"usdt_amount":37.301816931000005,"leverage":5,"price":90281.7}
{"level":"INFO","time":"2025-12-05T16:02:00.696Z","caller":"position/manager.go:98","msg":"Strong signal detected, adding to position","symbol":"ETHUSDT","signal_type":"OPEN_SHORT","position_side":"SHORT"}
{"level":"INFO","time":"2025-12-05T16:02:00.938Z","caller":"position/manager.go:305","msg":"Creating order","symbol":"ETHUSDT","signal_type":"OPEN_SHORT","account_balance":709.91913862,"usdt_amount":35.495956931,"current_price":3098.54,"leverage":5,"margin_mode":"ISOLATED"}
{"level":"INFO","time":"2025-12-05T16:02:00.938Z","caller":"position/manager.go:319","msg":"Calculated order quantity","quantity":0.057278519772215306,"usdt_amount":35.495956931,"leverage":5,"price":3098.54}
{"level":"INFO","time":"2025-12-05T16:03:00.121Z","caller":"position/manager.go:98","msg":"Strong signal detected, adding to position","symbol":"ETHUSDT","signal_type":"OPEN_SHORT","position_side":"SHORT"}
{"level":"INFO","time":"2025-12-05T16:03:00.375Z","caller":"position/manager.go:305","msg":"Creating order","symbol":"ETHUSDT","signal_type":"OPEN_SHORT","account_balance":674.54968865,"usdt_amount":33.7274844325,"current_price":3096.66,"leverage":5,"margin_mode":"ISOLATED"}
{"level":"INFO","time":"2025-12-05T16:03:00.375Z","caller":"position/manager.go:319","msg":"Calculated order quantity","quantity":0.054457842372911465,"usdt_amount":33.7274844325,"leverage":5,"price":3096.66}
{"level":"INFO","time":"2025-12-05T16:03:00.375Z","caller":"position/manager.go:98","msg":"Strong signal detected, adding to position","symbol":"BTCUSDT","signal_type":"OPEN_SHORT","position_side":"SHORT"}
{"level":"INFO","time":"2025-12-05T16:03:00.578Z","caller":"position/manager.go:305","msg":"Creating order","symbol":"BTCUSDT","signal_type":"OPEN_SHORT","account_balance":674.54968865,"usdt_amount":33.7274844325,"current_price":90163.6,"leverage":5,"margin_mode":"ISOLATED"}
{"level":"INFO","time":"2025-12-05T16:03:00.578Z","caller":"position/manager.go:319","msg":"Calculated order quantity","quantity":0.001870349255824967,"usdt_amount":33.7274844325,"leverage":5,"price":90163.6}
{"level":"INFO","time":"2025-12-05T16:04:00.116Z","caller":"position/manager.go:98","msg":"Strong signal detected, adding to position","symbol":"BTCUSDT","signal_type":"OPEN_SHORT","position_side":"SHORT"}
{"level":"INFO","time":"2025-12-05T16:04:00.319Z","caller":"position/manager.go:305","msg":"Creating order","symbol":"BTCUSDT","signal_type":"OPEN_SHORT","account_balance":604.96291666,"usdt_amount":30.248145833000002,"current_price":90059.4,"leverage":5,"margin_mode":"ISOLATED"}
{"level":"INFO","time":"2025-12-05T16:04:00.320Z","caller":"position/manager.go:319","msg":"Calculated order quantity","quantity":0.001679344179119559,"usdt_amount":30.248145833000002,"leverage":5,"price":90059.4}
{"level":"INFO","time":"2025-12-05T16:04:00.440Z","caller":"position/manager.go:98","msg":"Strong signal detected, adding to position","symbol":"ETHUSDT","signal_type":"OPEN_SHORT","position_side":"SHORT"}
{"level":"INFO","time":"2025-12-05T16:04:00.645Z","caller":"position/manager.go:305","msg":"Creating order","symbol":"ETHUSDT","signal_type":"OPEN_SHORT","account_balance":568.90607666,"usdt_amount":28.445303833000004,"current_price":3090.93,"leverage":5,"margin_mode":"ISOLATED"}
{"level":"INFO","time":"2025-12-05T16:04:00.645Z","caller":"position/manager.go:319","msg":"Calculated order quantity","quantity":0.04601415081059747,"usdt_amount":28.445303833000004,"leverage":5,"price":3090.93}
{"level":"INFO","time":"2025-12-05T16:05:00.094Z","caller":"position/manager.go:98","msg":"Strong signal detected, adding to position","symbol":"BTCUSDT","signal_type":"OPEN_SHORT","position_side":"SHORT"}
{"level":"INFO","time":"2025-12-05T16:05:00.283Z","caller":"position/manager.go:305","msg":"Creating order","symbol":"BTCUSDT","signal_type":"OPEN_SHORT","account_balance":540.43491467,"usdt_amount":27.0217457335,"current_price":90115,"leverage":5,"margin_mode":"ISOLATED"}
{"level":"INFO","time":"2025-12-05T16:05:00.283Z","caller":"position/manager.go:319","msg":"Calculated order quantity","quantity":0.0014992923338789325,"usdt_amount":27.0217457335,"leverage":5,"price":90115}
{"level":"INFO","time":"2025-12-05T16:05:00.283Z","caller":"position/manager.go:98","msg":"Strong signal detected, adding to position","symbol":"ETHUSDT","signal_type":"OPEN_SHORT","position_side":"SHORT"}
{"level":"INFO","time":"2025-12-05T16:05:00.494Z","caller":"position/manager.go:305","msg":"Creating order","symbol":"ETHUSDT","signal_type":"OPEN_SHORT","account_balance":540.43491467,"usdt_amount":27.0217457335,"current_price":3091.99,"leverage":5,"margin_mode":"ISOLATED"}
{"level":"INFO","time":"2025-12-05T16:05:00.494Z","caller":"position/manager.go:319","msg":"Calculated order quantity","quantity":0.043696366633624306,"usdt_amount":27.0217457335,"leverage":5,"price":3091.99}
{"level":"INFO","time":"2025-12-05T16:06:00.101Z","caller":"position/manager.go:98","msg":"Strong signal detected, adding to position","symbol":"BTCUSDT","signal_type":"OPEN_SHORT","position_side":"SHORT"}
{"level":"INFO","time":"2025-12-05T16:06:00.328Z","caller":"position/manager.go:305","msg":"Creating order","symbol":"BTCUSDT","signal_type":"OPEN_SHORT","account_balance":513.21273068,"usdt_amount":25.660636534000005,"current_price":89985.1,"leverage":5,"margin_mode":"ISOLATED"}
{"level":"INFO","time":"2025-12-05T16:06:00.328Z","caller":"position/manager.go:319","msg":"Calculated order quantity","quantity":0.001425826972132053,"usdt_amount":25.660636534000005,"leverage":5,"price":89985.1}
{"level":"INFO","time":"2025-12-05T16:06:00.478Z","caller":"position/manager.go:98","msg":"Strong signal detected, adding to position","symbol":"ETHUSDT","signal_type":"OPEN_SHORT","position_side":"SHORT"}
{"level":"INFO","time":"2025-12-05T16:06:00.588Z","caller":"position/manager.go:305","msg":"Creating order","symbol":"ETHUSDT","signal_type":"OPEN_SHORT","account_balance":513.21273068,"usdt_amount":25.660636534000005,"current_price":3084.73,"leverage":5,"margin_mode":"ISOLATED"}
{"level":"INFO","time":"2025-12-05T16:06:00.589Z","caller":"position/manager.go:319","msg":"Calculated order quantity","quantity":0.041593002522100804,"usdt_amount":25.660636534000005,"leverage":5,"price":3084.73}
{"level":"INFO","time":"2025-12-05T16:07:00.085Z","caller":"position/manager.go:98","msg":"Strong signal detected, adding to position","symbol":"ETHUSDT","signal_type":"OPEN_SHORT","position_side":"SHORT"}
{"level":"INFO","time":"2025-12-05T16:07:00.235Z","caller":"position/manager.go:305","msg":"Creating order","symbol":"ETHUSDT","signal_type":"OPEN_SHORT","account_balance":487.26562068,"usdt_amount":24.363281034,"current_price":3084.5,"leverage":5,"margin_mode":"ISOLATED"}
{"level":"INFO","time":"2025-12-05T16:07:00.235Z","caller":"position/manager.go:319","msg":"Calculated order quantity","quantity":0.03949307997082185,"usdt_amount":24.363281034,"leverage":5,"price":3084.5}
{"level":"INFO","time":"2025-12-05T16:07:00.236Z","caller":"position/manager.go:98","msg":"Strong signal detected, adding to position","symbol":"BTCUSDT","signal_type":"OPEN_SHORT","position_side":"SHORT"}
{"level":"INFO","time":"2025-12-05T16:07:00.692Z","caller":"position/manager.go:305","msg":"Creating order","symbol":"BTCUSDT","signal_type":"OPEN_SHORT","account_balance":487.26562068,"usdt_amount":24.363281034,"current_price":89951.6,"leverage":5,"margin_mode":"ISOLATED"}
{"level":"INFO","time":"2025-12-05T16:07:00.693Z","caller":"position/manager.go:319","msg":"Calculated order quantity","quantity":0.0013542438952725687,"usdt_amount":24.363281034,"leverage":5,"price":89951.6}
{"level":"INFO","time":"2025-12-05T16:09:00.085Z","caller":"position/manager.go:98","msg":"Strong signal detected, adding to position","symbol":"ETHUSDT","signal_type":"OPEN_SHORT","position_side":"SHORT"}
{"level":"INFO","time":"2025-12-05T16:09:00.590Z","caller":"position/manager.go:305","msg":"Creating order","symbol":"ETHUSDT","signal_type":"OPEN_SHORT","account_balance":463.17758269,"usdt_amount":23.1588791345,"current_price":3062.4,"leverage":5,"margin_mode":"ISOLATED"}
{"level":"INFO","time":"2025-12-05T16:09:00.590Z","caller":"position/manager.go:319","msg":"Calculated order quantity","quantity":0.03781164957957811,"usdt_amount":23.1588791345,"leverage":5,"price":3062.4}
{"level":"INFO","time":"2025-12-05T16:09:00.590Z","caller":"position/manager.go:98","msg":"Strong signal detected, adding to position","symbol":"BTCUSDT","signal_type":"OPEN_SHORT","position_side":"SHORT"}
{"level":"INFO","time":"2025-12-05T16:09:00.783Z","caller":"position/manager.go:305","msg":"Creating order","symbol":"BTCUSDT","signal_type":"OPEN_SHORT","account_balance":463.17758269,"usdt_amount":23.1588791345,"current_price":89326.9,"leverage":5,"margin_mode":"ISOLATED"}
{"level":"INFO","time":"2025-12-05T16:09:00.783Z","caller":"position/manager.go:319","msg":"Calculated order quantity","quantity":0.0012962992746026114,"usdt_amount":23.1588791345,"leverage":5,"price":89326.9}
{"level":"INFO","time":"2025-12-05T16:10:00.079Z","caller":"position/manager.go:98","msg":"Strong signal detected, adding to position","symbol":"BTCUSDT","signal_type":"OPEN_SHORT","position_side":"SHORT"}
{"level":"INFO","time":"2025-12-05T16:10:00.650Z","caller":"position/manager.go:305","msg":"Creating order","symbol":"BTCUSDT","signal_type":"OPEN_SHORT","account_balance":439.8265067,"usdt_amount":21.991325335,"current_price":89462.4,"leverage":5,"margin_mode":"ISOLATED"}
{"level":"INFO","time":"2025-12-05T16:10:00.650Z","caller":"position/manager.go:319","msg":"Calculated order quantity","quantity":0.001229082012946221,"usdt_amount":21.991325335,"leverage":5,"price":89462.4}
{"level":"INFO","time":"2025-12-05T16:10:00.650Z","caller":"position/manager.go:98","msg":"Strong signal detected, adding to position","symbol":"ETHUSDT","signal_type":"OPEN_SHORT","position_side":"SHORT"}
{"level":"INFO","time":"2025-12-05T16:10:00.861Z","caller":"position/manager.go:305","msg":"Creating order","symbol":"ETHUSDT","signal_type":"OPEN_SHORT","account_balance":439.8265067,"usdt_amount":21.991325335,"current_price":3067.5,"leverage":5,"margin_mode":"ISOLATED"}
{"level":"INFO","time":"2025-12-05T16:10:00.861Z","caller":"position/manager.go:319","msg":"Calculated order quantity","quantity":0.03584568106764466,"usdt_amount":21.991325335,"leverage":5,"price":3067.5}
{"level":"INFO","time":"2025-12-05T16:11:00.087Z","caller":"position/manager.go:98","msg":"Strong signal detected, adding to position","symbol":"BTCUSDT","signal_type":"OPEN_SHORT","position_side":"SHORT"}
{"level":"INFO","time":"2025-12-05T16:11:00.307Z","caller":"position/manager.go:305","msg":"Creating order","symbol":"BTCUSDT","signal_type":"OPEN_SHORT","account_balance":417.71480272,"usdt_amount":20.885740136000003,"current_price":89362,"leverage":5,"margin_mode":"ISOLATED"}
{"level":"INFO","time":"2025-12-05T16:11:00.307Z","caller":"position/manager.go:319","msg":"Calculated order quantity","quantity":0.0011686029932185943,"usdt_amount":20.885740136000003,"leverage":5,"price":89362}
{"level":"INFO","time":"2025-12-05T16:11:00.394Z","caller":"position/manager.go:98","msg":"Strong signal detected, adding to position","symbol":"ETHUSDT","signal_type":"OPEN_SHORT","position_side":"SHORT"}
{"level":"INFO","time":"2025-12-05T16:11:00.634Z","caller":"position/manager.go:305","msg":"Creating order","symbol":"ETHUSDT","signal_type":"OPEN_SHORT","account_balance":417.71480272,"usdt_amount":20.885740136000003,"current_price":3059.34,"leverage":5,"margin_mode":"ISOLATED"}
{"level":"INFO","time":"2025-12-05T16:11:00.634Z","caller":"position/manager.go:319","msg":"Calculated order quantity","quantity":0.034134388685141244,"usdt_amount":20.885740136000003,"leverage":5,"price":3059.34}
{"level":"INFO","time":"2025-12-05T16:12:00.144Z","caller":"position/manager.go:98","msg":"Strong signal detected, adding to position","symbol":"BTCUSDT","signal_type":"OPEN_SHORT","position_side":"SHORT"}
{"level":"INFO","time":"2025-12-05T16:12:00.452Z","caller":"position/manager.go:305","msg":"Creating order","symbol":"BTCUSDT","signal_type":"OPEN_SHORT","account_balance":396.86687274,"usdt_amount":19.843343637000004,"current_price":89386.3,"leverage":5,"margin_mode":"ISOLATED"}
{"level":"INFO","time":"2025-12-05T16:12:00.452Z","caller":"position/manager.go:319","msg":"Calculated order quantity","quantity":0.0011099767882214613,"usdt_amount":19.843343637000004,"leverage":5,"price":89386.3}
{"level":"INFO","time":"2025-12-05T16:12:00.452Z","caller":"position/manager.go:98","msg":"Strong signal detected, adding to position","symbol":"ETHUSDT","signal_type":"OPEN_SHORT","position_side":"SHORT"}
{"level":"INFO","time":"2025-12-05T16:12:00.659Z","caller":"position/manager.go:305","msg":"Creating order","symbol":"ETHUSDT","signal_type":"OPEN_SHORT","account_balance":396.86687274,"usdt_amount":19.843343637000004,"current_price":3065.92,"leverage":5,"margin_mode":"ISOLATED"}
{"level":"INFO","time":"2025-12-05T16:12:00.660Z","caller":"position/manager.go:319","msg":"Calculated order quantity","quantity":0.03236115690722524,"usdt_amount":19.843343637000004,"leverage":5,"price":3065.92}
{"level":"INFO","time":"2025-12-05T16:13:00.084Z","caller":"position/manager.go:98","msg":"Strong signal detected, adding to position","symbol":"ETHUSDT","signal_type":"OPEN_SHORT","position_side":"SHORT"}
{"level":"INFO","time":"2025-12-05T16:13:00.272Z","caller":"position/manager.go:305","msg":"Creating order","symbol":"ETHUSDT","signal_type":"OPEN_SHORT","account_balance":377.20113675,"usdt_amount":18.8600568375,"current_price":3061.28,"leverage":5,"margin_mode":"ISOLATED"}
{"level":"INFO","time":"2025-12-05T16:13:00.273Z","caller":"position/manager.go:319","msg":"Calculated order quantity","quantity":0.030804200918406677,"usdt_amount":18.8600568375,"leverage":5,"price":3061.28}
{"level":"INFO","time":"2025-12-05T16:13:00.273Z","caller":"position/manager.go:98","msg":"Strong signal detected, adding to position","symbol":"BTCUSDT","signal_type":"OPEN_SHORT","position_side":"SHORT"}
{"level":"INFO","time":"2025-12-05T16:13:00.505Z","caller":"position/manager.go:305","msg":"Creating order","symbol":"BTCUSDT","signal_type":"OPEN_SHORT","account_balance":377.20113675,"usdt_amount":18.8600568375,"current_price":89277.5,"leverage":5,"margin_mode":"ISOLATED"}
{"level":"INFO","time":"2025-12-05T16:13:00.505Z","caller":"position/manager.go:319","msg":"Calculated order quantity","quantity":0.0010562603588530144,"usdt_amount":18.8600568375,"leverage":5,"price":89277.5}
{"level":"INFO","time":"2025-12-05T16:14:00.122Z","caller":"position/manager.go:98","msg":"Strong signal detected, adding to position","symbol":"BTCUSDT","signal_type":"OPEN_SHORT","position_side":"SHORT"}
{"level":"INFO","time":"2025-12-05T16:14:00.598Z","caller":"position/manager.go:305","msg":"Creating order","symbol":"BTCUSDT","signal_type":"OPEN_SHORT","account_balance":358.21380877,"usdt_amount":17.9106904385,"current_price":89293.8,"leverage":5,"margin_mode":"ISOLATED"}
{"level":"INFO","time":"2025-12-05T16:14:00.598Z","caller":"position/manager.go:319","msg":"Calculated order quantity","quantity":0.001002907841221899,"usdt_amount":17.9106904385,"leverage":5,"price":89293.8}
{"level":"INFO","time":"2025-12-05T16:14:00.598Z","caller":"position/manager.go:98","msg":"Strong signal detected, adding to position","symbol":"ETHUSDT","signal_type":"OPEN_SHORT","position_side":"SHORT"}
{"level":"INFO","time":"2025-12-05T16:14:00.930Z","caller":"position/manager.go:305","msg":"Creating order","symbol":"ETHUSDT","signal_type":"OPEN_SHORT","account_balance":358.21380877,"usdt_amount":17.9106904385,"current_price":3061.46,"leverage":5,"margin_mode":"ISOLATED"}
{"level":"INFO","time":"2025-12-05T16:14:00.930Z","caller":"position/manager.go:319","msg":"Calculated order quantity","quantity":0.02925187727179189,"usdt_amount":17.9106904385,"leverage":5,"price":3061.46}
{"level":"INFO","time":"2025-12-05T16:15:00.087Z","caller":"position/manager.go:98","msg":"Strong signal detected, adding to position","symbol":"ETHUSDT","signal_type":"OPEN_SHORT","position_side":"SHORT"}
{"level":"INFO","time":"2025-12-05T16:15:00.418Z","caller":"position/manager.go:305","msg":"Creating order","symbol":"ETHUSDT","signal_type":"OPEN_SHORT","account_balance":340.45130679,"usdt_amount":17.0225653395,"current_price":3059.48,"leverage":5,"margin_mode":"ISOLATED"}
{"level":"INFO","time":"2025-12-05T16:15:00.418Z","caller":"position/manager.go:319","msg":"Calculated order quantity","quantity":0.027819376723332075,"usdt_amount":17.0225653395,"leverage":5,"price":3059.48}
{"level":"INFO","time":"2025-12-05T16:15:00.418Z","caller":"position/manager.go:98","msg":"Strong signal detected, adding to position","symbol":"BTCUSDT","signal_type":"OPEN_SHORT","position_side":"SHORT"}
{"level":"INFO","time":"2025-12-05T16:15:00.667Z","caller":"position/manager.go:305","msg":"Creating order","symbol":"BTCUSDT","signal_type":"OPEN_SHORT","account_balance":340.45130679,"usdt_amount":17.0225653395,"current_price":89329.6,"leverage":5,"margin_mode":"ISOLATED"}
{"level":"INFO","time":"2025-12-05T16:15:00.667Z","caller":"position/manager.go:319","msg":"Calculated order quantity","quantity":0.0009527953410459691,"usdt_amount":17.0225653395,"leverage":5,"price":89329.6}
{"level":"INFO","time":"2025-12-05T16:16:00.144Z","caller":"position/manager.go:98","msg":"Strong signal detected, adding to position","symbol":"BTCUSDT","signal_type":"OPEN_SHORT","position_side":"SHORT"}
{"level":"INFO","time":"2025-12-05T16:16:00.710Z","caller":"position/manager.go:305","msg":"Creating order","symbol":"BTCUSDT","signal_type":"OPEN_SHORT","account_balance":323.31099482,"usdt_amount":16.165549741000003,"current_price":89252.6,"leverage":5,"margin_mode":"ISOLATED"}
{"level":"INFO","time":"2025-12-05T16:16:00.710Z","caller":"position/manager.go:319","msg":"Calculated order quantity","quantity":0.0009056066568929085,"usdt_amount":16.165549741000003,"leverage":5,"price":89252.6}
{"level":"INFO","time":"2025-12-05T16:16:00.711Z","caller":"position/manager.go:98","msg":"Strong signal detected, adding to position","symbol":"ETHUSDT","signal_type":"OPEN_SHORT","position_side":"SHORT"}
{"level":"INFO","time":"2025-12-05T16:16:00.914Z","caller":"position/manager.go:305","msg":"Creating order","symbol":"ETHUSDT","signal_type":"OPEN_SHORT","account_balance":323.31099482,"usdt_amount":16.165549741000003,"current_price":3058.61,"leverage":5,"margin_mode":"ISOLATED"}
{"level":"INFO","time":"2025-12-05T16:16:00.914Z","caller":"position/manager.go:319","msg":"Calculated order quantity","quantity":0.026426301066497532,"usdt_amount":16.165549741000003,"leverage":5,"price":3058.61}
{"level":"INFO","time":"2025-12-05T16:17:00.097Z","caller":"position/manager.go:98","msg":"Strong signal detected, adding to position","symbol":"ETHUSDT","signal_type":"OPEN_SHORT","position_side":"SHORT"}
{"level":"INFO","time":"2025-12-05T16:17:00.432Z","caller":"position/manager.go:305","msg":"Creating order","symbol":"ETHUSDT","signal_type":"OPEN_SHORT","account_balance":307.40485684,"usdt_amount":15.370242842,"current_price":3050.5,"leverage":5,"margin_mode":"ISOLATED"}
{"level":"INFO","time":"2025-12-05T16:17:00.432Z","caller":"position/manager.go:319","msg":"Calculated order quantity","quantity":0.02519298941485002,"usdt_amount":15.370242842,"leverage":5,"price":3050.5}
{"level":"INFO","time":"2025-12-05T16:17:00.432Z","caller":"position/manager.go:98","msg":"Strong signal detected, adding to position","symbol":"BTCUSDT","signal_type":"OPEN_SHORT","position_side":"SHORT"}
{"level":"INFO","time":"2025-12-05T16:17:00.769Z","caller":"position/manager.go:305","msg":"Creating order","symbol":"BTCUSDT","signal_type":"OPEN_SHORT","account_balance":307.40485684,"usdt_amount":15.370242842,"current_price":89086,"leverage":5,"margin_mode":"ISOLATED"}
{"level":"INFO","time":"2025-12-05T16:17:00.769Z","caller":"position/manager.go:319","msg":"Calculated order quantity","quantity":0.0008626632042071705,"usdt_amount":15.370242842,"leverage":5,"price":89086}
{"level":"INFO","time":"2025-12-05T16:18:00.348Z","caller":"position/manager.go:98","msg":"Strong signal detected, adding to position","symbol":"BTCUSDT","signal_type":"OPEN_SHORT","position_side":"SHORT"}
{"level":"INFO","time":"2025-12-05T16:18:00.992Z","caller":"position/manager.go:305","msg":"Creating order","symbol":"BTCUSDT","signal_type":"OPEN_SHORT","account_balance":292.11710684,"usdt_amount":14.605855342000002,"current_price":89057.6,"leverage":5,"margin_mode":"ISOLATED"}
{"level":"INFO","time":"2025-12-05T16:18:00.992Z","caller":"position/manager.go:319","msg":"Calculated order quantity","quantity":0.0008200229594105388,"usdt_amount":14.605855342000002,"leverage":5,"price":89057.6}
{"level":"INFO","time":"2025-12-05T16:18:00.992Z","caller":"position/manager.go:98","msg":"Strong signal detected, adding to position","symbol":"ETHUSDT","signal_type":"OPEN_SHORT","position_side":"SHORT"}
{"level":"INFO","time":"2025-12-05T16:18:01.159Z","caller":"position/manager.go:305","msg":"Creating order","symbol":"ETHUSDT","signal_type":"OPEN_SHORT","account_balance":292.11710684,"usdt_amount":14.605855342000002,"current_price":3054.46,"leverage":5,"margin_mode":"ISOLATED"}
{"level":"INFO","time":"2025-12-05T16:18:01.159Z","caller":"position/manager.go:319","msg":"Calculated order quantity","quantity":0.023909063045513775,"usdt_amount":14.605855342000002,"leverage":5,"price":3054.46}
{"level":"INFO","time":"2025-12-05T16:19:00.116Z","caller":"position/manager.go:98","msg":"Strong signal detected, adding to position","symbol":"ETHUSDT","signal_type":"OPEN_SHORT","position_side":"SHORT"}
{"level":"INFO","time":"2025-12-05T16:19:00.377Z","caller":"position/manager.go:305","msg":"Creating order","symbol":"ETHUSDT","signal_type":"OPEN_SHORT","account_balance":277.4465311,"usdt_amount":13.872326555,"current_price":3068.23,"leverage":5,"margin_mode":"ISOLATED"}
{"level":"INFO","time":"2025-12-05T16:19:00.377Z","caller":"position/manager.go:319","msg":"Calculated order quantity","quantity":0.022606399381728228,"usdt_amount":13.872326555,"leverage":5,"price":3068.23}
{"level":"INFO","time":"2025-12-05T16:20:00.776Z","caller":"position/manager.go:305","msg":"Creating order","symbol":"ETHUSDT","signal_type":"OPEN_LONG","account_balance":263.04245818,"usdt_amount":13.152122909,"current_price":3064.44,"leverage":5,"margin_mode":"ISOLATED"}
{"level":"INFO","time":"2025-12-05T16:20:00.776Z","caller":"position/manager.go:319","msg":"Calculated order quantity","quantity":0.02145925994472073,"usdt_amount":13.152122909,"leverage":5,"price":3064.44}
{"level":"INFO","time":"2025-12-05T16:21:00.402Z","caller":"position/manager.go:305","msg":"Creating order","symbol":"ETHUSDT","signal_type":"OPEN_LONG","account_balance":277.07680433,"usdt_amount":13.853840216500002,"current_price":3067.63,"leverage":5,"margin_mode":"ISOLATED"}
{"level":"INFO","time":"2025-12-05T16:21:00.402Z","caller":"position/manager.go:319","msg":"Calculated order quantity","quantity":0.02258068967981797,"usdt_amount":13.853840216500002,"leverage":5,"price":3067.63}
{"level":"INFO","time":"2025-12-05T16:22:00.476Z","caller":"position/manager.go:305","msg":"Creating order","symbol":"BTCUSDT","signal_type":"OPEN_LONG","account_balance":292.44775488,"usdt_amount":14.622387744000001,"current_price":89073.2,"leverage":5,"margin_mode":"ISOLATED"}
{"level":"INFO","time":"2025-12-05T16:22:00.476Z","caller":"position/manager.go:319","msg":"Calculated order quantity","quantity":0.0008208073665255095,"usdt_amount":14.622387744000001,"leverage":5,"price":89073.2}
{"level":"INFO","time":"2025-12-05T16:22:00.667Z","caller":"position/manager.go:305","msg":"Creating order","symbol":"ETHUSDT","signal_type":"OPEN_LONG","account_balance":292.44775488,"usdt_amount":14.622387744000001,"current_price":3064.48,"leverage":5,"margin_mode":"ISOLATED"}
{"level":"INFO","time":"2025-12-05T16:22:00.668Z","caller":"position/manager.go:319","msg":"Calculated order quantity","quantity":0.02385786127499609,"usdt_amount":14.622387744000001,"leverage":5,"price":3064.48}
{"level":"INFO","time":"2025-12-05T16:23:00.256Z","caller":"position/manager.go:305","msg":"Creating order","symbol":"ETHUSDT","signal_type":"OPEN_LONG","account_balance":308.48700763,"usdt_amount":15.4243503815,"current_price":3071.82,"leverage":5,"margin_mode":"ISOLATED"}
{"level":"INFO","time":"2025-12-05T16:23:00.256Z","caller":"position/manager.go:319","msg":"Calculated order quantity","quantity":0.02510620801593192,"usdt_amount":15.4243503815,"leverage":5,"price":3071.82}
{"level":"INFO","time":"2025-12-05T16:23:00.511Z","caller":"position/manager.go:305","msg":"Creating order","symbol":"BTCUSDT","signal_type":"OPEN_LONG","account_balance":325.1946326,"usdt_amount":16.25973163,"current_price":89222.1,"leverage":5,"margin_mode":"ISOLATED"}
{"level":"INFO","time":"2025-12-05T16:23:00.511Z","caller":"position/manager.go:319","msg":"Calculated order quantity","quantity":0.0009111941789085888,"usdt_amount":16.25973163,"leverage":5,"price":89222.1}
{"level":"INFO","time":"2025-12-05T16:24:00.404Z","caller":"position/manager.go:305","msg":"Creating order","symbol":"BTCUSDT","signal_type":"OPEN_LONG","account_balance":325.1946326,"usdt_amount":16.25973163,"current_price":89161.7,"leverage":5,"margin_mode":"ISOLATED"}
{"level":"INFO","time":"2025-12-05T16:24:00.405Z","caller":"position/manager.go:319","msg":"Calculated order quantity","quantity":0.0009118114408989511,"usdt_amount":16.25973163,"leverage":5,"price":89161.7}
{"level":"INFO","time":"2025-12-05T16:24:00.731Z","caller":"position/manager.go:305","msg":"Creating order","symbol":"ETHUSDT","signal_type":"OPEN_LONG","account_balance":325.1946326,"usdt_amount":16.25973163,"current_price":3065.45,"leverage":5,"margin_mode":"ISOLATED"}
{"level":"INFO","time":"2025-12-05T16:24:00.731Z","caller":"position/manager.go:319","msg":"Calculated order quantity","quantity":0.026520953905625606,"usdt_amount":16.25973163,"leverage":5,"price":3065.45}
{"level":"INFO","time":"2025-12-05T16:25:00.422Z","caller":"position/manager.go:305","msg":"Creating order","symbol":"ETHUSDT","signal_type":"OPEN_LONG","account_balance":343.26607285,"usdt_amount":17.1633036425,"current_price":3064.21,"leverage":5,"margin_mode":"ISOLATED"}
{"level":"INFO","time":"2025-12-05T16:25:00.422Z","caller":"position/manager.go:319","msg":"Calculated order quantity","quantity":0.02800608255064111,"usdt_amount":17.1633036425,"leverage":5,"price":3064.21}
{"level":"INFO","time":"2025-12-05T16:27:00.773Z","caller":"position/manager.go:305","msg":"Creating order","symbol":"BTCUSDT","signal_type":"OPEN_LONG","account_balance":361.97937473,"usdt_amount":18.0989687365,"current_price":89200.2,"leverage":5,"margin_mode":"ISOLATED"}
{"level":"INFO","time":"2025-12-05T16:27:00.773Z","caller":"position/manager.go:319","msg":"Calculated order quantity","quantity":0.0010145139100865245,"usdt_amount":18.0989687365,"leverage":5,"price":89200.2}
{"level":"INFO","time":"2025-12-05T16:27:01.006Z","caller":"position/manager.go:305","msg":"Creating order","symbol":"ETHUSDT","signal_type":"OPEN_LONG","account_balance":361.97937473,"usdt_amount":18.0989687365,"current_price":3071.29,"leverage":5,"margin_mode":"ISOLATED"}
{"level":"INFO","time":"2025-12-05T16:27:01.006Z","caller":"position/manager.go:319","msg":"Calculated order quantity","quantity":0.029464766818665774,"usdt_amount":18.0989687365,"leverage":5,"price":3071.29}
{"level":"INFO","time":"2025-12-05T16:28:00.481Z","caller":"position/manager.go:305","msg":"Creating order","symbol":"BTCUSDT","signal_type":"OPEN_LONG","account_balance":381.35723731,"usdt_amount":19.067861865500003,"current_price":89105,"leverage":5,"margin_mode":"ISOLATED"}
{"level":"INFO","time":"2025-12-05T16:28:00.482Z","caller":"position/manager.go:319","msg":"Calculated order quantity","quantity":0.0010699658753998095,"usdt_amount":19.067861865500003,"leverage":5,"price":89105}
{"level":"INFO","time":"2025-12-05T16:36:00.250Z","caller":"position/manager.go:98","msg":"Strong signal detected, adding to position","symbol":"ETHUSDT","signal_type":"OPEN_SHORT","position_side":"SHORT"}
{"level":"INFO","time":"2025-12-05T16:36:00.954Z","caller":"position/manager.go:305","msg":"Creating order","symbol":"ETHUSDT","signal_type":"OPEN_SHORT","account_balance":381.35723731,"usdt_amount":19.067861865500003,"current_price":3044.55,"leverage":5,"margin_mode":"ISOLATED"}
{"level":"INFO","time":"2025-12-05T16:36:00.954Z","caller":"position/manager.go:319","msg":"Calculated order quantity","quantity":0.031314745800693045,"usdt_amount":19.067861865500003,"leverage":5,"price":3044.55}
{"level":"INFO","time":"2025-12-05T16:37:00.415Z","caller":"position/manager.go:98","msg":"Strong signal detected, adding to position","symbol":"ETHUSDT","signal_type":"OPEN_SHORT","position_side":"SHORT"}
{"level":"INFO","time":"2025-12-05T16:37:00.594Z","caller":"position/manager.go:305","msg":"Creating order","symbol":"ETHUSDT","signal_type":"OPEN_SHORT","account_balance":362.47307733,"usdt_amount":18.123653866500003,"current_price":3032.47,"leverage":5,"margin_mode":"ISOLATED"}
{"level":"INFO","time":"2025-12-05T16:37:00.594Z","caller":"position/manager.go:319","msg":"Calculated order quantity","quantity":0.029882659789709387,"usdt_amount":18.123653866500003,"leverage":5,"price":3032.47}
{"level":"INFO","time":"2025-12-05T16:38:00.352Z","caller":"position/manager.go:98","msg":"Strong signal detected, adding to position","symbol":"ETHUSDT","signal_type":"OPEN_SHORT","position_side":"SHORT"}
{"level":"INFO","time":"2025-12-05T16:38:00.673Z","caller":"position/manager.go:305","msg":"Creating order","symbol":"ETHUSDT","signal_type":"OPEN_SHORT","account_balance":344.27128335,"usdt_amount":17.2135641675,"current_price":3033.1,"leverage":5,"margin_mode":"ISOLATED"}
{"level":"INFO","time":"2025-12-05T16:38:00.673Z","caller":"position/manager.go:319","msg":"Calculated order quantity","quantity":0.02837618965332498,"usdt_amount":17.2135641675,"leverage":5,"price":3033.1}
{"level":"INFO","time":"2025-12-05T16:39:00.106Z","caller":"position/manager.go:98","msg":"Strong signal detected, adding to position","symbol":"ETHUSDT","signal_type":"OPEN_SHORT","position_side":"SHORT"}
{"level":"INFO","time":"2025-12-05T16:39:00.339Z","caller":"position/manager.go:305","msg":"Creating order","symbol":"ETHUSDT","signal_type":"OPEN_SHORT","account_balance":327.26137822,"usdt_amount":16.363068911,"current_price":3031.98,"leverage":5,"margin_mode":"ISOLATED"}
{"level":"INFO","time":"2025-12-05T16:39:00.339Z","caller":"position/manager.go:319","msg":"Calculated order quantity","quantity":0.026984130685228792,"usdt_amount":16.363068911,"leverage":5,"price":3031.98}
{"level":"INFO","time":"2025-12-05T16:40:00.657Z","caller":"position/manager.go:305","msg":"Creating order","symbol":"BTCUSDT","signal_type":"OPEN_LONG","account_balance":310.88150424,"usdt_amount":15.544075212000003,"current_price":88550,"leverage":5,"margin_mode":"ISOLATED"}
{"level":"INFO","time":"2025-12-05T16:40:00.657Z","caller":"position/manager.go:319","msg":"Calculated order quantity","quantity":0.000877700463692829,"usdt_amount":15.544075212000003,"leverage":5,"price":88550}
{"level":"INFO","time":"2025-12-05T16:40:00.657Z","caller":"position/manager.go:98","msg":"Strong signal detected, adding to position","symbol":"ETHUSDT","signal_type":"OPEN_SHORT","position_side":"SHORT"}
{"level":"INFO","time":"2025-12-05T16:40:01.058Z","caller":"position/manager.go:305","msg":"Creating order","symbol":"ETHUSDT","signal_type":"OPEN_SHORT","account_balance":310.88150424,"usdt_amount":15.544075212000003,"current_price":3030.21,"leverage":5,"margin_mode":"ISOLATED"}
{"level":"INFO","time":"2025-12-05T16:40:01.058Z","caller":"position/manager.go:319","msg":"Calculated order quantity","quantity":0.02564851150910333,"usdt_amount":15.544075212000003,"leverage":5,"price":3030.21}
{"level":"INFO","time":"2025-12-05T16:41:00.102Z","caller":"position/manager.go:98","msg":"Strong signal detected, adding to position","symbol":"ETHUSDT","signal_type":"OPEN_SHORT","position_side":"SHORT"}
{"level":"INFO","time":"2025-12-05T16:41:00.458Z","caller":"position/manager.go:305","msg":"Creating order","symbol":"ETHUSDT","signal_type":"OPEN_SHORT","account_balance":295.11259426,"usdt_amount":14.755629713,"current_price":3016.52,"leverage":5,"margin_mode":"ISOLATED"}
{"level":"INFO","time":"2025-12-05T16:41:00.458Z","caller":"position/manager.go:319","msg":"Calculated order quantity","quantity":0.02445803394805935,"usdt_amount":14.755629713,"leverage":5,"price":3016.52}
{"level":"INFO","time":"2025-12-05T16:41:00.458Z","caller":"position/manager.go:98","msg":"Strong signal detected, adding to position","symbol":"BTCUSDT","signal_type":"OPEN_SHORT","position_side":"SHORT"}
{"level":"INFO","time":"2025-12-05T16:41:00.660Z","caller":"position/manager.go:305","msg":"Creating order","symbol":"BTCUSDT","signal_type":"OPEN_SHORT","account_balance":295.11259426,"usdt_amount":14.755629713,"current_price":88402.1,"leverage":5,"margin_mode":"ISOLATED"}
{"level":"INFO","time":"2025-12-05T16:41:00.660Z","caller":"position/manager.go:319","msg":"Calculated order quantity","quantity":0.000834574614912994,"usdt_amount":14.755629713,"leverage":5,"price":88402.1}
{"level":"INFO","time":"2025-12-05T16:42:00.121Z","caller":"position/manager.go:98","msg":"Strong signal detected, adding to position","symbol":"BTCUSDT","signal_type":"OPEN_SHORT","position_side":"SHORT"}
{"level":"INFO","time":"2025-12-05T16:42:00.405Z","caller":"position/manager.go:305","msg":"Creating order","symbol":"BTCUSDT","signal_type":"OPEN_SHORT","account_balance":280.59930027,"usdt_amount":14.029965013500002,"current_price":88353.8,"leverage":5,"margin_mode":"ISOLATED"}
{"level":"INFO","time":"2025-12-05T16:42:00.405Z","caller":"position/manager.go:319","msg":"Calculated order quantity","quantity":0.0007939650028351921,"usdt_amount":14.029965013500002,"leverage":5,"price":88353.8}
{"level":"INFO","time":"2025-12-05T16:42:00.405Z","caller":"position/manager.go:98","msg":"Strong signal detected, adding to position","symbol":"ETHUSDT","signal_type":"OPEN_SHORT","position_side":"SHORT"}
{"level":"INFO","time":"2025-12-05T16:42:00.736Z","caller":"position/manager.go:305","msg":"Creating order","symbol":"ETHUSDT","signal_type":"OPEN_SHORT","account_balance":280.59930027,"usdt_amount":14.029965013500002,"current_price":3012.71,"leverage":5,"margin_mode":"ISOLATED"}
{"level":"INFO","time":"2025-12-05T16:42:00.736Z","caller":"position/manager.go:319","msg":"Calculated order quantity","quantity":0.02328462582442386,"usdt_amount":14.029965013500002,"leverage":5,"price":3012.71}
{"level":"INFO","time":"2025-12-05T16:43:00.148Z","caller":"position/manager.go:98","msg":"Strong signal detected, adding to position","symbol":"BTCUSDT","signal_type":"OPEN_SHORT","position_side":"SHORT"}
{"level":"INFO","time":"2025-12-05T16:43:00.456Z","caller":"position/manager.go:305","msg":"Creating order","symbol":"BTCUSDT","signal_type":"OPEN_SHORT","account_balance":266.72968829,"usdt_amount":13.336484414500001,"current_price":88146.1,"leverage":5,"margin_mode":"ISOLATED"}
{"level":"INFO","time":"2025-12-05T16:43:00.456Z","caller":"position/manager.go:319","msg":"Calculated order quantity","quantity":0.0007564988362786328,"usdt_amount":13.336484414500001,"leverage":5,"price":88146.1}
{"level":"INFO","time":"2025-12-05T16:43:00.999Z","caller":"position/manager.go:98","msg":"Strong signal detected, adding to position","symbol":"ETHUSDT","signal_type":"OPEN_SHORT","position_side":"SHORT"}
{"level":"INFO","time":"2025-12-05T16:43:01.346Z","caller":"position/manager.go:305","msg":"Creating order","symbol":"ETHUSDT","signal_type":"OPEN_SHORT","account_balance":266.72968829,"usdt_amount":13.336484414500001,"current_price":3010.05,"leverage":5,"margin_mode":"ISOLATED"}
{"level":"INFO","time":"2025-12-05T16:43:01.346Z","caller":"position/manager.go:319","msg":"Calculated order quantity","quantity":0.022153260601152806,"usdt_amount":13.336484414500001,"leverage":5,"price":3010.05}
{"level":"INFO","time":"2025-12-05T16:44:00.157Z","caller":"position/manager.go:98","msg":"Strong signal detected, adding to position","symbol":"ETHUSDT","signal_type":"OPEN_SHORT","position_side":"SHORT"}
{"level":"INFO","time":"2025-12-05T16:44:00.365Z","caller":"position/manager.go:305","msg":"Creating order","symbol":"ETHUSDT","signal_type":"OPEN_SHORT","account_balance":253.47647829,"usdt_amount":12.6738239145,"current_price":3012.29,"leverage":5,"margin_mode":"ISOLATED"}
{"level":"INFO","time":"2025-12-05T16:44:00.366Z","caller":"position/manager.go:319","msg":"Calculated order quantity","quantity":0.021036858859040795,"usdt_amount":12.6738239145,"leverage":5,"price":3012.29}
{"level":"INFO","time":"2025-12-05T16:45:00.111Z","caller":"position/manager.go:98","msg":"Strong signal detected, adding to position","symbol":"ETHUSDT","signal_type":"OPEN_SHORT","position_side":"SHORT"}
{"level":"INFO","time":"2025-12-05T16:45:00.346Z","caller":"position/manager.go:305","msg":"Creating order","symbol":"ETHUSDT","signal_type":"OPEN_SHORT","account_balance":240.8151163,"usdt_amount":12.040755815,"current_price":3014.19,"leverage":5,"margin_mode":"ISOLATED"}
{"level":"INFO","time":"2025-12-05T16:45:00.346Z","caller":"position/manager.go:319","msg":"Calculated order quantity","quantity":0.019973451930701117,"usdt_amount":12.040755815,"leverage":5,"price":3014.19}
{"level":"INFO","time":"2025-12-05T16:46:00.374Z","caller":"position/manager.go:305","msg":"Creating order","symbol":"BTCUSDT","signal_type":"OPEN_LONG","account_balance":228.71997232,"usdt_amount":11.435998616000001,"current_price":88561.9,"leverage":5,"margin_mode":"ISOLATED"}
{"level":"INFO","time":"2025-12-05T16:46:00.374Z","caller":"position/manager.go:319","msg":"Calculated order quantity","quantity":0.0006456500264786551,"usdt_amount":11.435998616000001,"leverage":5,"price":88561.9}
{"level":"INFO","time":"2025-12-05T16:47:00.655Z","caller":"position/manager.go:305","msg":"Creating order","symbol":"BTCUSDT","signal_type":"OPEN_LONG","account_balance":228.71997232,"usdt_amount":11.435998616000001,"current_price":88478,"leverage":5,"margin_mode":"ISOLATED"}
{"level":"INFO","time":"2025-12-05T16:47:00.655Z","caller":"position/manager.go:319","msg":"Calculated order quantity","quantity":0.0006462622694907208,"usdt_amount":11.435998616000001,"leverage":5,"price":88478}
{"level":"INFO","time":"2025-12-05T16:48:00.909Z","caller":"position/manager.go:305","msg":"Creating order","symbol":"BTCUSDT","signal_type":"OPEN_LONG","account_balance":228.71997232,"usdt_amount":11.435998616000001,"current_price":88479.2,"leverage":5,"margin_mode":"ISOLATED"}
{"level":"INFO","time":"2025-12-05T16:48:00.909Z","caller":"position/manager.go:319","msg":"Calculated order quantity","quantity":0.0006462535045524824,"usdt_amount":11.435998616000001,"leverage":5,"price":88479.2}
{"level":"INFO","time":"2025-12-05T16:49:01.003Z","caller":"position/manager.go:305","msg":"Creating order","symbol":"BTCUSDT","signal_type":"OPEN_LONG","account_balance":228.71997232,"usdt_amount":11.435998616000001,"current_price":88427.5,"leverage":5,"margin_mode":"ISOLATED"}
{"level":"INFO","time":"2025-12-05T16:49:01.003Z","caller":"position/manager.go:319","msg":"Calculated order quantity","quantity":0.0006466313429645755,"usdt_amount":11.435998616000001,"leverage":5,"price":88427.5}
{"level":"INFO","time":"2025-12-05T16:50:00.203Z","caller":"position/manager.go:98","msg":"Strong signal detected, adding to position","symbol":"ETHUSDT","signal_type":"OPEN_SHORT","position_side":"SHORT"}
{"level":"INFO","time":"2025-12-05T16:50:01.903Z","caller":"position/manager.go:305","msg":"Creating order","symbol":"ETHUSDT","signal_type":"OPEN_SHORT","account_balance":228.71997232,"usdt_amount":11.435998616000001,"current_price":3006.17,"leverage":5,"margin_mode":"ISOLATED"}
{"level":"INFO","time":"2025-12-05T16:50:01.903Z","caller":"position/manager.go:319","msg":"Calculated order quantity","quantity":0.019020878087400248,"usdt_amount":11.435998616000001,"leverage":5,"price":3006.17}
{"level":"INFO","time":"2025-12-05T16:50:02.176Z","caller":"position/manager.go:305","msg":"Creating order","symbol":"BTCUSDT","signal_type":"OPEN_LONG","account_balance":217.28957232,"usdt_amount":10.864478616,"current_price":88337.7,"leverage":5,"margin_mode":"ISOLATED"}
{"level":"INFO","time":"2025-12-05T16:50:02.177Z","caller":"position/manager.go:319","msg":"Calculated order quantity","quantity":0.0006149400887729701,"usdt_amount":10.864478616,"leverage":5,"price":88337.7}
{"level":"INFO","time":"2025-12-05T16:51:00.155Z","caller":"position/manager.go:98","msg":"Strong signal detected, adding to position","symbol":"ETHUSDT","signal_type":"OPEN_SHORT","position_side":"SHORT"}
{"level":"INFO","time":"2025-12-05T16:51:00.401Z","caller":"position/manager.go:305","msg":"Creating order","symbol":"ETHUSDT","signal_type":"OPEN_SHORT","account_balance":217.28957232,"usdt_amount":10.864478616,"current_price":3006.43,"leverage":5,"margin_mode":"ISOLATED"}
{"level":"INFO","time":"2025-12-05T16:51:00.401Z","caller":"position/manager.go:319","msg":"Calculated order quantity","quantity":0.018068737033624598,"usdt_amount":10.864478616,"leverage":5,"price":3006.43}
{"level":"INFO","time":"2025-12-05T16:52:00.091Z","caller":"position/manager.go:98","msg":"Strong signal detected, adding to position","symbol":"ETHUSDT","signal_type":"OPEN_SHORT","position_side":"SHORT"}
{"level":"INFO","time":"2025-12-05T16:52:00.325Z","caller":"position/manager.go:305","msg":"Creating order","symbol":"ETHUSDT","signal_type":"OPEN_SHORT","account_balance":206.46084433,"usdt_amount":10.3230422165,"current_price":3007.1,"leverage":5,"margin_mode":"ISOLATED"}
{"level":"INFO","time":"2025-12-05T16:52:00.325Z","caller":"position/manager.go:319","msg":"Calculated order quantity","quantity":0.017164447834292173,"usdt_amount":10.3230422165,"leverage":5,"price":3007.1}
{"level":"INFO","time":"2025-12-05T16:53:00.477Z","caller":"position/manager.go:305","msg":"Creating order","symbol":"BTCUSDT","signal_type":"OPEN_LONG","account_balance":196.22526446,"usdt_amount":9.811263223000001,"current_price":88694.5,"leverage":5,"margin_mode":"ISOLATED"}
{"level":"INFO","time":"2025-12-05T16:53:00.477Z","caller":"position/manager.go:319","msg":"Calculated order quantity","quantity":0.0005530931017706848,"usdt_amount":9.811263223000001,"leverage":5,"price":88694.5}
{"level":"INFO","time":"2025-12-05T16:54:00.320Z","caller":"position/manager.go:305","msg":"Creating order","symbol":"ETHUSDT","signal_type":"OPEN_LONG","account_balance":196.22526446,"usdt_amount":9.811263223000001,"current_price":3019.6,"leverage":5,"margin_mode":"ISOLATED"}
{"level":"INFO","time":"2025-12-05T16:54:00.320Z","caller":"position/manager.go:319","msg":"Calculated order quantity","quantity":0.01624596506656511,"usdt_amount":9.811263223000001,"leverage":5,"price":3019.6}
{"level":"INFO","time":"2025-12-05T16:54:00.923Z","caller":"position/manager.go:305","msg":"Creating order","symbol":"BTCUSDT","signal_type":"OPEN_LONG","account_balance":196.22526446,"usdt_amount":9.811263223000001,"current_price":88686.4,"leverage":5,"margin_mode":"ISOLATED"}
{"level":"INFO","time":"2025-12-05T16:54:00.923Z","caller":"position/manager.go:319","msg":"Calculated order quantity","quantity":0.000553143617454311,"usdt_amount":9.811263223000001,"leverage":5,"price":88686.4}
{"level":"INFO","time":"2025-12-05T16:55:00.450Z","caller":"position/manager.go:305","msg":"Creating order","symbol":"BTCUSDT","signal_type":"OPEN_LONG","account_balance":207.63290509,"usdt_amount":10.3816452545,"current_price":88709.2,"leverage":5,"margin_mode":"ISOLATED"}
{"level":"INFO","time":"2025-12-05T16:55:00.450Z","caller":"position/manager.go:319","msg":"Calculated order quantity","quantity":0.0005851504271541171,"usdt_amount":10.3816452545,"leverage":5,"price":88709.2}
{"level":"INFO","time":"2025-12-05T16:55:00.664Z","caller":"position/manager.go:305","msg":"Creating order","symbol":"ETHUSDT","signal_type":"OPEN_LONG","account_balance":207.63290509,"usdt_amount":10.3816452545,"current_price":3025.44,"leverage":5,"margin_mode":"ISOLATED"}
{"level":"INFO","time":"2025-12-05T16:55:00.664Z","caller":"position/manager.go:319","msg":"Calculated order quantity","quantity":0.01715724862251441,"usdt_amount":10.3816452545,"leverage":5,"price":3025.44}
{"level":"INFO","time":"2025-12-05T16:56:00.934Z","caller":"position/manager.go:305","msg":"Creating order","symbol":"ETHUSDT","signal_type":"OPEN_LONG","account_balance":219.6589867,"usdt_amount":10.982949335,"current_price":3022.89,"leverage":5,"margin_mode":"ISOLATED"}
{"level":"INFO","time":"2025-12-05T16:56:00.934Z","caller":"position/manager.go:319","msg":"Calculated order quantity","quantity":0.018166306638680206,"usdt_amount":10.982949335,"leverage":5,"price":3022.89}
{"level":"INFO","time":"2025-12-05T16:56:01.184Z","caller":"position/manager.go:305","msg":"Creating order","symbol":"BTCUSDT","signal_type":"OPEN_LONG","account_balance":232.39878741,"usdt_amount":11.619939370500001,"current_price":88650.8,"leverage":5,"margin_mode":"ISOLATED"}
{"level":"INFO","time":"2025-12-05T16:56:01.184Z","caller":"position/manager.go:319","msg":"Calculated order quantity","quantity":0.0006553770169304733,"usdt_amount":11.619939370500001,"leverage":5,"price":88650.8}
{"level":"INFO","time":"2025-12-05T16:57:00.248Z","caller":"position/manager.go:305","msg":"Creating order","symbol":"BTCUSDT","signal_type":"OPEN_LONG","account_balance":232.39878741,"usdt_amount":11.619939370500001,"current_price":88697.8,"leverage":5,"margin_mode":"ISOLATED"}
{"level":"INFO","time":"2025-12-05T16:57:00.248Z","caller":"position/manager.go:319","msg":"Calculated order quantity","quantity":0.0006550297397737036,"usdt_amount":11.619939370500001,"leverage":5,"price":88697.8}
{"level":"INFO","time":"2025-12-05T16:57:00.618Z","caller":"position/manager.go:305","msg":"Creating order","symbol":"ETHUSDT","signal_type":"OPEN_LONG","account_balance":232.39878741,"usdt_amount":11.619939370500001,"current_price":3028.43,"leverage":5,"margin_mode":"ISOLATED"}
{"level":"INFO","time":"2025-12-05T16:57:00.618Z","caller":"position/manager.go:319","msg":"Calculated order quantity","quantity":0.019184758060282064,"usdt_amount":11.619939370500001,"leverage":5,"price":3028.43}
{"level":"INFO","time":"2025-12-05T16:58:00.721Z","caller":"position/manager.go:305","msg":"Creating order","symbol":"BTCUSDT","signal_type":"OPEN_LONG","account_balance":245.80498827,"usdt_amount":12.2902494135,"current_price":88796.2,"leverage":5,"margin_mode":"ISOLATED"}
{"level":"INFO","time":"2025-12-05T16:58:00.721Z","caller":"position/manager.go:319","msg":"Calculated order quantity","quantity":0.0006920481627310628,"usdt_amount":12.2902494135,"leverage":5,"price":88796.2}
{"level":"INFO","time":"2025-12-05T16:58:01.130Z","caller":"position/manager.go:305","msg":"Creating order","symbol":"ETHUSDT","signal_type":"OPEN_LONG","account_balance":245.80498827,"usdt_amount":12.2902494135,"current_price":3035.42,"leverage":5,"margin_mode":"ISOLATED"}
{"level":"INFO","time":"2025-12-05T16:58:01.130Z","caller":"position/manager.go:319","msg":"Calculated order quantity","quantity":0.020244726287465983,"usdt_amount":12.2902494135,"leverage":5,"price":3035.42}
{"level":"INFO","time":"2025-12-05T16:59:00.243Z","caller":"position/manager.go:305","msg":"Creating order","symbol":"ETHUSDT","signal_type":"OPEN_LONG","account_balance":259.85908191,"usdt_amount":12.9929540955,"current_price":3036.27,"leverage":5,"margin_mode":"ISOLATED"}
{"level":"INFO","time":"2025-12-05T16:59:00.243Z","caller":"position/manager.go:319","msg":"Calculated order quantity","quantity":0.02139624291564979,"usdt_amount":12.9929540955,"leverage":5,"price":3036.27}
{"level":"INFO","time":"2025-12-05T16:59:00.829Z","caller":"position/manager.go:305","msg":"Creating order","symbol":"BTCUSDT","signal_type":"OPEN_LONG","account_balance":274.50934764,"usdt_amount":13.725467382,"current_price":88908.2,"leverage":5,"margin_mode":"ISOLATED"}
{"level":"INFO","time":"2025-12-05T16:59:00.829Z","caller":"position/manager.go:319","msg":"Calculated order quantity","quantity":0.0007718898471682027,"usdt_amount":13.725467382,"leverage":5,"price":88908.2}
{"level":"INFO","time":"2025-12-05T17:00:00.404Z","caller":"position/manager.go:305","msg":"Creating order","symbol":"BTCUSDT","signal_type":"OPEN_LONG","account_balance":274.50934764,"usdt_amount":13.725467382,"current_price":88757.5,"leverage":5,"margin_mode":"ISOLATED"}
{"level":"INFO","time":"2025-12-05T17:00:00.404Z","caller":"position/manager.go:319","msg":"Calculated order quantity","quantity":0.000773200427118835,"usdt_amount":13.725467382,"leverage":5,"price":88757.5}
{"level":"INFO","time":"2025-12-05T17:00:01.462Z","caller":"position/manager.go:305","msg":"Creating order","symbol":"ETHUSDT","signal_type":"OPEN_LONG","account_balance":274.50934764,"usdt_amount":13.725467382,"current_price":3031.69,"leverage":5,"margin_mode":"ISOLATED"}
{"level":"INFO","time":"2025-12-05T17:00:01.462Z","caller":"position/manager.go:319","msg":"Calculated order quantity","quantity":0.022636660380843686,"usdt_amount":13.725467382,"leverage":5,"price":3031.69}
{"level":"INFO","time":"2025-12-05T17:01:01.133Z","caller":"position/manager.go:305","msg":"Creating order","symbol":"ETHUSDT","signal_type":"OPEN_LONG","account_balance":290.51417239,"usdt_amount":14.525708619500001,"current_price":3028.13,"leverage":5,"margin_mode":"ISOLATED"}
{"level":"INFO","time":"2025-12-05T17:01:01.133Z","caller":"position/manager.go:319","msg":"Calculated order quantity","quantity":0.023984618592167443,"usdt_amount":14.525708619500001,"leverage":5,"price":3028.13}
{"level":"INFO","time":"2025-12-05T17:02:00.632Z","caller":"position/manager.go:305","msg":"Creating order","symbol":"BTCUSDT","signal_type":"OPEN_LONG","account_balance":307.41317838,"usdt_amount":15.370658919,"current_price":88834.4,"leverage":5,"margin_mode":"ISOLATED"}
{"level":"INFO","time":"2025-12-05T17:02:00.632Z","caller":"position/manager.go:319","msg":"Calculated order quantity","quantity":0.0008651298888155939,"usdt_amount":15.370658919,"leverage":5,"price":88834.4}
{"level":"INFO","time":"2025-12-05T17:02:01.591Z","caller":"position/manager.go:305","msg":"Creating order","symbol":"ETHUSDT","signal_type":"OPEN_LONG","account_balance":307.41317838,"usdt_amount":15.370658919,"current_price":3033.86,"leverage":5,"margin_mode":"ISOLATED"}
{"level":"INFO","time":"2025-12-05T17:02:01.591Z","caller":"position/manager.go:319","msg":"Calculated order quantity","quantity":0.025331852687665215,"usdt_amount":15.370658919,"leverage":5,"price":3033.86}
{"level":"INFO","time":"2025-12-05T17:03:00.824Z","caller":"position/manager.go:305","msg":"Creating order","symbol":"ETHUSDT","signal_type":"OPEN_LONG","account_balance":324.99662174,"usdt_amount":16.249831087,"current_price":3029.82,"leverage":5,"margin_mode":"ISOLATED"}
{"level":"INFO","time":"2025-12-05T17:03:00.824Z","caller":"position/manager.go:319","msg":"Calculated order quantity","quantity":0.026816495842987374,"usdt_amount":16.249831087,"leverage":5,"price":3029.82}
{"level":"INFO","time":"2025-12-05T17:07:00.614Z","caller":"position/manager.go:305","msg":"Creating order","symbol":"BTCUSDT","signal_type":"OPEN_LONG","account_balance":343.95965414,"usdt_amount":17.197982707,"current_price":88751.7,"leverage":5,"margin_mode":"ISOLATED"}
{"level":"INFO","time":"2025-12-05T17:07:00.615Z","caller":"position/manager.go:319","msg":"Calculated order quantity","quantity":0.0009688818753330922,"usdt_amount":17.197982707,"leverage":5,"price":88751.7}
{"level":"INFO","time":"2025-12-05T17:11:00.280Z","caller":"position/manager.go:98","msg":"Strong signal detected, adding to position","symbol":"ETHUSDT","signal_type":"OPEN_SHORT","position_side":"SHORT"}
{"level":"INFO","time":"2025-12-05T17:11:01.301Z","caller":"position/manager.go:305","msg":"Creating order","symbol":"ETHUSDT","signal_type":"OPEN_SHORT","account_balance":343.95965414,"usdt_amount":17.197982707,"current_price":3016.35,"leverage":5,"margin_mode":"ISOLATED"}
{"level":"INFO","time":"2025-12-05T17:11:01.301Z","caller":"position/manager.go:319","msg":"Calculated order quantity","quantity":0.028507936259054817,"usdt_amount":17.197982707,"leverage":5,"price":3016.35}
{"level":"INFO","time":"2025-12-05T17:12:00.208Z","caller":"position/manager.go:98","msg":"Strong signal detected, adding to position","symbol":"ETHUSDT","signal_type":"OPEN_SHORT","position_side":"SHORT"}
{"level":"INFO","time":"2025-12-05T17:12:00.309Z","caller":"position/manager.go:305","msg":"Creating order","symbol":"ETHUSDT","signal_type":"OPEN_SHORT","account_balance":326.44245498,"usdt_amount":16.322122749,"current_price":3015.21,"leverage":5,"margin_mode":"ISOLATED"}
{"level":"INFO","time":"2025-12-05T17:12:00.309Z","caller":"position/manager.go:319","msg":"Calculated order quantity","quantity":0.027066311714606942,"usdt_amount":16.322122749,"leverage":5,"price":3015.21}
{"level":"INFO","time":"2025-12-05T17:13:00.142Z","caller":"position/manager.go:98","msg":"Strong signal detected, adding to position","symbol":"ETHUSDT","signal_type":"OPEN_SHORT","position_side":"SHORT"}
{"level":"INFO","time":"2025-12-05T17:13:00.303Z","caller":"position/manager.go:305","msg":"Creating order","symbol":"ETHUSDT","signal_type":"OPEN_SHORT","account_balance":310.16010498,"usdt_amount":15.508005249000002,"current_price":3017.42,"leverage":5,"margin_mode":"ISOLATED"}
{"level":"INFO","time":"2025-12-05T17:13:00.304Z","caller":"position/manager.go:319","msg":"Calculated order quantity","quantity":0.025697458837351115,"usdt_amount":15.508005249000002,"leverage":5,"price":3017.42}
{"level":"INFO","time":"2025-12-05T17:13:00.304Z","caller":"position/manager.go:98","msg":"Strong signal detected, adding to position","symbol":"BTCUSDT","signal_type":"OPEN_SHORT","position_side":"SHORT"}
{"level":"INFO","time":"2025-12-05T17:13:00.447Z","caller":"position/manager.go:305","msg":"Creating order","symbol":"BTCUSDT","signal_type":"OPEN_SHORT","account_balance":294.46038713,"usdt_amount":14.723019356500002,"current_price":88658.3,"leverage":5,"margin_mode":"ISOLATED"}
{"level":"INFO","time":"2025-12-05T17:13:00.447Z","caller":"position/manager.go:319","msg":"Calculated order quantity","quantity":0.0008303238025373823,"usdt_amount":14.723019356500002,"leverage":5,"price":88658.3}
{"level":"INFO","time":"2025-12-05T17:14:00.226Z","caller":"position/manager.go:98","msg":"Strong signal detected, adding to position","symbol":"BTCUSDT","signal_type":"OPEN_SHORT","position_side":"SHORT"}
{"level":"INFO","time":"2025-12-05T17:14:00.563Z","caller":"position/manager.go:305","msg":"Creating order","symbol":"BTCUSDT","signal_type":"OPEN_SHORT","account_balance":294.46038713,"usdt_amount":14.723019356500002,"current_price":88677,"leverage":5,"margin_mode":"ISOLATED"}
{"level":"INFO","time":"2025-12-05T17:14:00.563Z","caller":"position/manager.go:319","msg":"Calculated order quantity","quantity":0.0008301487057805294,"usdt_amount":14.723019356500002,"leverage":5,"price":88677}
{"level":"INFO","time":"2025-12-05T17:14:01.624Z","caller":"position/manager.go:98","msg":"Strong signal detected, adding to position","symbol":"ETHUSDT","signal_type":"OPEN_SHORT","position_side":"SHORT"}
{"level":"INFO","time":"2025-12-05T17:14:01.855Z","caller":"position/manager.go:305","msg":"Creating order","symbol":"ETHUSDT","signal_type":"OPEN_SHORT","account_balance":294.46038713,"usdt_amount":14.723019356500002,"current_price":3015.18,"leverage":5,"margin_mode":"ISOLATED"}
{"level":"INFO","time":"2025-12-05T17:14:01.855Z","caller":"position/manager.go:319","msg":"Calculated order quantity","quantity":0.0244148265717138,"usdt_amount":14.723019356500002,"leverage":5,"price":3015.18}
{"level":"INFO","time":"2025-12-05T17:15:00.185Z","caller":"position/manager.go:98","msg":"Strong signal detected, adding to position","symbol":"ETHUSDT","signal_type":"OPEN_SHORT","position_side":"SHORT"}
{"level":"INFO","time":"2025-12-05T17:15:00.460Z","caller":"position/manager.go:305","msg":"Creating order","symbol":"ETHUSDT","signal_type":"OPEN_SHORT","account_balance":279.98323715,"usdt_amount":13.999161857499999,"current_price":3013.61,"leverage":5,"margin_mode":"ISOLATED"}
{"level":"INFO","time":"2025-12-05T17:15:00.460Z","caller":"position/manager.go:319","msg":"Calculated order quantity","quantity":0.023226565244839244,"usdt_amount":13.999161857499999,"leverage":5,"price":3013.61}
{"level":"INFO","time":"2025-12-05T17:15:00.461Z","caller":"position/manager.go:98","msg":"Strong signal detected, adding to position","symbol":"BTCUSDT","signal_type":"OPEN_SHORT","position_side":"SHORT"}
{"level":"INFO","time":"2025-12-05T17:15:00.722Z","caller":"position/manager.go:305","msg":"Creating order","symbol":"BTCUSDT","signal_type":"OPEN_SHORT","account_balance":266.11097117,"usdt_amount":13.305548558500002,"current_price":88634.5,"leverage":5,"margin_mode":"ISOLATED"}
{"level":"INFO","time":"2025-12-05T17:15:00.722Z","caller":"position/manager.go:319","msg":"Calculated order quantity","quantity":0.0007505851873988121,"usdt_amount":13.305548558500002,"leverage":5,"price":88634.5}
{"level":"INFO","time":"2025-12-05T17:16:00.336Z","caller":"position/manager.go:98","msg":"Strong signal detected, adding to position","symbol":"ETHUSDT","signal_type":"OPEN_SHORT","position_side":"SHORT"}
{"level":"INFO","time":"2025-12-05T17:16:00.640Z","caller":"position/manager.go:305","msg":"Creating order","symbol":"ETHUSDT","signal_type":"OPEN_SHORT","account_balance":266.11097117,"usdt_amount":13.305548558500002,"current_price":3016.38,"leverage":5,"margin_mode":"ISOLATED"}
{"level":"INFO","time":"2025-12-05T17:16:00.640Z","caller":"position/manager.go:319","msg":"Calculated order quantity","quantity":0.022055491281768213,"usdt_amount":13.305548558500002,"leverage":5,"price":3016.38}
{"level":"INFO","time":"2025-12-05T17:16:01.005Z","caller":"position/manager.go:305","msg":"Creating order","symbol":"BTCUSDT","signal_type":"OPEN_LONG","account_balance":266.11097117,"usdt_amount":13.305548558500002,"current_price":88750.9,"leverage":5,"margin_mode":"ISOLATED"}
{"level":"INFO","time":"2025-12-05T17:16:01.005Z","caller":"position/manager.go:319","msg":"Calculated order quantity","quantity":0.0007496007679077059,"usdt_amount":13.305548558500002,"leverage":5,"price":88750.9}
{"level":"INFO","time":"2025-12-05T17:17:00.177Z","caller":"position/manager.go:98","msg":"Strong signal detected, adding to position","symbol":"ETHUSDT","signal_type":"OPEN_SHORT","position_side":"SHORT"}
{"level":"INFO","time":"2025-12-05T17:17:00.302Z","caller":"position/manager.go:305","msg":"Creating order","symbol":"ETHUSDT","signal_type":"OPEN_SHORT","account_balance":252.8342423,"usdt_amount":12.641712115,"current_price":3015.46,"leverage":5,"margin_mode":"ISOLATED"}
{"level":"INFO","time":"2025-12-05T17:17:00.302Z","caller":"position/manager.go:319","msg":"Calculated order quantity","quantity":0.020961498602203314,"usdt_amount":12.641712115,"leverage":5,"price":3015.46}
{"level":"INFO","time":"2025-12-05T17:17:00.649Z","caller":"position/manager.go:305","msg":"Creating order","symbol":"BTCUSDT","signal_type":"OPEN_LONG","account_balance":252.8342423,"usdt_amount":12.641712115,"current_price":88810.1,"leverage":5,"margin_mode":"ISOLATED"}
{"level":"INFO","time":"2025-12-05T17:17:00.649Z","caller":"position/manager.go:319","msg":"Calculated order quantity","quantity":0.0007117271636334156,"usdt_amount":12.641712115,"leverage":5,"price":88810.1}
{"level":"INFO","time":"2025-12-05T17:18:00.460Z","caller":"position/manager.go:305","msg":"Creating order","symbol":"BTCUSDT","signal_type":"OPEN_LONG","account_balance":240.15861432,"usdt_amount":12.007930716,"current_price":88827.6,"leverage":5,"margin_mode":"ISOLATED"}
{"level":"INFO","time":"2025-12-05T17:18:00.460Z","caller":"position/manager.go:319","msg":"Calculated order quantity","quantity":0.0006759121441984249,"usdt_amount":12.007930716,"leverage":5,"price":88827.6}
{"level":"INFO","time":"2025-12-05T17:18:00.460Z","caller":"position/manager.go:98","msg":"Strong signal detected, adding to position","symbol":"ETHUSDT","signal_type":"OPEN_SHORT","position_side":"SHORT"}
{"level":"INFO","time":"2025-12-05T17:18:00.695Z","caller":"position/manager.go:305","msg":"Creating order","symbol":"ETHUSDT","signal_type":"OPEN_SHORT","account_balance":240.15861432,"usdt_amount":12.007930716,"current_price":3015.23,"leverage":5,"margin_mode":"ISOLATED"}
{"level":"INFO","time":"2025-12-05T17:18:00.695Z","caller":"position/manager.go:319","msg":"Calculated order quantity","quantity":0.019912130610268537,"usdt_amount":12.007930716,"leverage":5,"price":3015.23}
{"level":"INFO","time":"2025-12-05T17:19:00.517Z","caller":"position/manager.go:98","msg":"Strong signal detected, adding to position","symbol":"ETHUSDT","signal_type":"OPEN_SHORT","position_side":"SHORT"}
{"level":"INFO","time":"2025-12-05T17:19:01.215Z","caller":"position/manager.go:305","msg":"Creating order","symbol":"ETHUSDT","signal_type":"OPEN_SHORT","account_balance":228.09608034,"usdt_amount":11.404804017,"current_price":3009.59,"leverage":5,"margin_mode":"ISOLATED"}
{"level":"INFO","time":"2025-12-05T17:19:01.215Z","caller":"position/manager.go:319","msg":"Calculated order quantity","quantity":0.018947438051362477,"usdt_amount":11.404804017,"leverage":5,"price":3009.59}
{"level":"INFO","time":"2025-12-05T17:19:01.536Z","caller":"position/manager.go:305","msg":"Creating order","symbol":"BTCUSDT","signal_type":"OPEN_LONG","account_balance":228.09608034,"usdt_amount":11.404804017,"current_price":88739.5,"leverage":5,"margin_mode":"ISOLATED"}
{"level":"INFO","time":"2025-12-05T17:19:01.536Z","caller":"position/manager.go:319","msg":"Calculated order quantity","quantity":0.0006426001959105021,"usdt_amount":11.404804017,"leverage":5,"price":88739.5}
{"level":"INFO","time":"2025-12-05T17:20:00.160Z","caller":"position/manager.go:98","msg":"Strong signal detected, adding to position","symbol":"ETHUSDT","signal_type":"OPEN_SHORT","position_side":"SHORT"}
{"level":"INFO","time":"2025-12-05T17:20:00.286Z","caller":"position/manager.go:305","msg":"Creating order","symbol":"ETHUSDT","signal_type":"OPEN_SHORT","account_balance":216.64465236,"usdt_amount":10.832232618,"current_price":3013.77,"leverage":5,"margin_mode":"ISOLATED"}
{"level":"INFO","time":"2025-12-05T17:20:00.286Z","caller":"position/manager.go:319","msg":"Calculated order quantity","quantity":0.01797123307020775,"usdt_amount":10.832232618,"leverage":5,"price":3013.77}
{"level":"INFO","time":"2025-12-05T17:20:00.761Z","caller":"position/manager.go:305","msg":"Creating order","symbol":"BTCUSDT","signal_type":"OPEN_LONG","account_balance":216.64465236,"usdt_amount":10.832232618,"current_price":88814.7,"leverage":5,"margin_mode":"ISOLATED"}
{"level":"INFO","time":"2025-12-05T17:20:00.761Z","caller":"position/manager.go:319","msg":"Calculated order quantity","quantity":0.0006098220574972387,"usdt_amount":10.832232618,"leverage":5,"price":88814.7}
{"level":"INFO","time":"2025-12-05T17:21:00.831Z","caller":"position/manager.go:305","msg":"Creating order","symbol":"ETHUSDT","signal_type":"OPEN_LONG","account_balance":205.78982437,"usdt_amount":10.2894912185,"current_price":3022.61,"leverage":5,"margin_mode":"ISOLATED"}
{"level":"INFO","time":"2025-12-05T17:21:00.831Z","caller":"position/manager.go:319","msg":"Calculated order quantity","quantity":0.017020871396739905,"usdt_amount":10.2894912185,"leverage":5,"price":3022.61}
{"level":"INFO","time":"2025-12-05T17:21:01.862Z","caller":"position/manager.go:305","msg":"Creating order","symbol":"BTCUSDT","signal_type":"OPEN_LONG","account_balance":205.78982437,"usdt_amount":10.2894912185,"current_price":88966.6,"leverage":5,"margin_mode":"ISOLATED"}
{"level":"INFO","time":"2025-12-05T17:21:01.862Z","caller":"position/manager.go:319","msg":"Calculated order quantity","quantity":0.0005782783212182999,"usdt_amount":10.2894912185,"leverage":5,"price":88966.6}
{"level":"INFO","time":"2025-12-05T17:22:00.607Z","caller":"position/manager.go:305","msg":"Creating order","symbol":"ETHUSDT","signal_type":"OPEN_LONG","account_balance":217.84597988,"usdt_amount":10.892298994,"current_price":3017.73,"leverage":5,"margin_mode":"ISOLATED"}
{"level":"INFO","time":"2025-12-05T17:22:00.607Z","caller":"position/manager.go:319","msg":"Calculated order quantity","quantity":0.018047172865034315,"usdt_amount":10.892298994,"leverage":5,"price":3017.73}
{"level":"INFO","time":"2025-12-05T17:25:00.338Z","caller":"position/manager.go:305","msg":"Creating order","symbol":"ETHUSDT","signal_type":"OPEN_LONG","account_balance":230.5892422,"usdt_amount":11.52946211,"current_price":3018.77,"leverage":5,"margin_mode":"ISOLATED"}
{"level":"INFO","time":"2025-12-05T17:25:00.338Z","caller":"position/manager.go:319","msg":"Calculated order quantity","quantity":0.019096291055628618,"usdt_amount":11.52946211,"leverage":5,"price":3018.77}
{"level":"ERROR","time":"2025-12-05T17:27:00.729Z","caller":"strategy/adapter.go:122","msg":"Data stream error","adapter":"StrategyAdapter_MACD_EMA_BTCUSDT_1m_BTCUSDT_1m","error":"read websocket message: websocket: close 1006 (abnormal closure): unexpected EOF"}
{"level":"ERROR","time":"2025-12-05T17:27:03.801Z","caller":"strategy/adapter.go:122","msg":"Data stream error","adapter":"StrategyAdapter_MACD_EMA_ETHUSDT_1m_ETHUSDT_1m","error":"read websocket message: websocket: close 1006 (abnormal closure): unexpected EOF"}
