{"level":"INFO","time":"2025-12-05T14:33:34.847Z","caller":"logger/symbol_logger.go:133","msg":"Log file created","symbol":"BTCUSDT","interval":"1m","file":"logs/session_20251205_143333/BTCUSDT_1m.log"}
{"level":"INFO","time":"2025-12-05T14:34:00.163Z","caller":"strategy/adapter.go:61","msg":"Kline received","open_time":"2025-12-05T14:33:00.000Z","open":90571,"high":90628.2,"low":90540.7,"close":90617.5,"volume":278.34}
{"level":"INFO","time":"2025-12-05T14:35:00.199Z","caller":"strategy/adapter.go:61","msg":"Kline received","open_time":"2025-12-05T14:34:00.000Z","open":90617.5,"high":90665.9,"low":90532.9,"close":90532.9,"volume":208.589}
{"level":"INFO","time":"2025-12-05T14:36:00.083Z","caller":"strategy/adapter.go:61","msg":"Kline received","open_time":"2025-12-05T14:35:00.000Z","open":90533,"high":90533,"low":90422.1,"close":90502.7,"volume":163.773}
{"level":"INFO","time":"2025-12-05T14:37:00.149Z","caller":"strategy/adapter.go:61","msg":"Kline received","open_time":"2025-12-05T14:36:00.000Z","open":90502.8,"high":90531.2,"low":90346.3,"close":90346.4,"volume":154.427}
{"level":"INFO","time":"2025-12-05T14:38:00.443Z","caller":"strategy/adapter.go:61","msg":"Kline received","open_time":"2025-12-05T14:37:00.000Z","open":90346.4,"high":90370.8,"low":90212.7,"close":90286.4,"volume":400.368}
{"level":"INFO","time":"2025-12-05T14:38:00.443Z","caller":"strategy/adapter.go:86","msg":"Signal generated","signal_type":"OPEN_SHORT","price":90286.4,"confidence":1,"reason":"MACD死叉+EMA5/VWAP8死叉+EMA5/EMA15死叉(强信号)"}
{"level":"INFO","time":"2025-12-05T14:38:01.092Z","caller":"strategy/adapter.go:149","msg":"Order placed","order_id":"BTCUSDT_1764945481","side":"SELL","type":"MARKET","quantity":0.014,"price":0,"status":"NEW"}
{"level":"INFO","time":"2025-12-05T14:38:01.240Z","caller":"strategy/adapter.go:163","msg":"Order filled","order_id":"go_1764945480895797255","avg_price":90294.54286}
{"level":"INFO","time":"2025-12-05T14:38:01.537Z","caller":"strategy/adapter.go:195","msg":"Position update","side":"LONG","size":0.014,"entry_price":90294.54285714,"current_price":90291,"unrealized_pnl":0.04959999,"pnl_percent":0.003923666166821153}
{"level":"INFO","time":"2025-12-05T14:39:00.080Z","caller":"strategy/adapter.go:61","msg":"Kline received","open_time":"2025-12-05T14:38:00.000Z","open":90286.4,"high":90353.9,"low":90212.3,"close":90212.3,"volume":155.51}
{"level":"INFO","time":"2025-12-05T14:39:00.080Z","caller":"strategy/adapter.go:86","msg":"Signal generated","signal_type":"OPEN_SHORT","price":90212.3,"confidence":1,"reason":"MACD死叉+EMA5/VWAP8死叉+EMA5/EMA15死叉(强信号)"}
{"level":"INFO","time":"2025-12-05T14:39:00.716Z","caller":"strategy/adapter.go:149","msg":"Order placed","order_id":"BTCUSDT_1764945540","side":"SELL","type":"MARKET","quantity":0.013,"price":0,"status":"NEW"}
{"level":"INFO","time":"2025-12-05T14:39:01.355Z","caller":"strategy/adapter.go:163","msg":"Order filled","order_id":"go_1764945540518633641","avg_price":90263.21538}
{"level":"INFO","time":"2025-12-05T14:39:01.506Z","caller":"strategy/adapter.go:195","msg":"Position update","side":"LONG","size":0.027,"entry_price":90279.45925926,"current_price":90238.85561594,"unrealized_pnl":1.09629836,"pnl_percent":0.04497550527674238}
{"level":"INFO","time":"2025-12-05T14:40:00.125Z","caller":"strategy/adapter.go:61","msg":"Kline received","open_time":"2025-12-05T14:39:00.000Z","open":90212.4,"high":90290.5,"low":90093,"close":90114.1,"volume":764.06}
{"level":"INFO","time":"2025-12-05T14:40:00.125Z","caller":"strategy/adapter.go:86","msg":"Signal generated","signal_type":"OPEN_SHORT","price":90114.1,"confidence":1,"reason":"MACD死叉+EMA5/VWAP8死叉+EMA5/EMA15死叉(强信号)"}
{"level":"INFO","time":"2025-12-05T14:40:01.287Z","caller":"strategy/adapter.go:149","msg":"Order placed","order_id":"BTCUSDT_1764945601","side":"SELL","type":"MARKET","quantity":0.012,"price":0,"status":"NEW"}
{"level":"INFO","time":"2025-12-05T14:40:01.497Z","caller":"strategy/adapter.go:163","msg":"Order filled","order_id":"go_1764945600727494908","avg_price":90227.91667}
{"level":"INFO","time":"2025-12-05T14:40:01.650Z","caller":"strategy/adapter.go:195","msg":"Position update","side":"LONG","size":0.039,"entry_price":90263.6,"current_price":90126.96684783,"unrealized_pnl":5.32869293,"pnl_percent":0.15137126377773769}
{"level":"INFO","time":"2025-12-05T14:41:00.116Z","caller":"strategy/adapter.go:61","msg":"Kline received","open_time":"2025-12-05T14:40:00.000Z","open":90114.2,"high":90184.5,"low":90050,"close":90081.3,"volume":901.101}
{"level":"INFO","time":"2025-12-05T14:41:00.116Z","caller":"strategy/adapter.go:86","msg":"Signal generated","signal_type":"OPEN_SHORT","price":90081.3,"confidence":1,"reason":"MACD死叉+EMA5/VWAP8死叉+EMA5/EMA15死叉(强信号)"}
{"level":"INFO","time":"2025-12-05T14:41:00.374Z","caller":"strategy/adapter.go:149","msg":"Order placed","order_id":"BTCUSDT_1764945660","side":"SELL","type":"MARKET","quantity":0.011,"price":0,"status":"NEW"}
{"level":"INFO","time":"2025-12-05T14:41:00.487Z","caller":"strategy/adapter.go:163","msg":"Order filled","order_id":"go_1764945660228592576","avg_price":90100.21818}
{"level":"INFO","time":"2025-12-05T14:41:00.606Z","caller":"strategy/adapter.go:195","msg":"Position update","side":"LONG","size":0.05,"entry_price":90227.656,"current_price":90092.24744565,"unrealized_pnl":6.77042771,"pnl_percent":0.15007433441471646}
{"level":"INFO","time":"2025-12-05T14:42:00.076Z","caller":"strategy/adapter.go:61","msg":"Kline received","open_time":"2025-12-05T14:41:00.000Z","open":90081.1,"high":90269.6,"low":89863,"close":89997.4,"volume":1418.923}
{"level":"INFO","time":"2025-12-05T14:43:00.141Z","caller":"strategy/adapter.go:61","msg":"Kline received","open_time":"2025-12-05T14:42:00.000Z","open":89997.4,"high":90240,"low":89990.5,"close":90211.1,"volume":606.554}
{"level":"INFO","time":"2025-12-05T14:44:00.072Z","caller":"strategy/adapter.go:61","msg":"Kline received","open_time":"2025-12-05T14:43:00.000Z","open":90210.5,"high":90301.3,"low":90150,"close":90201.9,"volume":408.305}
{"level":"INFO","time":"2025-12-05T14:45:00.137Z","caller":"strategy/adapter.go:61","msg":"Kline received","open_time":"2025-12-05T14:44:00.000Z","open":90201.4,"high":90202.3,"low":90111.7,"close":90168.1,"volume":287.914}
{"level":"INFO","time":"2025-12-05T14:46:00.981Z","caller":"strategy/adapter.go:61","msg":"Kline received","open_time":"2025-12-05T14:45:00.000Z","open":90168.1,"high":90481.6,"low":90168,"close":90391.8,"volume":705.361}
{"level":"INFO","time":"2025-12-05T14:47:00.181Z","caller":"strategy/adapter.go:61","msg":"Kline received","open_time":"2025-12-05T14:46:00.000Z","open":90391.8,"high":90401.3,"low":90248.9,"close":90337.6,"volume":259.743}
{"level":"INFO","time":"2025-12-05T14:47:00.181Z","caller":"strategy/adapter.go:86","msg":"Signal generated","signal_type":"OPEN_LONG","price":90337.6,"confidence":1,"reason":"MACD金叉+EMA5/VWAP8金叉"}
{"level":"ERROR","time":"2025-12-05T14:47:00.748Z","caller":"strategy/adapter.go:109","msg":"Execute order failed","symbol":"BTCUSDT","error":"risk check failed: invalid leverage: 0"}
{"level":"INFO","time":"2025-12-05T14:47:01.138Z","caller":"strategy/adapter.go:149","msg":"Order placed","order_id":"BTCUSDT_1764946021","side":"BUY","type":"MARKET","quantity":0.009,"price":0,"status":"NEW"}
{"level":"INFO","time":"2025-12-05T14:47:01.225Z","caller":"strategy/adapter.go:163","msg":"Order filled","order_id":"go_1764946020748124238","avg_price":90321.7}
{"level":"INFO","time":"2025-12-05T14:47:01.381Z","caller":"strategy/adapter.go:195","msg":"Position update","side":"LONG","size":0.041,"entry_price":90227.656,"current_price":90366,"unrealized_pnl":-5.672104,"pnl_percent":-0.15332771140591306}
{"level":"INFO","time":"2025-12-05T14:48:00.424Z","caller":"strategy/adapter.go:61","msg":"Kline received","open_time":"2025-12-05T14:47:00.000Z","open":90337.5,"high":90381.2,"low":90100,"close":90115.1,"volume":376.613}
{"level":"INFO","time":"2025-12-05T14:49:00.092Z","caller":"strategy/adapter.go:61","msg":"Kline received","open_time":"2025-12-05T14:48:00.000Z","open":90115,"high":90116,"low":89970.1,"close":89975.4,"volume":591.081}
{"level":"INFO","time":"2025-12-05T14:50:00.095Z","caller":"strategy/adapter.go:61","msg":"Kline received","open_time":"2025-12-05T14:49:00.000Z","open":89975.4,"high":90081.6,"low":89960.9,"close":90054.1,"volume":296.229}
{"level":"INFO","time":"2025-12-05T14:50:00.095Z","caller":"strategy/adapter.go:86","msg":"Signal generated","signal_type":"OPEN_SHORT","price":90054.1,"confidence":1,"reason":"MACD死叉+EMA5/VWAP8死叉+EMA5/EMA15死叉(强信号)"}
{"level":"INFO","time":"2025-12-05T14:50:00.801Z","caller":"strategy/adapter.go:149","msg":"Order placed","order_id":"BTCUSDT_1764946200","side":"SELL","type":"MARKET","quantity":0.009,"price":0,"status":"NEW"}
{"level":"INFO","time":"2025-12-05T14:50:01.043Z","caller":"strategy/adapter.go:163","msg":"Order filled","order_id":"go_1764946200703982920","avg_price":90023.34444}
{"level":"INFO","time":"2025-12-05T14:50:01.242Z","caller":"strategy/adapter.go:195","msg":"Position update","side":"LONG","size":0.05,"entry_price":90190.87992,"current_price":90065.8,"unrealized_pnl":6.253996,"pnl_percent":0.13868355659790307}
{"level":"INFO","time":"2025-12-05T14:51:00.125Z","caller":"strategy/adapter.go:61","msg":"Kline received","open_time":"2025-12-05T14:50:00.000Z","open":90054.5,"high":90104.6,"low":89950.4,"close":89972.3,"volume":184.444}
{"level":"INFO","time":"2025-12-05T14:51:00.125Z","caller":"strategy/adapter.go:86","msg":"Signal generated","signal_type":"OPEN_SHORT","price":89972.3,"confidence":1,"reason":"MACD死叉+EMA5/VWAP8死叉+EMA5/EMA15死叉(强信号)"}
{"level":"INFO","time":"2025-12-05T14:51:00.664Z","caller":"strategy/adapter.go:149","msg":"Order placed","order_id":"BTCUSDT_1764946260","side":"SELL","type":"MARKET","quantity":0.008,"price":0,"status":"NEW"}
{"level":"INFO","time":"2025-12-05T14:51:01.044Z","caller":"strategy/adapter.go:163","msg":"Order filled","order_id":"go_1764946260450609120","avg_price":90015.225}
{"level":"INFO","time":"2025-12-05T14:51:01.581Z","caller":"strategy/adapter.go:195","msg":"Position update","side":"LONG","size":0.058,"entry_price":90166.65165517,"current_price":89974.76581522,"unrealized_pnl":11.12937871,"pnl_percent":0.2128124271060073}
{"level":"INFO","time":"2025-12-05T14:52:00.144Z","caller":"strategy/adapter.go:61","msg":"Kline received","open_time":"2025-12-05T14:51:00.000Z","open":89972.3,"high":90071,"low":89930,"close":89983.6,"volume":242.343}
{"level":"INFO","time":"2025-12-05T14:52:00.144Z","caller":"strategy/adapter.go:86","msg":"Signal generated","signal_type":"OPEN_SHORT","price":89983.6,"confidence":1,"reason":"MACD死叉+EMA5/VWAP8死叉+EMA5/EMA15死叉(强信号)"}
{"level":"INFO","time":"2025-12-05T14:52:00.357Z","caller":"strategy/adapter.go:149","msg":"Order placed","order_id":"BTCUSDT_1764946320","side":"SELL","type":"MARKET","quantity":0.007,"price":0,"status":"NEW"}
{"level":"INFO","time":"2025-12-05T14:52:00.525Z","caller":"strategy/adapter.go:163","msg":"Order filled","order_id":"go_1764946320256824774","avg_price":89972.48571}
{"level":"INFO","time":"2025-12-05T14:52:00.724Z","caller":"strategy/adapter.go:195","msg":"Position update","side":"LONG","size":0.065,"entry_price":90145.74147692,"current_price":89986.40289855,"unrealized_pnl":10.35700759,"pnl_percent":0.17675663397642333}
{"level":"INFO","time":"2025-12-05T14:53:00.392Z","caller":"strategy/adapter.go:61","msg":"Kline received","open_time":"2025-12-05T14:52:00.000Z","open":89983.5,"high":90132.7,"low":89950.6,"close":90132.6,"volume":205.599}
{"level":"INFO","time":"2025-12-05T14:53:00.392Z","caller":"strategy/adapter.go:86","msg":"Signal generated","signal_type":"OPEN_SHORT","price":90132.6,"confidence":1,"reason":"MACD死叉+EMA5/VWAP8死叉+EMA5/EMA15死叉(强信号)"}
{"level":"INFO","time":"2025-12-05T14:53:00.714Z","caller":"strategy/adapter.go:149","msg":"Order placed","order_id":"BTCUSDT_1764946380","side":"SELL","type":"MARKET","quantity":0.006,"price":0,"status":"NEW"}
{"level":"INFO","time":"2025-12-05T14:53:00.808Z","caller":"strategy/adapter.go:163","msg":"Order filled","order_id":"go_1764946380613440935","avg_price":89972.5}
{"level":"INFO","time":"2025-12-05T14:53:01.228Z","caller":"strategy/adapter.go:195","msg":"Position update","side":"LONG","size":0.071,"entry_price":90131.10135211,"current_price":90131.9,"unrealized_pnl":-0.056704,"pnl_percent":-0.0008860957819697686}
{"level":"INFO","time":"2025-12-05T14:54:00.170Z","caller":"strategy/adapter.go:61","msg":"Kline received","open_time":"2025-12-05T14:53:00.000Z","open":90132.7,"high":90270.2,"low":90132.7,"close":90245.8,"volume":214.333}
{"level":"INFO","time":"2025-12-05T14:55:00.102Z","caller":"strategy/adapter.go:61","msg":"Kline received","open_time":"2025-12-05T14:54:00.000Z","open":90245.8,"high":90290.4,"low":90184.5,"close":90184.5,"volume":201.564}
{"level":"INFO","time":"2025-12-05T14:55:00.102Z","caller":"strategy/adapter.go:86","msg":"Signal generated","signal_type":"OPEN_LONG","price":90184.5,"confidence":1,"reason":"MACD金叉+EMA5/VWAP8金叉"}
{"level":"ERROR","time":"2025-12-05T14:55:01.974Z","caller":"strategy/adapter.go:109","msg":"Execute order failed","symbol":"BTCUSDT","error":"risk check failed: invalid leverage: 0"}
{"level":"INFO","time":"2025-12-05T14:55:03.137Z","caller":"strategy/adapter.go:149","msg":"Order placed","order_id":"BTCUSDT_1764946503","side":"BUY","type":"MARKET","quantity":0.006,"price":0,"status":"NEW"}
{"level":"INFO","time":"2025-12-05T14:55:03.399Z","caller":"strategy/adapter.go:163","msg":"Order filled","order_id":"go_1764946501974900927","avg_price":90224.3}
{"level":"INFO","time":"2025-12-05T14:55:04.428Z","caller":"strategy/adapter.go:195","msg":"Position update","side":"LONG","size":0.065,"entry_price":90131.10135211,"current_price":90202.89490119,"unrealized_pnl":-4.66658069,"pnl_percent":-0.07965457871911644}
{"level":"INFO","time":"2025-12-05T14:56:00.125Z","caller":"strategy/adapter.go:61","msg":"Kline received","open_time":"2025-12-05T14:55:00.000Z","open":90184.5,"high":90195.6,"low":90116.2,"close":90195.6,"volume":207.014}
{"level":"INFO","time":"2025-12-05T14:56:00.125Z","caller":"strategy/adapter.go:86","msg":"Signal generated","signal_type":"OPEN_LONG","price":90195.6,"confidence":1,"reason":"MACD金叉+EMA5/VWAP8金叉"}
{"level":"ERROR","time":"2025-12-05T14:56:00.274Z","caller":"strategy/adapter.go:109","msg":"Execute order failed","symbol":"BTCUSDT","error":"risk check failed: invalid leverage: 0"}
{"level":"INFO","time":"2025-12-05T14:56:01.501Z","caller":"strategy/adapter.go:149","msg":"Order placed","order_id":"BTCUSDT_1764946561","side":"BUY","type":"MARKET","quantity":0.007,"price":0,"status":"NEW"}
{"level":"INFO","time":"2025-12-05T14:56:01.586Z","caller":"strategy/adapter.go:163","msg":"Order filled","order_id":"go_1764946560274514094","avg_price":90144.8}
{"level":"INFO","time":"2025-12-05T14:56:01.779Z","caller":"strategy/adapter.go:195","msg":"Position update","side":"LONG","size":0.058,"entry_price":90131.10135211,"current_price":90195.5,"unrealized_pnl":-3.73512157,"pnl_percent":-0.07144997319741848}
{"level":"INFO","time":"2025-12-05T14:57:00.156Z","caller":"strategy/adapter.go:61","msg":"Kline received","open_time":"2025-12-05T14:56:00.000Z","open":90195.6,"high":90274.6,"low":90148.6,"close":90210.5,"volume":122.02}
{"level":"INFO","time":"2025-12-05T14:57:00.156Z","caller":"strategy/adapter.go:86","msg":"Signal generated","signal_type":"OPEN_LONG","price":90210.5,"confidence":1,"reason":"MACD金叉+EMA5/VWAP8金叉+EMA5/EMA15金叉(强信号)"}
{"level":"ERROR","time":"2025-12-05T14:57:00.284Z","caller":"strategy/adapter.go:109","msg":"Execute order failed","symbol":"BTCUSDT","error":"risk check failed: invalid leverage: 0"}
{"level":"INFO","time":"2025-12-05T14:57:00.445Z","caller":"strategy/adapter.go:149","msg":"Order placed","order_id":"BTCUSDT_1764946620","side":"BUY","type":"MARKET","quantity":0.008,"price":0,"status":"NEW"}
{"level":"INFO","time":"2025-12-05T14:57:00.721Z","caller":"strategy/adapter.go:163","msg":"Order filled","order_id":"go_1764946620284896078","avg_price":90245}
{"level":"INFO","time":"2025-12-05T14:57:01.024Z","caller":"strategy/adapter.go:195","msg":"Position update","side":"LONG","size":0.05,"entry_price":90131.10135211,"current_price":90217.09548913,"unrealized_pnl":-4.29970685,"pnl_percent":-0.09541005902507685}
{"level":"INFO","time":"2025-12-05T14:58:00.167Z","caller":"strategy/adapter.go:61","msg":"Kline received","open_time":"2025-12-05T14:57:00.000Z","open":90211.8,"high":90276.5,"low":90146.5,"close":90205.6,"volume":236.085}
{"level":"INFO","time":"2025-12-05T14:58:00.167Z","caller":"strategy/adapter.go:86","msg":"Signal generated","signal_type":"OPEN_LONG","price":90205.6,"confidence":1,"reason":"MACD金叉+EMA5/VWAP8金叉+EMA5/EMA15金叉(强信号)"}
{"level":"ERROR","time":"2025-12-05T14:58:00.473Z","caller":"strategy/adapter.go:109","msg":"Execute order failed","symbol":"BTCUSDT","error":"risk check failed: invalid leverage: 0"}
{"level":"INFO","time":"2025-12-05T14:58:00.576Z","caller":"strategy/adapter.go:149","msg":"Order placed","order_id":"BTCUSDT_1764946680","side":"BUY","type":"MARKET","quantity":0.008,"price":0,"status":"NEW"}
{"level":"INFO","time":"2025-12-05T14:58:00.688Z","caller":"strategy/adapter.go:163","msg":"Order filled","order_id":"go_1764946680473609017","avg_price":90254.15}
{"level":"INFO","time":"2025-12-05T14:58:00.927Z","caller":"strategy/adapter.go:195","msg":"Position update","side":"LONG","size":0.042,"entry_price":90131.10135211,"current_price":90212.86405797,"unrealized_pnl":-3.43403364,"pnl_percent":-0.0907153074662519}
{"level":"INFO","time":"2025-12-05T14:59:00.364Z","caller":"strategy/adapter.go:61","msg":"Kline received","open_time":"2025-12-05T14:58:00.000Z","open":90205.6,"high":90235.6,"low":90157,"close":90215.9,"volume":163.596}
{"level":"INFO","time":"2025-12-05T14:59:00.364Z","caller":"strategy/adapter.go:86","msg":"Signal generated","signal_type":"OPEN_LONG","price":90215.9,"confidence":1,"reason":"MACD金叉+EMA5/VWAP8金叉+EMA5/EMA15金叉(强信号)"}
{"level":"ERROR","time":"2025-12-05T14:59:00.619Z","caller":"strategy/adapter.go:109","msg":"Execute order failed","symbol":"BTCUSDT","error":"risk check failed: invalid leverage: 0"}
{"level":"INFO","time":"2025-12-05T14:59:00.957Z","caller":"strategy/adapter.go:149","msg":"Order placed","order_id":"BTCUSDT_1764946740","side":"BUY","type":"MARKET","quantity":0.009,"price":0,"status":"NEW"}
{"level":"INFO","time":"2025-12-05T14:59:01.080Z","caller":"strategy/adapter.go:163","msg":"Order filled","order_id":"go_1764946740619715257","avg_price":90235.55556}
{"level":"INFO","time":"2025-12-05T14:59:01.288Z","caller":"strategy/adapter.go:195","msg":"Position update","side":"LONG","size":0.033,"entry_price":90131.10135211,"current_price":90215.95047101,"unrealized_pnl":-2.80002092,"pnl_percent":-0.09413966712378627}
{"level":"INFO","time":"2025-12-05T15:00:00.257Z","caller":"strategy/adapter.go:61","msg":"Kline received","open_time":"2025-12-05T14:59:00.000Z","open":90215.9,"high":90257,"low":90185.4,"close":90246,"volume":154.894}
{"level":"INFO","time":"2025-12-05T15:00:00.257Z","caller":"strategy/adapter.go:86","msg":"Signal generated","signal_type":"OPEN_LONG","price":90246,"confidence":1,"reason":"MACD金叉+EMA5/VWAP8金叉+EMA5/EMA15金叉(强信号)"}
{"level":"ERROR","time":"2025-12-05T15:00:01.269Z","caller":"strategy/adapter.go:109","msg":"Execute order failed","symbol":"BTCUSDT","error":"risk check failed: invalid leverage: 0"}
{"level":"INFO","time":"2025-12-05T15:00:01.392Z","caller":"strategy/adapter.go:149","msg":"Order placed","order_id":"BTCUSDT_1764946801","side":"BUY","type":"MARKET","quantity":0.011,"price":0,"status":"NEW"}
{"level":"INFO","time":"2025-12-05T15:00:01.577Z","caller":"strategy/adapter.go:163","msg":"Order filled","order_id":"go_1764946801269486119","avg_price":90235.58182}
{"level":"INFO","time":"2025-12-05T15:00:02.075Z","caller":"strategy/adapter.go:195","msg":"Position update","side":"LONG","size":0.022,"entry_price":90131.10135211,"current_price":90271,"unrealized_pnl":-3.07777025,"pnl_percent":-0.15521684038979922}
{"level":"INFO","time":"2025-12-05T15:01:00.168Z","caller":"strategy/adapter.go:61","msg":"Kline received","open_time":"2025-12-05T15:00:00.000Z","open":90246,"high":90462,"low":90246,"close":90431.7,"volume":703.229}
{"level":"INFO","time":"2025-12-05T15:02:00.185Z","caller":"strategy/adapter.go:61","msg":"Kline received","open_time":"2025-12-05T15:01:00.000Z","open":90431.7,"high":90485.5,"low":90352.2,"close":90421.5,"volume":444.336}
{"level":"INFO","time":"2025-12-05T15:02:00.185Z","caller":"strategy/adapter.go:86","msg":"Signal generated","signal_type":"OPEN_LONG","price":90421.5,"confidence":1,"reason":"MACD金叉+EMA5/VWAP8金叉+EMA5/EMA15金叉(强信号)"}
{"level":"ERROR","time":"2025-12-05T15:02:00.593Z","caller":"strategy/adapter.go:109","msg":"Execute order failed","symbol":"BTCUSDT","error":"risk check failed: invalid leverage: 0"}
{"level":"INFO","time":"2025-12-05T15:02:00.701Z","caller":"strategy/adapter.go:149","msg":"Order placed","order_id":"BTCUSDT_1764946920","side":"BUY","type":"MARKET","quantity":0.011,"price":0,"status":"NEW"}
{"level":"INFO","time":"2025-12-05T15:02:00.902Z","caller":"strategy/adapter.go:195","msg":"Position update","side":"LONG","size":0.011,"entry_price":90131.10135211,"current_price":90421.5,"unrealized_pnl":-3.19438512,"pnl_percent":-0.32219582687472503}
{"level":"INFO","time":"2025-12-05T15:03:00.219Z","caller":"strategy/adapter.go:61","msg":"Kline received","open_time":"2025-12-05T15:02:00.000Z","open":90421.5,"high":90791.8,"low":90421.4,"close":90787.8,"volume":1358.821}
{"level":"INFO","time":"2025-12-05T15:04:00.337Z","caller":"strategy/adapter.go:61","msg":"Kline received","open_time":"2025-12-05T15:03:00.000Z","open":90787.9,"high":91045.9,"low":90688,"close":90873.5,"volume":2139.819}
{"level":"INFO","time":"2025-12-05T15:05:00.391Z","caller":"strategy/adapter.go:61","msg":"Kline received","open_time":"2025-12-05T15:04:00.000Z","open":90873.5,"high":91174.4,"low":90754.2,"close":91140.8,"volume":2460.026}
{"level":"INFO","time":"2025-12-05T15:05:00.391Z","caller":"strategy/adapter.go:86","msg":"Signal generated","signal_type":"OPEN_LONG","price":91140.8,"confidence":1,"reason":"连续4周期上涨，涨幅0.80%"}
{"level":"ERROR","time":"2025-12-05T15:05:00.777Z","caller":"strategy/adapter.go:109","msg":"Execute order failed","symbol":"BTCUSDT","error":"risk check failed: invalid leverage: 0"}
{"level":"INFO","time":"2025-12-05T15:05:02.344Z","caller":"strategy/adapter.go:149","msg":"Order placed","order_id":"BTCUSDT_1764947102","side":"BUY","type":"MARKET","quantity":0.012,"price":0,"status":"NEW"}
{"level":"INFO","time":"2025-12-05T15:05:02.467Z","caller":"strategy/adapter.go:163","msg":"Order filled","order_id":"go_1764947100777871242","avg_price":91100.08333}
{"level":"INFO","time":"2025-12-05T15:05:02.820Z","caller":"strategy/adapter.go:195","msg":"Position update","side":"LONG","size":0.001,"entry_price":91100.1,"current_price":91117.49769928,"unrealized_pnl":0.01739769,"pnl_percent":0.019097333592389028}
{"level":"INFO","time":"2025-12-05T15:06:00.226Z","caller":"strategy/adapter.go:61","msg":"Kline received","open_time":"2025-12-05T15:05:00.000Z","open":91140.6,"high":91445.2,"low":91043.6,"close":91318.9,"volume":2839.386}
{"level":"INFO","time":"2025-12-05T15:06:00.226Z","caller":"strategy/adapter.go:86","msg":"Signal generated","signal_type":"OPEN_LONG","price":91318.9,"confidence":1,"reason":"连续4周期上涨，涨幅0.58%"}
{"level":"INFO","time":"2025-12-05T15:06:00.226Z","caller":"strategy/adapter.go:101","msg":"No orders generated"}
{"level":"INFO","time":"2025-12-05T15:07:00.064Z","caller":"strategy/adapter.go:61","msg":"Kline received","open_time":"2025-12-05T15:06:00.000Z","open":91319,"high":91368.6,"low":91214.4,"close":91253.8,"volume":567.418}
{"level":"INFO","time":"2025-12-05T15:07:00.065Z","caller":"strategy/adapter.go:86","msg":"Signal generated","signal_type":"OPEN_LONG","price":91253.8,"confidence":1,"reason":"MACD金叉+EMA5/VWAP8金叉+EMA5/EMA15金叉(强信号)"}
{"level":"INFO","time":"2025-12-05T15:07:01.175Z","caller":"strategy/adapter.go:149","msg":"Order placed","order_id":"BTCUSDT_1764947221","side":"BUY","type":"MARKET","quantity":0.013,"price":0,"status":"NEW"}
{"level":"INFO","time":"2025-12-05T15:07:01.404Z","caller":"strategy/adapter.go:163","msg":"Order filled","order_id":"go_1764947220685528628","avg_price":91217.66923}
{"level":"INFO","time":"2025-12-05T15:07:02.069Z","caller":"strategy/adapter.go:195","msg":"Position update","side":"LONG","size":0.014,"entry_price":91209.27142857,"current_price":91270.91967391,"unrealized_pnl":0.86307543,"pnl_percent":0.06758988865323791}
{"level":"INFO","time":"2025-12-05T15:08:00.339Z","caller":"strategy/adapter.go:61","msg":"Kline received","open_time":"2025-12-05T15:07:00.000Z","open":91253.8,"high":91300,"low":91000,"close":91003.1,"volume":527.048}
{"level":"INFO","time":"2025-12-05T15:08:00.339Z","caller":"strategy/adapter.go:86","msg":"Signal generated","signal_type":"OPEN_LONG","price":91003.1,"confidence":1,"reason":"MACD金叉+EMA5/VWAP8金叉+EMA5/EMA15金叉(强信号)"}
{"level":"INFO","time":"2025-12-05T15:08:00.827Z","caller":"strategy/adapter.go:149","msg":"Order placed","order_id":"BTCUSDT_1764947280","side":"BUY","type":"MARKET","quantity":0.013,"price":0,"status":"NEW"}
{"level":"INFO","time":"2025-12-05T15:08:01.240Z","caller":"strategy/adapter.go:163","msg":"Order filled","order_id":"go_1764947280713219760","avg_price":91036.68462}
{"level":"INFO","time":"2025-12-05T15:08:01.519Z","caller":"strategy/adapter.go:195","msg":"Position update","side":"LONG","size":0.027,"entry_price":91126.17407407,"current_price":91024.92469203,"unrealized_pnl":-2.73373331,"pnl_percent":-0.11110900120700055}
{"level":"INFO","time":"2025-12-05T15:09:00.087Z","caller":"strategy/adapter.go:61","msg":"Kline received","open_time":"2025-12-05T15:08:00.000Z","open":91003.1,"high":91033.5,"low":90880.6,"close":90926.8,"volume":588.662}
{"level":"INFO","time":"2025-12-05T15:10:00.112Z","caller":"strategy/adapter.go:61","msg":"Kline received","open_time":"2025-12-05T15:09:00.000Z","open":90926.8,"high":91025.1,"low":90877,"close":90882.7,"volume":293.421}
{"level":"INFO","time":"2025-12-05T15:11:00.631Z","caller":"strategy/adapter.go:61","msg":"Kline received","open_time":"2025-12-05T15:10:00.000Z","open":90882.7,"high":90997.9,"low":90823.2,"close":90975.3,"volume":326.327}
{"level":"INFO","time":"2025-12-05T15:12:00.875Z","caller":"strategy/adapter.go:61","msg":"Kline received","open_time":"2025-12-05T15:11:00.000Z","open":90975.3,"high":90990,"low":90878.7,"close":90968.9,"volume":315.345}
{"level":"INFO","time":"2025-12-05T15:13:00.419Z","caller":"strategy/adapter.go:61","msg":"Kline received","open_time":"2025-12-05T15:12:00.000Z","open":90968.8,"high":90994.1,"low":90860.3,"close":90990.7,"volume":251.785}
{"level":"INFO","time":"2025-12-05T15:14:00.137Z","caller":"strategy/adapter.go:61","msg":"Kline received","open_time":"2025-12-05T15:13:00.000Z","open":90990.7,"high":91156.6,"low":90990.6,"close":90993.8,"volume":352.86}
{"level":"INFO","time":"2025-12-05T15:15:00.267Z","caller":"strategy/adapter.go:61","msg":"Kline received","open_time":"2025-12-05T15:14:00.000Z","open":90993.8,"high":90999.9,"low":90882.6,"close":90994.6,"volume":164.368}
{"level":"INFO","time":"2025-12-05T15:15:00.267Z","caller":"strategy/adapter.go:86","msg":"Signal generated","signal_type":"OPEN_LONG","price":90994.6,"confidence":1,"reason":"MACD金叉+EMA5/VWAP8金叉+EMA5/EMA15金叉(强信号)"}
{"level":"INFO","time":"2025-12-05T15:15:01.568Z","caller":"strategy/adapter.go:149","msg":"Order placed","order_id":"BTCUSDT_1764947701","side":"BUY","type":"MARKET","quantity":0.012,"price":0,"status":"NEW"}
{"level":"INFO","time":"2025-12-05T15:15:01.770Z","caller":"strategy/adapter.go:163","msg":"Order filled","order_id":"go_1764947701256805033","avg_price":90923.8}
{"level":"INFO","time":"2025-12-05T15:15:02.065Z","caller":"strategy/adapter.go:195","msg":"Position update","side":"LONG","size":0.039,"entry_price":91063.9051282,"current_price":90994.6,"unrealized_pnl":-2.70289999,"pnl_percent":-0.07610603548260973}
{"level":"INFO","time":"2025-12-05T15:16:00.101Z","caller":"strategy/adapter.go:61","msg":"Kline received","open_time":"2025-12-05T15:15:00.000Z","open":90994.6,"high":91069.4,"low":90940.2,"close":91038.9,"volume":310.413}
{"level":"INFO","time":"2025-12-05T15:16:00.101Z","caller":"strategy/adapter.go:86","msg":"Signal generated","signal_type":"OPEN_LONG","price":91038.9,"confidence":1,"reason":"MACD金叉+EMA5/VWAP8金叉+EMA5/EMA15金叉(强信号)"}
{"level":"INFO","time":"2025-12-05T15:16:00.748Z","caller":"strategy/adapter.go:149","msg":"Order placed","order_id":"BTCUSDT_1764947760","side":"BUY","type":"MARKET","quantity":0.011,"price":0,"status":"NEW"}
{"level":"INFO","time":"2025-12-05T15:16:01.047Z","caller":"strategy/adapter.go:163","msg":"Order filled","order_id":"go_1764947760543793722","avg_price":91025.3}
{"level":"INFO","time":"2025-12-05T15:16:01.381Z","caller":"strategy/adapter.go:195","msg":"Position update","side":"LONG","size":0.05,"entry_price":91055.412,"current_price":91038.9,"unrealized_pnl":-0.8256,"pnl_percent":-0.018134012726228728}
{"level":"INFO","time":"2025-12-05T15:17:00.371Z","caller":"strategy/adapter.go:61","msg":"Kline received","open_time":"2025-12-05T15:16:00.000Z","open":91038.9,"high":91118.8,"low":90997.1,"close":91106.4,"volume":210.91}
{"level":"INFO","time":"2025-12-05T15:17:00.371Z","caller":"strategy/adapter.go:86","msg":"Signal generated","signal_type":"OPEN_LONG","price":91106.4,"confidence":1,"reason":"MACD金叉+EMA5/VWAP8金叉+EMA5/EMA15金叉(强信号)"}
{"level":"INFO","time":"2025-12-05T15:17:02.814Z","caller":"strategy/adapter.go:149","msg":"Order placed","order_id":"BTCUSDT_1764947822","side":"BUY","type":"MARKET","quantity":0.01,"price":0,"status":"NEW"}
{"level":"INFO","time":"2025-12-05T15:17:02.916Z","caller":"strategy/adapter.go:163","msg":"Order filled","order_id":"go_1764947821218408790","avg_price":91118.7}
{"level":"INFO","time":"2025-12-05T15:17:03.407Z","caller":"strategy/adapter.go:195","msg":"Position update","side":"LONG","size":0.06,"entry_price":91065.96,"current_price":91098.3,"unrealized_pnl":1.9404,"pnl_percent":0.03551272066972115}
{"level":"INFO","time":"2025-12-05T15:18:00.197Z","caller":"strategy/adapter.go:61","msg":"Kline received","open_time":"2025-12-05T15:17:00.000Z","open":91106.4,"high":91135.3,"low":91020.1,"close":91112.4,"volume":204.926}
{"level":"INFO","time":"2025-12-05T15:18:00.197Z","caller":"strategy/adapter.go:86","msg":"Signal generated","signal_type":"OPEN_LONG","price":91112.4,"confidence":1,"reason":"MACD金叉+EMA5/VWAP8金叉+EMA5/EMA15金叉(强信号)"}
{"level":"INFO","time":"2025-12-05T15:18:01.351Z","caller":"strategy/adapter.go:149","msg":"Order placed","order_id":"BTCUSDT_1764947881","side":"BUY","type":"MARKET","quantity":0.009,"price":0,"status":"NEW"}
{"level":"INFO","time":"2025-12-05T15:18:01.781Z","caller":"strategy/adapter.go:163","msg":"Order filled","order_id":"go_1764947881254355572","avg_price":91118.7}
{"level":"INFO","time":"2025-12-05T15:18:02.006Z","caller":"strategy/adapter.go:195","msg":"Position update","side":"LONG","size":0.069,"entry_price":91072.83913043,"current_price":91117.03429348,"unrealized_pnl":3.04946625,"pnl_percent":0.0485272705511949}
{"level":"INFO","time":"2025-12-05T15:19:00.185Z","caller":"strategy/adapter.go:61","msg":"Kline received","open_time":"2025-12-05T15:18:00.000Z","open":91112.3,"high":91114.6,"low":90836.8,"close":90897.5,"volume":423.501}
{"level":"INFO","time":"2025-12-05T15:20:00.397Z","caller":"strategy/adapter.go:61","msg":"Kline received","open_time":"2025-12-05T15:19:00.000Z","open":90897.4,"high":90931,"low":90808.9,"close":90885.3,"volume":378.934}
{"level":"INFO","time":"2025-12-05T15:20:00.397Z","caller":"strategy/adapter.go:86","msg":"Signal generated","signal_type":"OPEN_SHORT","price":90885.3,"confidence":1,"reason":"MACD死叉+EMA5/VWAP8死叉"}
{"level":"ERROR","time":"2025-12-05T15:20:02.452Z","caller":"strategy/adapter.go:109","msg":"Execute order failed","symbol":"BTCUSDT","error":"risk check failed: invalid leverage: 0"}
{"level":"INFO","time":"2025-12-05T15:20:02.970Z","caller":"strategy/adapter.go:149","msg":"Order placed","order_id":"BTCUSDT_1764948002","side":"SELL","type":"MARKET","quantity":0.008,"price":0,"status":"NEW"}
{"level":"INFO","time":"2025-12-05T15:20:03.077Z","caller":"strategy/adapter.go:163","msg":"Order filled","order_id":"go_1764948002452345252","avg_price":90869.1}
{"level":"INFO","time":"2025-12-05T15:20:03.324Z","caller":"strategy/adapter.go:195","msg":"Position update","side":"LONG","size":0.061,"entry_price":91072.83913043,"current_price":90903.9,"unrealized_pnl":-10.30528695,"pnl_percent":-0.18549891706562766}
{"level":"INFO","time":"2025-12-05T15:21:00.234Z","caller":"strategy/adapter.go:61","msg":"Kline received","open_time":"2025-12-05T15:20:00.000Z","open":90885.3,"high":90944.9,"low":90877,"close":90886.4,"volume":154.179}
{"level":"INFO","time":"2025-12-05T15:21:00.234Z","caller":"strategy/adapter.go:86","msg":"Signal generated","signal_type":"OPEN_SHORT","price":90886.4,"confidence":1,"reason":"MACD死叉+EMA5/VWAP8死叉"}
{"level":"ERROR","time":"2025-12-05T15:21:00.450Z","caller":"strategy/adapter.go:109","msg":"Execute order failed","symbol":"BTCUSDT","error":"risk check failed: invalid leverage: 0"}
{"level":"INFO","time":"2025-12-05T15:21:00.548Z","caller":"strategy/adapter.go:149","msg":"Order placed","order_id":"BTCUSDT_1764948060","side":"SELL","type":"MARKET","quantity":0.009,"price":0,"status":"NEW"}
{"level":"INFO","time":"2025-12-05T15:21:00.977Z","caller":"strategy/adapter.go:163","msg":"Order filled","order_id":"go_1764948060450743062","avg_price":90887.9}
{"level":"INFO","time":"2025-12-05T15:21:01.214Z","caller":"strategy/adapter.go:195","msg":"Position update","side":"LONG","size":0.052,"entry_price":91072.83913043,"current_price":90897.11855072,"unrealized_pnl":-9.13747014,"pnl_percent":-0.192945098992386}
{"level":"INFO","time":"2025-12-05T15:22:00.145Z","caller":"strategy/adapter.go:61","msg":"Kline received","open_time":"2025-12-05T15:21:00.000Z","open":90886.5,"high":91048.1,"low":90886.5,"close":91010.3,"volume":132.293}
{"level":"INFO","time":"2025-12-05T15:22:00.145Z","caller":"strategy/adapter.go:86","msg":"Signal generated","signal_type":"OPEN_SHORT","price":91010.3,"confidence":1,"reason":"MACD死叉+EMA5/VWAP8死叉"}
{"level":"ERROR","time":"2025-12-05T15:22:00.668Z","caller":"strategy/adapter.go:109","msg":"Execute order failed","symbol":"BTCUSDT","error":"risk check failed: invalid leverage: 0"}
{"level":"INFO","time":"2025-12-05T15:22:02.217Z","caller":"strategy/adapter.go:149","msg":"Order placed","order_id":"BTCUSDT_1764948122","side":"SELL","type":"MARKET","quantity":0.009,"price":0,"status":"NEW"}
{"level":"INFO","time":"2025-12-05T15:22:02.344Z","caller":"strategy/adapter.go:163","msg":"Order filled","order_id":"go_1764948121898308786","avg_price":90887.96667}
{"level":"INFO","time":"2025-12-05T15:22:03.392Z","caller":"strategy/adapter.go:195","msg":"Position update","side":"LONG","size":0.043,"entry_price":91072.83913043,"current_price":91009.63331522,"unrealized_pnl":-2.71785005,"pnl_percent":-0.06940138873430622}
{"level":"INFO","time":"2025-12-05T15:23:00.708Z","caller":"strategy/adapter.go:61","msg":"Kline received","open_time":"2025-12-05T15:22:00.000Z","open":91010.2,"high":91010.2,"low":90920.6,"close":91000,"volume":91.189}
{"level":"INFO","time":"2025-12-05T15:23:00.709Z","caller":"strategy/adapter.go:86","msg":"Signal generated","signal_type":"OPEN_SHORT","price":91000,"confidence":1,"reason":"MACD死叉+EMA5/VWAP8死叉"}
{"level":"ERROR","time":"2025-12-05T15:23:00.985Z","caller":"strategy/adapter.go:109","msg":"Execute order failed","symbol":"BTCUSDT","error":"risk check failed: invalid leverage: 0"}
{"level":"INFO","time":"2025-12-05T15:23:01.211Z","caller":"strategy/adapter.go:149","msg":"Order placed","order_id":"BTCUSDT_1764948181","side":"SELL","type":"MARKET","quantity":0.01,"price":0,"status":"NEW"}
{"level":"INFO","time":"2025-12-05T15:23:01.542Z","caller":"strategy/adapter.go:163","msg":"Order filled","order_id":"go_1764948180985945275","avg_price":90958.6}
{"level":"INFO","time":"2025-12-05T15:23:01.951Z","caller":"strategy/adapter.go:195","msg":"Position update","side":"LONG","size":0.033,"entry_price":91072.83913043,"current_price":91012.76630435,"unrealized_pnl":-1.98240326,"pnl_percent":-0.06596129717068855}
{"level":"INFO","time":"2025-12-05T15:24:00.135Z","caller":"strategy/adapter.go:61","msg":"Kline received","open_time":"2025-12-05T15:23:00.000Z","open":90999.9,"high":91050,"low":90935,"close":91000.5,"volume":92.404}
{"level":"INFO","time":"2025-12-05T15:25:00.417Z","caller":"strategy/adapter.go:61","msg":"Kline received","open_time":"2025-12-05T15:24:00.000Z","open":91000.6,"high":91107.9,"low":91000.5,"close":91091.7,"volume":159.716}
{"level":"INFO","time":"2025-12-05T15:26:00.265Z","caller":"strategy/adapter.go:61","msg":"Kline received","open_time":"2025-12-05T15:25:00.000Z","open":91091.6,"high":91091.6,"low":90972.4,"close":91088.5,"volume":130.042}
{"level":"INFO","time":"2025-12-05T15:27:00.527Z","caller":"strategy/adapter.go:61","msg":"Kline received","open_time":"2025-12-05T15:26:00.000Z","open":91088.6,"high":91100,"low":91030.1,"close":91070.1,"volume":166.771}
{"level":"INFO","time":"2025-12-05T15:28:00.119Z","caller":"strategy/adapter.go:61","msg":"Kline received","open_time":"2025-12-05T15:27:00.000Z","open":91070.2,"high":91076.4,"low":90927.3,"close":90992.8,"volume":97.801}
{"level":"INFO","time":"2025-12-05T15:29:00.327Z","caller":"strategy/adapter.go:61","msg":"Kline received","open_time":"2025-12-05T15:28:00.000Z","open":90992.8,"high":91081.8,"low":90940.9,"close":91081.7,"volume":92.964}
{"level":"INFO","time":"2025-12-05T15:30:00.141Z","caller":"strategy/adapter.go:61","msg":"Kline received","open_time":"2025-12-05T15:29:00.000Z","open":91081.7,"high":91179,"low":91017,"close":91171.6,"volume":88.608}
{"level":"INFO","time":"2025-12-05T15:31:00.119Z","caller":"strategy/adapter.go:61","msg":"Kline received","open_time":"2025-12-05T15:30:00.000Z","open":91171.7,"high":91273.6,"low":91160.7,"close":91264.6,"volume":440.613}
{"level":"INFO","time":"2025-12-05T15:32:00.082Z","caller":"strategy/adapter.go:61","msg":"Kline received","open_time":"2025-12-05T15:31:00.000Z","open":91264.7,"high":91298.3,"low":91206.1,"close":91260.4,"volume":157.415}
{"level":"INFO","time":"2025-12-05T15:32:00.082Z","caller":"strategy/adapter.go:86","msg":"Signal generated","signal_type":"OPEN_LONG","price":91260.4,"confidence":1,"reason":"MACD金叉+EMA5/VWAP8金叉+EMA5/EMA15金叉(强信号)"}
{"level":"INFO","time":"2025-12-05T15:32:00.817Z","caller":"strategy/adapter.go:149","msg":"Order placed","order_id":"BTCUSDT_1764948720","side":"BUY","type":"MARKET","quantity":0.011,"price":0,"status":"NEW"}
{"level":"INFO","time":"2025-12-05T15:32:00.919Z","caller":"strategy/adapter.go:163","msg":"Order filled","order_id":"go_1764948720564475660","avg_price":91213.78182}
{"level":"INFO","time":"2025-12-05T15:32:01.044Z","caller":"strategy/adapter.go:195","msg":"Position update","side":"LONG","size":0.044,"entry_price":91108.07480237,"current_price":91257.05246377,"unrealized_pnl":6.5550171,"pnl_percent":0.16351751662714423}
{"level":"INFO","time":"2025-12-05T15:33:00.170Z","caller":"strategy/adapter.go:61","msg":"Kline received","open_time":"2025-12-05T15:32:00.000Z","open":91260.4,"high":91311.3,"low":91214.7,"close":91305,"volume":187.964}
{"level":"INFO","time":"2025-12-05T15:33:00.170Z","caller":"strategy/adapter.go:86","msg":"Signal generated","signal_type":"OPEN_LONG","price":91305,"confidence":1,"reason":"MACD金叉+EMA5/VWAP8金叉+EMA5/EMA15金叉(强信号)"}
{"level":"INFO","time":"2025-12-05T15:33:00.745Z","caller":"strategy/adapter.go:149","msg":"Order placed","order_id":"BTCUSDT_1764948780","side":"BUY","type":"MARKET","quantity":0.011,"price":0,"status":"NEW"}
{"level":"INFO","time":"2025-12-05T15:33:00.851Z","caller":"strategy/adapter.go:163","msg":"Order filled","order_id":"go_1764948780394067391","avg_price":91253.58182}
{"level":"INFO","time":"2025-12-05T15:33:00.977Z","caller":"strategy/adapter.go:195","msg":"Position update","side":"LONG","size":0.055,"entry_price":91137.17620553,"current_price":91309.5,"unrealized_pnl":9.47780869,"pnl_percent":0.1890817792895147}
{"level":"INFO","time":"2025-12-05T15:34:00.650Z","caller":"strategy/adapter.go:61","msg":"Kline received","open_time":"2025-12-05T15:33:00.000Z","open":91305,"high":91342.6,"low":91274.2,"close":91318.5,"volume":293.391}
{"level":"INFO","time":"2025-12-05T15:34:00.650Z","caller":"strategy/adapter.go:86","msg":"Signal generated","signal_type":"OPEN_LONG","price":91318.5,"confidence":1,"reason":"MACD金叉+EMA5/VWAP8金叉+EMA5/EMA15金叉(强信号)"}
{"level":"INFO","time":"2025-12-05T15:34:01.162Z","caller":"strategy/adapter.go:149","msg":"Order placed","order_id":"BTCUSDT_1764948841","side":"BUY","type":"MARKET","quantity":0.01,"price":0,"status":"NEW"}
{"level":"INFO","time":"2025-12-05T15:34:01.555Z","caller":"strategy/adapter.go:163","msg":"Order filled","order_id":"go_1764948840853332182","avg_price":91288.78}
{"level":"INFO","time":"2025-12-05T15:34:01.755Z","caller":"strategy/adapter.go:195","msg":"Position update","side":"LONG","size":0.065,"entry_price":91160.49986622,"current_price":91324.7567029,"unrealized_pnl":10.67669438,"pnl_percent":0.18018422107868548}
{"level":"INFO","time":"2025-12-05T15:35:00.075Z","caller":"strategy/adapter.go:61","msg":"Kline received","open_time":"2025-12-05T15:34:00.000Z","open":91318.6,"high":91320.5,"low":91180,"close":91190,"volume":171.411}
{"level":"INFO","time":"2025-12-05T15:36:00.122Z","caller":"strategy/adapter.go:61","msg":"Kline received","open_time":"2025-12-05T15:35:00.000Z","open":91190,"high":91220.8,"low":91154.2,"close":91200,"volume":219.33}
{"level":"INFO","time":"2025-12-05T15:36:00.122Z","caller":"strategy/adapter.go:86","msg":"Signal generated","signal_type":"OPEN_SHORT","price":91200,"confidence":1,"reason":"MACD死叉+EMA5/VWAP8死叉"}
{"level":"ERROR","time":"2025-12-05T15:36:00.924Z","caller":"strategy/adapter.go:109","msg":"Execute order failed","symbol":"BTCUSDT","error":"risk check failed: invalid leverage: 0"}
{"level":"INFO","time":"2025-12-05T15:36:01.019Z","caller":"strategy/adapter.go:149","msg":"Order placed","order_id":"BTCUSDT_1764948961","side":"SELL","type":"MARKET","quantity":0.01,"price":0,"status":"NEW"}
{"level":"INFO","time":"2025-12-05T15:36:01.268Z","caller":"strategy/adapter.go:163","msg":"Order filled","order_id":"go_1764948960924111024","avg_price":91190.26}
{"level":"INFO","time":"2025-12-05T15:36:01.578Z","caller":"strategy/adapter.go:195","msg":"Position update","side":"LONG","size":0.055,"entry_price":91160.49986622,"current_price":91209.4,"unrealized_pnl":2.68950735,"pnl_percent":0.05364180067915998}
{"level":"INFO","time":"2025-12-05T15:37:00.208Z","caller":"strategy/adapter.go:61","msg":"Kline received","open_time":"2025-12-05T15:36:00.000Z","open":91199.9,"high":91226.8,"low":91155.2,"close":91190.6,"volume":98.548}
{"level":"INFO","time":"2025-12-05T15:37:00.208Z","caller":"strategy/adapter.go:86","msg":"Signal generated","signal_type":"OPEN_SHORT","price":91190.6,"confidence":1,"reason":"MACD死叉+EMA5/VWAP8死叉"}
{"level":"ERROR","time":"2025-12-05T15:37:01.158Z","caller":"strategy/adapter.go:109","msg":"Execute order failed","symbol":"BTCUSDT","error":"risk check failed: invalid leverage: 0"}
{"level":"INFO","time":"2025-12-05T15:37:01.281Z","caller":"strategy/adapter.go:149","msg":"Order placed","order_id":"BTCUSDT_1764949021","side":"SELL","type":"MARKET","quantity":0.01,"price":0,"status":"NEW"}
{"level":"INFO","time":"2025-12-05T15:37:01.659Z","caller":"strategy/adapter.go:163","msg":"Order filled","order_id":"go_1764949021158232816","avg_price":91164.34}
{"level":"INFO","time":"2025-12-05T15:37:01.851Z","caller":"strategy/adapter.go:195","msg":"Position update","side":"LONG","size":0.045,"entry_price":91160.49986622,"current_price":91198.4,"unrealized_pnl":1.70550602,"pnl_percent":0.04157517108111193}
{"level":"INFO","time":"2025-12-05T15:38:00.155Z","caller":"strategy/adapter.go:61","msg":"Kline received","open_time":"2025-12-05T15:37:00.000Z","open":91190.6,"high":91289.7,"low":91190.6,"close":91268.7,"volume":126.549}
{"level":"INFO","time":"2025-12-05T15:38:00.155Z","caller":"strategy/adapter.go:86","msg":"Signal generated","signal_type":"OPEN_SHORT","price":91268.7,"confidence":1,"reason":"MACD死叉+EMA5/VWAP8死叉"}
{"level":"ERROR","time":"2025-12-05T15:38:00.702Z","caller":"strategy/adapter.go:109","msg":"Execute order failed","symbol":"BTCUSDT","error":"risk check failed: invalid leverage: 0"}
{"level":"INFO","time":"2025-12-05T15:38:00.875Z","caller":"strategy/adapter.go:149","msg":"Order placed","order_id":"BTCUSDT_1764949080","side":"SELL","type":"MARKET","quantity":0.011,"price":0,"status":"NEW"}
{"level":"INFO","time":"2025-12-05T15:38:00.973Z","caller":"strategy/adapter.go:163","msg":"Order filled","order_id":"go_1764949080702682912","avg_price":91264.31818}
{"level":"INFO","time":"2025-12-05T15:38:01.117Z","caller":"strategy/adapter.go:195","msg":"Position update","side":"LONG","size":0.034,"entry_price":91160.49986622,"current_price":91273.9865942,"unrealized_pnl":3.85854875,"pnl_percent":0.12449112072413018}
{"level":"INFO","time":"2025-12-05T15:39:00.341Z","caller":"strategy/adapter.go:61","msg":"Kline received","open_time":"2025-12-05T15:38:00.000Z","open":91268.6,"high":91293,"low":91049.7,"close":91049.7,"volume":172.659}
{"level":"INFO","time":"2025-12-05T15:39:00.341Z","caller":"strategy/adapter.go:86","msg":"Signal generated","signal_type":"OPEN_SHORT","price":91049.7,"confidence":1,"reason":"MACD死叉+EMA5/VWAP8死叉"}
{"level":"ERROR","time":"2025-12-05T15:39:00.468Z","caller":"strategy/adapter.go:109","msg":"Execute order failed","symbol":"BTCUSDT","error":"risk check failed: invalid leverage: 0"}
{"level":"INFO","time":"2025-12-05T15:39:00.592Z","caller":"strategy/adapter.go:149","msg":"Order placed","order_id":"BTCUSDT_1764949140","side":"SELL","type":"MARKET","quantity":0.011,"price":0,"status":"NEW"}
{"level":"INFO","time":"2025-12-05T15:39:00.961Z","caller":"strategy/adapter.go:163","msg":"Order filled","order_id":"go_1764949140468276818","avg_price":91070.51818}
{"level":"INFO","time":"2025-12-05T15:39:01.205Z","caller":"strategy/adapter.go:195","msg":"Position update","side":"LONG","size":0.023,"entry_price":91160.49986622,"current_price":91093.90358696,"unrealized_pnl":-1.53171442,"pnl_percent":-0.07305387665509323}
{"level":"INFO","time":"2025-12-05T15:40:00.163Z","caller":"strategy/adapter.go:61","msg":"Kline received","open_time":"2025-12-05T15:39:00.000Z","open":91049.7,"high":91077,"low":91004,"close":91065.6,"volume":178.976}
{"level":"INFO","time":"2025-12-05T15:40:00.164Z","caller":"strategy/adapter.go:86","msg":"Signal generated","signal_type":"OPEN_SHORT","price":91065.6,"confidence":1,"reason":"MACD死叉+EMA5/VWAP8死叉+EMA5/EMA15死叉(强信号)"}
{"level":"ERROR","time":"2025-12-05T15:40:00.817Z","caller":"strategy/adapter.go:109","msg":"Execute order failed","symbol":"BTCUSDT","error":"risk check failed: invalid leverage: 0"}
{"level":"INFO","time":"2025-12-05T15:40:01.035Z","caller":"strategy/adapter.go:149","msg":"Order placed","order_id":"BTCUSDT_1764949201","side":"SELL","type":"MARKET","quantity":0.012,"price":0,"status":"NEW"}
{"level":"INFO","time":"2025-12-05T15:40:01.188Z","caller":"strategy/adapter.go:163","msg":"Order filled","order_id":"go_1764949200817170485","avg_price":86672.51667}
{"level":"INFO","time":"2025-12-05T15:40:01.662Z","caller":"strategy/adapter.go:195","msg":"Position update","side":"LONG","size":0.011,"entry_price":91160.49986622,"current_price":91065.7,"unrealized_pnl":-1.04279852,"pnl_percent":-0.10399226155370617}
{"level":"INFO","time":"2025-12-05T15:41:00.157Z","caller":"strategy/adapter.go:61","msg":"Kline received","open_time":"2025-12-05T15:40:00.000Z","open":91065.6,"high":91065.7,"low":90913.6,"close":90931.5,"volume":195.464}
{"level":"INFO","time":"2025-12-05T15:41:00.157Z","caller":"strategy/adapter.go:86","msg":"Signal generated","signal_type":"OPEN_SHORT","price":90931.5,"confidence":1,"reason":"MACD死叉+EMA5/VWAP8死叉+EMA5/EMA15死叉(强信号)"}
{"level":"ERROR","time":"2025-12-05T15:41:01.738Z","caller":"strategy/adapter.go:109","msg":"Execute order failed","symbol":"BTCUSDT","error":"risk check failed: invalid leverage: 0"}
{"level":"INFO","time":"2025-12-05T15:41:02.697Z","caller":"strategy/adapter.go:149","msg":"Order placed","order_id":"BTCUSDT_1764949262","side":"SELL","type":"MARKET","quantity":0.012,"price":0,"status":"NEW"}
{"level":"INFO","time":"2025-12-05T15:41:03.036Z","caller":"strategy/adapter.go:163","msg":"Order filled","order_id":"go_1764949261738322674","avg_price":90996.4}
{"level":"INFO","time":"2025-12-05T15:41:03.440Z","caller":"strategy/adapter.go:195","msg":"Position update","side":"LONG","size":0.001,"entry_price":90996.4,"current_price":90925.24371377,"unrealized_pnl":0.07115628,"pnl_percent":0.07819680778580253}
{"level":"INFO","time":"2025-12-05T15:42:00.127Z","caller":"strategy/adapter.go:61","msg":"Kline received","open_time":"2025-12-05T15:41:00.000Z","open":90931.5,"high":90978.6,"low":90856,"close":90889.7,"volume":184.746}
{"level":"INFO","time":"2025-12-05T15:42:00.127Z","caller":"strategy/adapter.go:86","msg":"Signal generated","signal_type":"OPEN_SHORT","price":90889.7,"confidence":1,"reason":"MACD死叉+EMA5/VWAP8死叉+EMA5/EMA15死叉(强信号)"}
{"level":"INFO","time":"2025-12-05T15:42:00.632Z","caller":"strategy/adapter.go:149","msg":"Order placed","order_id":"BTCUSDT_1764949320","side":"SELL","type":"MARKET","quantity":0.011,"price":0,"status":"NEW"}
{"level":"INFO","time":"2025-12-05T15:42:00.851Z","caller":"strategy/adapter.go:163","msg":"Order filled","order_id":"go_1764949320401714927","avg_price":90931.51818}
{"level":"INFO","time":"2025-12-05T15:42:01.172Z","caller":"strategy/adapter.go:195","msg":"Position update","side":"LONG","size":0.012,"entry_price":90936.925,"current_price":90897.35378623,"unrealized_pnl":0.47485456,"pnl_percent":0.04351501145803349}
{"level":"INFO","time":"2025-12-05T15:43:00.345Z","caller":"strategy/adapter.go:61","msg":"Kline received","open_time":"2025-12-05T15:42:00.000Z","open":90889.6,"high":90935.9,"low":90850,"close":90933.7,"volume":131.437}
{"level":"INFO","time":"2025-12-05T15:43:00.345Z","caller":"strategy/adapter.go:86","msg":"Signal generated","signal_type":"OPEN_SHORT","price":90933.7,"confidence":1,"reason":"MACD死叉+EMA5/VWAP8死叉+EMA5/EMA15死叉(强信号)"}
{"level":"INFO","time":"2025-12-05T15:43:00.587Z","caller":"strategy/adapter.go:149","msg":"Order placed","order_id":"BTCUSDT_1764949380","side":"SELL","type":"MARKET","quantity":0.01,"price":0,"status":"NEW"}
{"level":"INFO","time":"2025-12-05T15:43:00.715Z","caller":"strategy/adapter.go:163","msg":"Order filled","order_id":"go_1764949380478532637","avg_price":90922.32}
{"level":"INFO","time":"2025-12-05T15:43:00.894Z","caller":"strategy/adapter.go:195","msg":"Position update","side":"LONG","size":0.022,"entry_price":90930.28636364,"current_price":90933.7,"unrealized_pnl":-0.07509999,"pnl_percent":-0.003754124225936573}
{"level":"INFO","time":"2025-12-05T15:44:00.221Z","caller":"strategy/adapter.go:61","msg":"Kline received","open_time":"2025-12-05T15:43:00.000Z","open":90933.8,"high":90988,"low":90882.3,"close":90888.7,"volume":105.949}
{"level":"INFO","time":"2025-12-05T15:44:00.221Z","caller":"strategy/adapter.go:86","msg":"Signal generated","signal_type":"OPEN_SHORT","price":90888.7,"confidence":1,"reason":"MACD死叉+EMA5/VWAP8死叉+EMA5/EMA15死叉(强信号)"}
{"level":"INFO","time":"2025-12-05T15:44:01.358Z","caller":"strategy/adapter.go:149","msg":"Order placed","order_id":"BTCUSDT_1764949441","side":"SELL","type":"MARKET","quantity":0.009,"price":0,"status":"NEW"}
{"level":"INFO","time":"2025-12-05T15:44:01.682Z","caller":"strategy/adapter.go:163","msg":"Order filled","order_id":"go_1764949441262985000","avg_price":90939.2}
{"level":"INFO","time":"2025-12-05T15:44:01.999Z","caller":"strategy/adapter.go:195","msg":"Position update","side":"LONG","size":0.031,"entry_price":90932.87419355,"current_price":90903.90422101,"unrealized_pnl":0.89806914,"pnl_percent":0.031858634751170546}
{"level":"INFO","time":"2025-12-05T15:45:00.266Z","caller":"strategy/adapter.go:61","msg":"Kline received","open_time":"2025-12-05T15:44:00.000Z","open":90888.6,"high":90977.7,"low":90885.8,"close":90977.7,"volume":53.657}
{"level":"INFO","time":"2025-12-05T15:45:00.266Z","caller":"strategy/adapter.go:86","msg":"Signal generated","signal_type":"OPEN_SHORT","price":90977.7,"confidence":1,"reason":"MACD死叉+EMA5/VWAP8死叉+EMA5/EMA15死叉(强信号)"}
{"level":"INFO","time":"2025-12-05T15:45:01.414Z","caller":"strategy/adapter.go:149","msg":"Order placed","order_id":"BTCUSDT_1764949501","side":"SELL","type":"MARKET","quantity":0.008,"price":0,"status":"NEW"}
{"level":"INFO","time":"2025-12-05T15:45:01.550Z","caller":"strategy/adapter.go:163","msg":"Order filled","order_id":"go_1764949501138964773","avg_price":90921.725}
{"level":"INFO","time":"2025-12-05T15:45:02.204Z","caller":"strategy/adapter.go:195","msg":"Position update","side":"LONG","size":0.039,"entry_price":90930.58717948,"current_price":90977.90092391,"unrealized_pnl":-1.84523603,"pnl_percent":-0.05203281516876808}
{"level":"INFO","time":"2025-12-05T15:46:00.074Z","caller":"strategy/adapter.go:61","msg":"Kline received","open_time":"2025-12-05T15:45:00.000Z","open":90977.7,"high":90977.7,"low":90754.9,"close":90801.1,"volume":318.937}
{"level":"INFO","time":"2025-12-05T15:46:00.075Z","caller":"strategy/adapter.go:86","msg":"Signal generated","signal_type":"OPEN_SHORT","price":90801.1,"confidence":1,"reason":"MACD死叉+EMA5/VWAP8死叉+EMA5/EMA15死叉(强信号)"}
{"level":"INFO","time":"2025-12-05T15:46:00.918Z","caller":"strategy/adapter.go:149","msg":"Order placed","order_id":"BTCUSDT_1764949560","side":"SELL","type":"MARKET","quantity":0.008,"price":0,"status":"NEW"}
{"level":"INFO","time":"2025-12-05T15:46:01.163Z","caller":"strategy/adapter.go:163","msg":"Order filled","order_id":"go_1764949560515751480","avg_price":90889.7}
{"level":"INFO","time":"2025-12-05T15:46:01.606Z","caller":"strategy/adapter.go:195","msg":"Position update","side":"LONG","size":0.047,"entry_price":90923.62765957,"current_price":90810.4,"unrealized_pnl":5.32169999,"pnl_percent":0.12453051233903838}
{"level":"INFO","time":"2025-12-05T15:47:00.413Z","caller":"strategy/adapter.go:61","msg":"Kline received","open_time":"2025-12-05T15:46:00.000Z","open":90801.1,"high":90852.2,"low":90732.2,"close":90732.2,"volume":177.451}
{"level":"INFO","time":"2025-12-05T15:47:00.413Z","caller":"strategy/adapter.go:86","msg":"Signal generated","signal_type":"OPEN_SHORT","price":90732.2,"confidence":1,"reason":"MACD死叉+EMA5/VWAP8死叉+EMA5/EMA15死叉(强信号)"}
{"level":"INFO","time":"2025-12-05T15:47:01.302Z","caller":"strategy/adapter.go:149","msg":"Order placed","order_id":"BTCUSDT_1764949621","side":"SELL","type":"MARKET","quantity":0.007,"price":0,"status":"NEW"}
{"level":"INFO","time":"2025-12-05T15:47:01.403Z","caller":"strategy/adapter.go:163","msg":"Order filled","order_id":"go_1764949620898957110","avg_price":90827.12857}
{"level":"INFO","time":"2025-12-05T15:47:01.499Z","caller":"strategy/adapter.go:195","msg":"Position update","side":"LONG","size":0.054,"entry_price":90911.11851851,"current_price":90756.58648551,"unrealized_pnl":8.34472978,"pnl_percent":0.1699814450434898}
{"level":"INFO","time":"2025-12-05T15:48:00.155Z","caller":"strategy/adapter.go:61","msg":"Kline received","open_time":"2025-12-05T15:47:00.000Z","open":90732.3,"high":90856.1,"low":90710.6,"close":90818.6,"volume":270.45}
{"level":"INFO","time":"2025-12-05T15:48:00.155Z","caller":"strategy/adapter.go:86","msg":"Signal generated","signal_type":"OPEN_SHORT","price":90818.6,"confidence":1,"reason":"MACD死叉+EMA5/VWAP8死叉+EMA5/EMA15死叉(强信号)"}
{"level":"INFO","time":"2025-12-05T15:48:00.507Z","caller":"strategy/adapter.go:149","msg":"Order placed","order_id":"BTCUSDT_1764949680","side":"SELL","type":"MARKET","quantity":0.006,"price":0,"status":"NEW"}
{"level":"INFO","time":"2025-12-05T15:48:00.608Z","caller":"strategy/adapter.go:163","msg":"Order filled","order_id":"go_1764949680403821661","avg_price":90822.6}
{"level":"INFO","time":"2025-12-05T15:48:01.068Z","caller":"strategy/adapter.go:195","msg":"Position update","side":"LONG","size":0.06,"entry_price":90902.26666666,"current_price":90818.5,"unrealized_pnl":5.02599999,"pnl_percent":0.09215025056214896}
{"level":"INFO","time":"2025-12-05T15:49:00.446Z","caller":"strategy/adapter.go:61","msg":"Kline received","open_time":"2025-12-05T15:48:00.000Z","open":90818.6,"high":90919.1,"low":90815.5,"close":90898.2,"volume":104.076}
{"level":"INFO","time":"2025-12-05T15:50:00.172Z","caller":"strategy/adapter.go:61","msg":"Kline received","open_time":"2025-12-05T15:49:00.000Z","open":90898.2,"high":91119.8,"low":90887.2,"close":91030.8,"volume":384.595}
{"level":"INFO","time":"2025-12-05T15:51:00.179Z","caller":"strategy/adapter.go:61","msg":"Kline received","open_time":"2025-12-05T15:50:00.000Z","open":91030.7,"high":91068,"low":90917.1,"close":91063.9,"volume":188.362}
{"level":"INFO","time":"2025-12-05T15:52:00.155Z","caller":"strategy/adapter.go:61","msg":"Kline received","open_time":"2025-12-05T15:51:00.000Z","open":91064,"high":91092.1,"low":90777.3,"close":90847.9,"volume":486.162}
{"level":"INFO","time":"2025-12-05T15:53:00.123Z","caller":"strategy/adapter.go:61","msg":"Kline received","open_time":"2025-12-05T15:52:00.000Z","open":90847.8,"high":90847.9,"low":90606.8,"close":90629.7,"volume":371.5}
{"level":"INFO","time":"2025-12-05T15:53:00.123Z","caller":"strategy/adapter.go:86","msg":"Signal generated","signal_type":"OPEN_SHORT","price":90629.7,"confidence":1,"reason":"MACD死叉+EMA5/VWAP8死叉+EMA5/EMA15死叉(强信号)"}
{"level":"INFO","time":"2025-12-05T15:53:01.365Z","caller":"strategy/adapter.go:149","msg":"Order placed","order_id":"BTCUSDT_1764949981","side":"SELL","type":"MARKET","quantity":0.005,"price":0,"status":"NEW"}
{"level":"INFO","time":"2025-12-05T15:53:01.877Z","caller":"strategy/adapter.go:163","msg":"Order filled","order_id":"go_1764949981096714109","avg_price":90776.64}
{"level":"INFO","time":"2025-12-05T15:53:02.112Z","caller":"strategy/adapter.go:195","msg":"Position update","side":"LONG","size":0.065,"entry_price":90892.60307692,"current_price":90630.3,"unrealized_pnl":17.04969999,"pnl_percent":0.2885857241290038}
{"level":"INFO","time":"2025-12-05T15:54:00.154Z","caller":"strategy/adapter.go:61","msg":"Kline received","open_time":"2025-12-05T15:53:00.000Z","open":90629.7,"high":90658.8,"low":90537.4,"close":90602.9,"volume":508.668}
{"level":"INFO","time":"2025-12-05T15:54:00.154Z","caller":"strategy/adapter.go:86","msg":"Signal generated","signal_type":"OPEN_SHORT","price":90602.9,"confidence":1,"reason":"MACD死叉+EMA5/VWAP8死叉+EMA5/EMA15死叉(强信号)"}
{"level":"INFO","time":"2025-12-05T15:54:00.992Z","caller":"strategy/adapter.go:149","msg":"Order placed","order_id":"BTCUSDT_1764950040","side":"SELL","type":"MARKET","quantity":0.005,"price":0,"status":"NEW"}
{"level":"INFO","time":"2025-12-05T15:54:01.316Z","caller":"strategy/adapter.go:163","msg":"Order filled","order_id":"go_1764950040866473743","avg_price":90593.34}
{"level":"INFO","time":"2025-12-05T15:54:01.871Z","caller":"strategy/adapter.go:195","msg":"Position update","side":"LONG","size":0.07,"entry_price":90871.22714286,"current_price":90603,"unrealized_pnl":18.7759,"pnl_percent":0.2951727970344881}
{"level":"INFO","time":"2025-12-05T15:55:00.375Z","caller":"strategy/adapter.go:61","msg":"Kline received","open_time":"2025-12-05T15:54:00.000Z","open":90603,"high":90675.9,"low":90521.5,"close":90603.5,"volume":292.151}
{"level":"INFO","time":"2025-12-05T15:55:00.375Z","caller":"strategy/adapter.go:86","msg":"Signal generated","signal_type":"OPEN_SHORT","price":90603.5,"confidence":1,"reason":"MACD死叉+EMA5/VWAP8死叉+EMA5/EMA15死叉(强信号)"}
{"level":"INFO","time":"2025-12-05T15:55:01.776Z","caller":"strategy/adapter.go:149","msg":"Order placed","order_id":"BTCUSDT_1764950101","side":"SELL","type":"MARKET","quantity":0.004,"price":0,"status":"NEW"}
{"level":"INFO","time":"2025-12-05T15:55:01.887Z","caller":"strategy/adapter.go:163","msg":"Order filled","order_id":"go_1764950100999151485","avg_price":90565.65}
{"level":"INFO","time":"2025-12-05T15:55:02.221Z","caller":"strategy/adapter.go:195","msg":"Position update","side":"LONG","size":0.074,"entry_price":90854.70945946,"current_price":90608.85333333,"unrealized_pnl":18.19335333,"pnl_percent":0.27060361267324706}
{"level":"INFO","time":"2025-12-05T15:56:00.429Z","caller":"strategy/adapter.go:61","msg":"Kline received","open_time":"2025-12-05T15:55:00.000Z","open":90603.5,"high":90603.5,"low":90504.5,"close":90510.5,"volume":407.876}
{"level":"INFO","time":"2025-12-05T15:56:00.430Z","caller":"strategy/adapter.go:86","msg":"Signal generated","signal_type":"OPEN_SHORT","price":90510.5,"confidence":1,"reason":"MACD死叉+EMA5/VWAP8死叉+EMA5/EMA15死叉(强信号)"}
{"level":"INFO","time":"2025-12-05T15:56:00.683Z","caller":"strategy/adapter.go:149","msg":"Order placed","order_id":"BTCUSDT_1764950160","side":"SELL","type":"MARKET","quantity":0.004,"price":0,"status":"NEW"}
{"level":"INFO","time":"2025-12-05T15:56:00.939Z","caller":"strategy/adapter.go:163","msg":"Order filled","order_id":"go_1764950160562253926","avg_price":90536.95}
{"level":"INFO","time":"2025-12-05T15:56:01.270Z","caller":"strategy/adapter.go:195","msg":"Position update","side":"LONG","size":0.078,"entry_price":90838.41410256,"current_price":90510.6,"unrealized_pnl":25.56949999,"pnl_percent":0.36087607393253585}
{"level":"INFO","time":"2025-12-05T15:57:00.495Z","caller":"strategy/adapter.go:61","msg":"Kline received","open_time":"2025-12-05T15:56:00.000Z","open":90510.5,"high":90510.5,"low":90333,"close":90350.5,"volume":613.445}
{"level":"INFO","time":"2025-12-05T15:57:00.495Z","caller":"strategy/adapter.go:86","msg":"Signal generated","signal_type":"OPEN_SHORT","price":90350.5,"confidence":1,"reason":"MACD死叉+EMA5/VWAP8死叉+EMA5/EMA15死叉(强信号)"}
{"level":"INFO","time":"2025-12-05T15:57:01.298Z","caller":"strategy/adapter.go:149","msg":"Order placed","order_id":"BTCUSDT_1764950221","side":"SELL","type":"MARKET","quantity":0.003,"price":0,"status":"NEW"}
{"level":"INFO","time":"2025-12-05T15:57:01.428Z","caller":"strategy/adapter.go:163","msg":"Order filled","order_id":"go_1764950221106578901","avg_price":90451.8}
{"level":"INFO","time":"2025-12-05T15:57:02.327Z","caller":"strategy/adapter.go:195","msg":"Position update","side":"LONG","size":0.081,"entry_price":90824.09506172,"current_price":90354.84309783,"unrealized_pnl":38.00940907,"pnl_percent":0.5166602139094012}
{"level":"INFO","time":"2025-12-05T15:58:00.207Z","caller":"strategy/adapter.go:61","msg":"Kline received","open_time":"2025-12-05T15:57:00.000Z","open":90350.5,"high":90356.8,"low":90224.1,"close":90305.4,"volume":483.021}
{"level":"INFO","time":"2025-12-05T15:58:00.207Z","caller":"strategy/adapter.go:86","msg":"Signal generated","signal_type":"OPEN_SHORT","price":90305.4,"confidence":1,"reason":"MACD死叉+EMA5/VWAP8死叉+EMA5/EMA15死叉(强信号)"}
{"level":"INFO","time":"2025-12-05T15:58:01.509Z","caller":"strategy/adapter.go:149","msg":"Order placed","order_id":"BTCUSDT_1764950281","side":"SELL","type":"MARKET","quantity":0.003,"price":0,"status":"NEW"}
{"level":"INFO","time":"2025-12-05T15:58:01.849Z","caller":"strategy/adapter.go:163","msg":"Order filled","order_id":"go_1764950281347519777","avg_price":90331.2}
{"level":"INFO","time":"2025-12-05T15:58:02.245Z","caller":"strategy/adapter.go:195","msg":"Position update","side":"LONG","size":0.084,"entry_price":90806.49166666,"current_price":90285.9,"unrealized_pnl":43.72969999,"pnl_percent":0.5732978523811382}
{"level":"INFO","time":"2025-12-05T15:59:00.120Z","caller":"strategy/adapter.go:61","msg":"Kline received","open_time":"2025-12-05T15:58:00.000Z","open":90305.3,"high":90329.1,"low":90210.6,"close":90231.1,"volume":264.835}
{"level":"INFO","time":"2025-12-05T15:59:00.120Z","caller":"strategy/adapter.go:86","msg":"Signal generated","signal_type":"OPEN_SHORT","price":90231.1,"confidence":1,"reason":"MACD死叉+EMA5/VWAP8死叉+EMA5/EMA15死叉(强信号)"}
{"level":"INFO","time":"2025-12-05T15:59:00.354Z","caller":"strategy/adapter.go:149","msg":"Order placed","order_id":"BTCUSDT_1764950340","side":"SELL","type":"MARKET","quantity":0.003,"price":0,"status":"NEW"}
{"level":"INFO","time":"2025-12-05T15:59:00.581Z","caller":"strategy/adapter.go:163","msg":"Order filled","order_id":"go_1764950340240216725","avg_price":90261.26667}
{"level":"INFO","time":"2025-12-05T15:59:00.764Z","caller":"strategy/adapter.go:195","msg":"Position update","side":"LONG","size":0.087,"entry_price":90787.69080459,"current_price":90248.01646739,"unrealized_pnl":46.95166733,"pnl_percent":0.5944355807969864}
{"level":"INFO","time":"2025-12-05T16:00:00.158Z","caller":"strategy/adapter.go:61","msg":"Kline received","open_time":"2025-12-05T15:59:00.000Z","open":90231.1,"high":90430.9,"low":90230.6,"close":90414,"volume":213.802}
{"level":"INFO","time":"2025-12-05T16:00:00.158Z","caller":"strategy/adapter.go:86","msg":"Signal generated","signal_type":"OPEN_SHORT","price":90414,"confidence":1,"reason":"MACD死叉+EMA5/VWAP8死叉+EMA5/EMA15死叉(强信号)"}
{"level":"INFO","time":"2025-12-05T16:00:03.734Z","caller":"strategy/adapter.go:149","msg":"Order placed","order_id":"BTCUSDT_1764950403","side":"SELL","type":"MARKET","quantity":0.003,"price":0,"status":"NEW"}
{"level":"INFO","time":"2025-12-05T16:00:04.084Z","caller":"strategy/adapter.go:163","msg":"Order filled","order_id":"go_1764950400545605785","avg_price":90360.6}
{"level":"INFO","time":"2025-12-05T16:00:04.447Z","caller":"strategy/adapter.go:195","msg":"Position update","side":"LONG","size":0.09,"entry_price":90773.45444444,"current_price":90409.51447464,"unrealized_pnl":32.75459728,"pnl_percent":0.4009321579807626}
{"level":"INFO","time":"2025-12-05T16:01:00.216Z","caller":"strategy/adapter.go:61","msg":"Kline received","open_time":"2025-12-05T16:00:00.000Z","open":90413.9,"high":90460,"low":90335.4,"close":90338.2,"volume":229.755}
{"level":"INFO","time":"2025-12-05T16:01:00.216Z","caller":"strategy/adapter.go:86","msg":"Signal generated","signal_type":"OPEN_SHORT","price":90338.2,"confidence":1,"reason":"MACD死叉+EMA5/VWAP8死叉+EMA5/EMA15死叉(强信号)"}
{"level":"INFO","time":"2025-12-05T16:01:00.936Z","caller":"strategy/adapter.go:149","msg":"Order placed","order_id":"BTCUSDT_1764950460","side":"SELL","type":"MARKET","quantity":0.002,"price":0,"status":"NEW"}
{"level":"INFO","time":"2025-12-05T16:01:01.045Z","caller":"strategy/adapter.go:163","msg":"Order filled","order_id":"go_1764950460736933859","avg_price":90412.6}
{"level":"INFO","time":"2025-12-05T16:01:01.204Z","caller":"strategy/adapter.go:195","msg":"Position update","side":"LONG","size":0.092,"entry_price":90765.6097826,"current_price":90363.56063241,"unrealized_pnl":36.98852181,"pnl_percent":0.4429531747450117}
{"level":"INFO","time":"2025-12-05T16:02:00.283Z","caller":"strategy/adapter.go:61","msg":"Kline received","open_time":"2025-12-05T16:01:00.000Z","open":90338.3,"high":90381.9,"low":90259.6,"close":90281.7,"volume":265.927}
{"level":"INFO","time":"2025-12-05T16:02:00.283Z","caller":"strategy/adapter.go:86","msg":"Signal generated","signal_type":"OPEN_SHORT","price":90281.7,"confidence":1,"reason":"MACD死叉+EMA5/VWAP8死叉+EMA5/EMA15死叉(强信号)"}
{"level":"INFO","time":"2025-12-05T16:02:00.930Z","caller":"strategy/adapter.go:149","msg":"Order placed","order_id":"BTCUSDT_1764950520","side":"SELL","type":"MARKET","quantity":0.002,"price":0,"status":"NEW"}
{"level":"INFO","time":"2025-12-05T16:02:01.245Z","caller":"strategy/adapter.go:163","msg":"Order filled","order_id":"go_1764950520685471588","avg_price":90284}
{"level":"INFO","time":"2025-12-05T16:02:01.611Z","caller":"strategy/adapter.go:195","msg":"Position update","side":"LONG","size":0.094,"entry_price":90755.36276595,"current_price":90275.89871377,"unrealized_pnl":45.0696209,"pnl_percent":0.5283038241653606}
{"level":"INFO","time":"2025-12-05T16:03:00.121Z","caller":"strategy/adapter.go:61","msg":"Kline received","open_time":"2025-12-05T16:02:00.000Z","open":90281.6,"high":90320.6,"low":90163.4,"close":90163.6,"volume":262.417}
{"level":"INFO","time":"2025-12-05T16:03:00.121Z","caller":"strategy/adapter.go:86","msg":"Signal generated","signal_type":"OPEN_SHORT","price":90163.6,"confidence":1,"reason":"MACD死叉+EMA5/VWAP8死叉+EMA5/EMA15死叉(强信号)"}
{"level":"INFO","time":"2025-12-05T16:03:00.702Z","caller":"strategy/adapter.go:149","msg":"Order placed","order_id":"BTCUSDT_1764950580","side":"SELL","type":"MARKET","quantity":0.002,"price":0,"status":"NEW"}
{"level":"INFO","time":"2025-12-05T16:03:01.036Z","caller":"strategy/adapter.go:163","msg":"Order filled","order_id":"go_1764950580578131916","avg_price":90294.2}
{"level":"INFO","time":"2025-12-05T16:03:01.500Z","caller":"strategy/adapter.go:195","msg":"Position update","side":"LONG","size":0.096,"entry_price":90745.75520833,"current_price":90196.14543478,"unrealized_pnl":52.76253826,"pnl_percent":0.6056589338861056}
{"level":"INFO","time":"2025-12-05T16:04:00.116Z","caller":"strategy/adapter.go:61","msg":"Kline received","open_time":"2025-12-05T16:03:00.000Z","open":90163.5,"high":90171.2,"low":90056.1,"close":90059.4,"volume":416.381}
{"level":"INFO","time":"2025-12-05T16:04:00.116Z","caller":"strategy/adapter.go:86","msg":"Signal generated","signal_type":"OPEN_SHORT","price":90059.4,"confidence":1,"reason":"MACD死叉+EMA5/VWAP8死叉+EMA5/EMA15死叉(强信号)"}
{"level":"INFO","time":"2025-12-05T16:04:00.635Z","caller":"strategy/adapter.go:149","msg":"Order placed","order_id":"BTCUSDT_1764950640","side":"SELL","type":"MARKET","quantity":0.002,"price":0,"status":"NEW"}
{"level":"INFO","time":"2025-12-05T16:04:00.720Z","caller":"strategy/adapter.go:163","msg":"Order filled","order_id":"go_1764950640320070180","avg_price":90142.1}
{"level":"INFO","time":"2025-12-05T16:04:01.187Z","caller":"strategy/adapter.go:195","msg":"Position update","side":"LONG","size":0.098,"entry_price":90733.43571428,"current_price":90083.5184058,"unrealized_pnl":63.69189623,"pnl_percent":0.7162930658946722}
{"level":"INFO","time":"2025-12-05T16:05:00.094Z","caller":"strategy/adapter.go:61","msg":"Kline received","open_time":"2025-12-05T16:04:00.000Z","open":90059.4,"high":90229.1,"low":90050,"close":90115,"volume":342.008}
{"level":"INFO","time":"2025-12-05T16:05:00.094Z","caller":"strategy/adapter.go:86","msg":"Signal generated","signal_type":"OPEN_SHORT","price":90115,"confidence":1,"reason":"MACD死叉+EMA5/VWAP8死叉+EMA5/EMA15死叉(强信号)"}
{"level":"ERROR","time":"2025-12-05T16:05:00.383Z","caller":"strategy/adapter.go:109","msg":"Execute order failed","symbol":"BTCUSDT","error":"place order failed: create order: API error (status 400): {\"code\":-4164,\"msg\":\"Order's notional must be no smaller than 100 (unless you choose reduce only).\"}"}
{"level":"INFO","time":"2025-12-05T16:05:00.582Z","caller":"strategy/adapter.go:195","msg":"Position update","side":"LONG","size":0.098,"entry_price":90733.43571428,"current_price":90125.0644664,"unrealized_pnl":59.62038229,"pnl_percent":0.6705039251163227}
{"level":"INFO","time":"2025-12-05T16:06:00.101Z","caller":"strategy/adapter.go:61","msg":"Kline received","open_time":"2025-12-05T16:05:00.000Z","open":90114.9,"high":90124.3,"low":89910.9,"close":89985.1,"volume":568.809}
{"level":"INFO","time":"2025-12-05T16:06:00.101Z","caller":"strategy/adapter.go:86","msg":"Signal generated","signal_type":"OPEN_SHORT","price":89985.1,"confidence":1,"reason":"MACD死叉+EMA5/VWAP8死叉+EMA5/EMA15死叉(强信号)"}
{"level":"ERROR","time":"2025-12-05T16:06:00.528Z","caller":"strategy/adapter.go:109","msg":"Execute order failed","symbol":"BTCUSDT","error":"place order failed: create order: API error (status 400): {\"code\":-4164,\"msg\":\"Order's notional must be no smaller than 100 (unless you choose reduce only).\"}"}
{"level":"INFO","time":"2025-12-05T16:06:00.770Z","caller":"strategy/adapter.go:195","msg":"Position update","side":"LONG","size":0.098,"entry_price":90733.43571428,"current_price":89985.08088768,"unrealized_pnl":73.338773,"pnl_percent":0.8247839626476671}
{"level":"INFO","time":"2025-12-05T16:07:00.086Z","caller":"strategy/adapter.go:61","msg":"Kline received","open_time":"2025-12-05T16:06:00.000Z","open":89985.1,"high":90090.1,"low":89943,"close":89951.6,"volume":386.492}
{"level":"INFO","time":"2025-12-05T16:07:00.086Z","caller":"strategy/adapter.go:86","msg":"Signal generated","signal_type":"OPEN_SHORT","price":89951.6,"confidence":1,"reason":"MACD死叉+EMA5/VWAP8死叉+EMA5/EMA15死叉(强信号)"}
{"level":"ERROR","time":"2025-12-05T16:07:00.795Z","caller":"strategy/adapter.go:109","msg":"Execute order failed","symbol":"BTCUSDT","error":"place order failed: create order: API error (status 400): {\"code\":-4164,\"msg\":\"Order's notional must be no smaller than 100 (unless you choose reduce only).\"}"}
{"level":"INFO","time":"2025-12-05T16:07:01.266Z","caller":"strategy/adapter.go:195","msg":"Position update","side":"LONG","size":0.098,"entry_price":90733.43571428,"current_price":89970.32302536,"unrealized_pnl":74.78504351,"pnl_percent":0.8410490387254773}
{"level":"INFO","time":"2025-12-05T16:08:00.418Z","caller":"strategy/adapter.go:61","msg":"Kline received","open_time":"2025-12-05T16:07:00.000Z","open":89951.6,"high":89951.7,"low":89400,"close":89523.4,"volume":2597.452}
{"level":"INFO","time":"2025-12-05T16:08:00.418Z","caller":"strategy/adapter.go:86","msg":"Signal generated","signal_type":"OPEN_SHORT","price":89523.4,"confidence":1,"reason":"连续4周期下跌，跌幅-0.66%"}
{"level":"INFO","time":"2025-12-05T16:08:00.418Z","caller":"strategy/adapter.go:101","msg":"No orders generated"}
{"level":"INFO","time":"2025-12-05T16:09:00.085Z","caller":"strategy/adapter.go:61","msg":"Kline received","open_time":"2025-12-05T16:08:00.000Z","open":89523.5,"high":89643.4,"low":89326.9,"close":89326.9,"volume":833.728}
{"level":"INFO","time":"2025-12-05T16:09:00.085Z","caller":"strategy/adapter.go:86","msg":"Signal generated","signal_type":"OPEN_SHORT","price":89326.9,"confidence":1,"reason":"MACD死叉+EMA5/VWAP8死叉+EMA5/EMA15死叉(强信号)"}
{"level":"ERROR","time":"2025-12-05T16:09:00.878Z","caller":"strategy/adapter.go:109","msg":"Execute order failed","symbol":"BTCUSDT","error":"place order failed: create order: API error (status 400): {\"code\":-4164,\"msg\":\"Order's notional must be no smaller than 100 (unless you choose reduce only).\"}"}
{"level":"INFO","time":"2025-12-05T16:09:00.991Z","caller":"strategy/adapter.go:195","msg":"Position update","side":"LONG","size":0.098,"entry_price":90733.43571428,"current_price":89402.66282609,"unrealized_pnl":130.41574304,"pnl_percent":1.4666841145020397}
{"level":"INFO","time":"2025-12-05T16:10:00.079Z","caller":"strategy/adapter.go:61","msg":"Kline received","open_time":"2025-12-05T16:09:00.000Z","open":89329,"high":89506.2,"low":89324.6,"close":89462.4,"volume":751.316}
{"level":"INFO","time":"2025-12-05T16:10:00.079Z","caller":"strategy/adapter.go:86","msg":"Signal generated","signal_type":"OPEN_SHORT","price":89462.4,"confidence":1,"reason":"MACD死叉+EMA5/VWAP8死叉+EMA5/EMA15死叉(强信号)"}
{"level":"ERROR","time":"2025-12-05T16:10:00.745Z","caller":"strategy/adapter.go:109","msg":"Execute order failed","symbol":"BTCUSDT","error":"place order failed: create order: API error (status 400): {\"code\":-4164,\"msg\":\"Order's notional must be no smaller than 100 (unless you choose reduce only).\"}"}
{"level":"INFO","time":"2025-12-05T16:10:00.933Z","caller":"strategy/adapter.go:195","msg":"Position update","side":"LONG","size":0.098,"entry_price":90733.43571428,"current_price":89462,"unrealized_pnl":124.60069999,"pnl_percent":1.4012868620862438}
{"level":"INFO","time":"2025-12-05T16:11:00.087Z","caller":"strategy/adapter.go:61","msg":"Kline received","open_time":"2025-12-05T16:10:00.000Z","open":89462.3,"high":89512.4,"low":89350,"close":89362,"volume":543.764}
{"level":"INFO","time":"2025-12-05T16:11:00.087Z","caller":"strategy/adapter.go:86","msg":"Signal generated","signal_type":"OPEN_SHORT","price":89362,"confidence":1,"reason":"MACD死叉+EMA5/VWAP8死叉+EMA5/EMA15死叉(强信号)"}
{"level":"ERROR","time":"2025-12-05T16:11:00.398Z","caller":"strategy/adapter.go:109","msg":"Execute order failed","symbol":"BTCUSDT","error":"place order failed: create order: API error (status 400): {\"code\":-4164,\"msg\":\"Order's notional must be no smaller than 100 (unless you choose reduce only).\"}"}
{"level":"INFO","time":"2025-12-05T16:11:00.725Z","caller":"strategy/adapter.go:195","msg":"Position update","side":"LONG","size":0.098,"entry_price":90733.43571428,"current_price":89377.3984058,"unrealized_pnl":132.89165623,"pnl_percent":1.4945287784974388}
{"level":"INFO","time":"2025-12-05T16:12:00.144Z","caller":"strategy/adapter.go:61","msg":"Kline received","open_time":"2025-12-05T16:11:00.000Z","open":89362.5,"high":89479.5,"low":89322,"close":89386.3,"volume":507.339}
{"level":"INFO","time":"2025-12-05T16:12:00.144Z","caller":"strategy/adapter.go:86","msg":"Signal generated","signal_type":"OPEN_SHORT","price":89386.3,"confidence":1,"reason":"MACD死叉+EMA5/VWAP8死叉+EMA5/EMA15死叉(强信号)"}
{"level":"ERROR","time":"2025-12-05T16:12:00.652Z","caller":"strategy/adapter.go:109","msg":"Execute order failed","symbol":"BTCUSDT","error":"place order failed: create order: API error (status 400): {\"code\":-4164,\"msg\":\"Order's notional must be no smaller than 100 (unless you choose reduce only).\"}"}
{"level":"INFO","time":"2025-12-05T16:12:00.761Z","caller":"strategy/adapter.go:195","msg":"Position update","side":"LONG","size":0.098,"entry_price":90733.43571428,"current_price":89401.54541667,"unrealized_pnl":130.52524916,"pnl_percent":1.4679156443994348}
{"level":"INFO","time":"2025-12-05T16:13:00.138Z","caller":"strategy/adapter.go:61","msg":"Kline received","open_time":"2025-12-05T16:12:00.000Z","open":89386.4,"high":89420.1,"low":89239.2,"close":89277.5,"volume":443.359}
{"level":"INFO","time":"2025-12-05T16:13:00.138Z","caller":"strategy/adapter.go:86","msg":"Signal generated","signal_type":"OPEN_SHORT","price":89277.5,"confidence":1,"reason":"MACD死叉+EMA5/VWAP8死叉+EMA5/EMA15死叉(强信号)"}
{"level":"ERROR","time":"2025-12-05T16:13:00.601Z","caller":"strategy/adapter.go:109","msg":"Execute order failed","symbol":"BTCUSDT","error":"place order failed: create order: API error (status 400): {\"code\":-4164,\"msg\":\"Order's notional must be no smaller than 100 (unless you choose reduce only).\"}"}
{"level":"INFO","time":"2025-12-05T16:13:00.839Z","caller":"strategy/adapter.go:195","msg":"Position update","side":"LONG","size":0.098,"entry_price":90733.43571428,"current_price":89276.3,"unrealized_pnl":142.79929999,"pnl_percent":1.6059523181423445}
{"level":"INFO","time":"2025-12-05T16:14:00.122Z","caller":"strategy/adapter.go:61","msg":"Kline received","open_time":"2025-12-05T16:13:00.000Z","open":89277.9,"high":89358.5,"low":89239.2,"close":89293.8,"volume":417.233}
{"level":"INFO","time":"2025-12-05T16:14:00.122Z","caller":"strategy/adapter.go:86","msg":"Signal generated","signal_type":"OPEN_SHORT","price":89293.8,"confidence":1,"reason":"MACD死叉+EMA5/VWAP8死叉+EMA5/EMA15死叉(强信号)"}
{"level":"ERROR","time":"2025-12-05T16:14:00.703Z","caller":"strategy/adapter.go:109","msg":"Execute order failed","symbol":"BTCUSDT","error":"place order failed: create order: API error (status 400): {\"code\":-4164,\"msg\":\"Order's notional must be no smaller than 100 (unless you choose reduce only).\"}"}
{"level":"INFO","time":"2025-12-05T16:14:01.359Z","caller":"strategy/adapter.go:195","msg":"Position update","side":"LONG","size":0.098,"entry_price":90733.43571428,"current_price":89278.65404744,"unrealized_pnl":142.56860335,"pnl_percent":1.6033578530166637}
{"level":"INFO","time":"2025-12-05T16:15:00.087Z","caller":"strategy/adapter.go:61","msg":"Kline received","open_time":"2025-12-05T16:14:00.000Z","open":89294.1,"high":89345.8,"low":89199,"close":89329.6,"volume":483.626}
{"level":"INFO","time":"2025-12-05T16:15:00.087Z","caller":"strategy/adapter.go:86","msg":"Signal generated","signal_type":"OPEN_SHORT","price":89329.6,"confidence":1,"reason":"MACD死叉+EMA5/VWAP8死叉+EMA5/EMA15死叉(强信号)"}
{"level":"ERROR","time":"2025-12-05T16:15:00.767Z","caller":"strategy/adapter.go:109","msg":"Execute order failed","symbol":"BTCUSDT","error":"place order failed: create order: API error (status 400): {\"code\":-4164,\"msg\":\"Order's notional must be no smaller than 100 (unless you choose reduce only).\"}"}
{"level":"INFO","time":"2025-12-05T16:15:01.030Z","caller":"strategy/adapter.go:195","msg":"Position update","side":"LONG","size":0.098,"entry_price":90733.43571428,"current_price":89329.7,"unrealized_pnl":137.56609999,"pnl_percent":1.5470986005688614}
{"level":"INFO","time":"2025-12-05T16:16:00.143Z","caller":"strategy/adapter.go:61","msg":"Kline received","open_time":"2025-12-05T16:15:00.000Z","open":89329.7,"high":89329.7,"low":89195,"close":89252.6,"volume":422.428}
{"level":"INFO","time":"2025-12-05T16:16:00.144Z","caller":"strategy/adapter.go:86","msg":"Signal generated","signal_type":"OPEN_SHORT","price":89252.6,"confidence":1,"reason":"MACD死叉+EMA5/VWAP8死叉+EMA5/EMA15死叉(强信号)"}
{"level":"ERROR","time":"2025-12-05T16:16:00.816Z","caller":"strategy/adapter.go:109","msg":"Execute order failed","symbol":"BTCUSDT","error":"place order failed: create order: API error (status 400): {\"code\":-4164,\"msg\":\"Order's notional must be no smaller than 100 (unless you choose reduce only).\"}"}
{"level":"INFO","time":"2025-12-05T16:16:01.122Z","caller":"strategy/adapter.go:195","msg":"Position update","side":"LONG","size":0.098,"entry_price":90733.43571428,"current_price":89252.5,"unrealized_pnl":145.13169999,"pnl_percent":1.6321830012556195}
{"level":"INFO","time":"2025-12-05T16:17:00.097Z","caller":"strategy/adapter.go:61","msg":"Kline received","open_time":"2025-12-05T16:16:00.000Z","open":89252.5,"high":89296.1,"low":89028.8,"close":89086,"volume":786.731}
{"level":"INFO","time":"2025-12-05T16:17:00.097Z","caller":"strategy/adapter.go:86","msg":"Signal generated","signal_type":"OPEN_SHORT","price":89086,"confidence":1,"reason":"MACD死叉+EMA5/VWAP8死叉+EMA5/EMA15死叉(强信号)"}
{"level":"ERROR","time":"2025-12-05T16:17:00.863Z","caller":"strategy/adapter.go:109","msg":"Execute order failed","symbol":"BTCUSDT","error":"place order failed: create order: API error (status 400): {\"code\":-4164,\"msg\":\"Order's notional must be no smaller than 100 (unless you choose reduce only).\"}"}
{"level":"INFO","time":"2025-12-05T16:17:00.979Z","caller":"strategy/adapter.go:195","msg":"Position update","side":"LONG","size":0.098,"entry_price":90733.43571428,"current_price":89078.5,"unrealized_pnl":162.18369999,"pnl_percent":1.8239535416635972}
{"level":"INFO","time":"2025-12-05T16:18:00.348Z","caller":"strategy/adapter.go:61","msg":"Kline received","open_time":"2025-12-05T16:17:00.000Z","open":89086,"high":89168.7,"low":88808.5,"close":89057.6,"volume":2181.356}
{"level":"INFO","time":"2025-12-05T16:18:00.348Z","caller":"strategy/adapter.go:86","msg":"Signal generated","signal_type":"OPEN_SHORT","price":89057.6,"confidence":1,"reason":"MACD死叉+EMA5/VWAP8死叉+EMA5/EMA15死叉(强信号)"}
{"level":"ERROR","time":"2025-12-05T16:18:01.126Z","caller":"strategy/adapter.go:109","msg":"Execute order failed","symbol":"BTCUSDT","error":"place order failed: create order: API error (status 400): {\"code\":-4164,\"msg\":\"Order's notional must be no smaller than 100 (unless you choose reduce only).\"}"}
{"level":"INFO","time":"2025-12-05T16:18:01.337Z","caller":"strategy/adapter.go:195","msg":"Position update","side":"LONG","size":0.098,"entry_price":90733.43571428,"current_price":89072.9,"unrealized_pnl":162.73249999,"pnl_percent":1.8301254671020153}
{"level":"INFO","time":"2025-12-05T16:19:00.116Z","caller":"strategy/adapter.go:61","msg":"Kline received","open_time":"2025-12-05T16:18:00.000Z","open":89057.8,"high":89242.9,"low":89049,"close":89229.3,"volume":659.369}
{"level":"INFO","time":"2025-12-05T16:20:00.071Z","caller":"strategy/adapter.go:61","msg":"Kline received","open_time":"2025-12-05T16:19:00.000Z","open":89229.2,"high":89277.4,"low":89134.3,"close":89134.4,"volume":603.447}
{"level":"INFO","time":"2025-12-05T16:21:00.194Z","caller":"strategy/adapter.go:61","msg":"Kline received","open_time":"2025-12-05T16:20:00.000Z","open":89134.4,"high":89195.9,"low":89063.6,"close":89123.3,"volume":295.665}
{"level":"INFO","time":"2025-12-05T16:22:00.112Z","caller":"strategy/adapter.go:61","msg":"Kline received","open_time":"2025-12-05T16:21:00.000Z","open":89123.4,"high":89230,"low":89071,"close":89073.2,"volume":430.267}
{"level":"INFO","time":"2025-12-05T16:22:00.112Z","caller":"strategy/adapter.go:86","msg":"Signal generated","signal_type":"OPEN_LONG","price":89073.2,"confidence":1,"reason":"MACD金叉+EMA5/VWAP8金叉"}
{"level":"ERROR","time":"2025-12-05T16:22:00.476Z","caller":"strategy/adapter.go:109","msg":"Execute order failed","symbol":"BTCUSDT","error":"risk check failed: invalid leverage: 0"}
{"level":"ERROR","time":"2025-12-05T16:22:00.568Z","caller":"strategy/adapter.go:109","msg":"Execute order failed","symbol":"BTCUSDT","error":"place order failed: create order: API error (status 400): {\"code\":-4164,\"msg\":\"Order's notional must be no smaller than 100 (unless you choose reduce only).\"}"}
{"level":"INFO","time":"2025-12-05T16:22:00.682Z","caller":"strategy/adapter.go:195","msg":"Position update","side":"LONG","size":0.098,"entry_price":90733.43571428,"current_price":89109.7153442,"unrealized_pnl":159.12459626,"pnl_percent":1.789550188657137}
{"level":"INFO","time":"2025-12-05T16:23:00.349Z","caller":"strategy/adapter.go:61","msg":"Kline received","open_time":"2025-12-05T16:22:00.000Z","open":89073.2,"high":89293.6,"low":89070.3,"close":89222.1,"volume":563.744}
{"level":"INFO","time":"2025-12-05T16:23:00.349Z","caller":"strategy/adapter.go:86","msg":"Signal generated","signal_type":"OPEN_LONG","price":89222.1,"confidence":1,"reason":"MACD金叉+EMA5/VWAP8金叉"}
{"level":"ERROR","time":"2025-12-05T16:23:00.511Z","caller":"strategy/adapter.go:109","msg":"Execute order failed","symbol":"BTCUSDT","error":"risk check failed: invalid leverage: 0"}
{"level":"ERROR","time":"2025-12-05T16:23:00.619Z","caller":"strategy/adapter.go:109","msg":"Execute order failed","symbol":"BTCUSDT","error":"place order failed: create order: API error (status 400): {\"code\":-4164,\"msg\":\"Order's notional must be no smaller than 100 (unless you choose reduce only).\"}"}
{"level":"INFO","time":"2025-12-05T16:23:01.041Z","caller":"strategy/adapter.go:195","msg":"Position update","side":"LONG","size":0.098,"entry_price":90733.43571428,"current_price":89251.02523551,"unrealized_pnl":145.27622691,"pnl_percent":1.6338083827681635}
{"level":"INFO","time":"2025-12-05T16:24:00.170Z","caller":"strategy/adapter.go:61","msg":"Kline received","open_time":"2025-12-05T16:23:00.000Z","open":89222.1,"high":89258.1,"low":89144.1,"close":89161.7,"volume":385.164}
{"level":"INFO","time":"2025-12-05T16:24:00.170Z","caller":"strategy/adapter.go:86","msg":"Signal generated","signal_type":"OPEN_LONG","price":89161.7,"confidence":1,"reason":"MACD金叉+EMA5/VWAP8金叉"}
{"level":"ERROR","time":"2025-12-05T16:24:00.405Z","caller":"strategy/adapter.go:109","msg":"Execute order failed","symbol":"BTCUSDT","error":"risk check failed: invalid leverage: 0"}
{"level":"ERROR","time":"2025-12-05T16:24:00.722Z","caller":"strategy/adapter.go:109","msg":"Execute order failed","symbol":"BTCUSDT","error":"place order failed: create order: API error (status 400): {\"code\":-4164,\"msg\":\"Order's notional must be no smaller than 100 (unless you choose reduce only).\"}"}
{"level":"INFO","time":"2025-12-05T16:24:00.923Z","caller":"strategy/adapter.go:195","msg":"Position update","side":"LONG","size":0.098,"entry_price":90733.43571428,"current_price":89160.67235507,"unrealized_pnl":154.1308092,"pnl_percent":1.7333889616351708}
{"level":"INFO","time":"2025-12-05T16:25:00.223Z","caller":"strategy/adapter.go:61","msg":"Kline received","open_time":"2025-12-05T16:24:00.000Z","open":89161.6,"high":89161.6,"low":88924.4,"close":88976.2,"volume":633.679}
{"level":"INFO","time":"2025-12-05T16:26:00.129Z","caller":"strategy/adapter.go:61","msg":"Kline received","open_time":"2025-12-05T16:25:00.000Z","open":88976.1,"high":89226.6,"low":88969.8,"close":89170.2,"volume":747.81}
{"level":"INFO","time":"2025-12-05T16:27:00.119Z","caller":"strategy/adapter.go:61","msg":"Kline received","open_time":"2025-12-05T16:26:00.000Z","open":89170.1,"high":89210.4,"low":89046.2,"close":89200.2,"volume":518.758}
{"level":"INFO","time":"2025-12-05T16:27:00.119Z","caller":"strategy/adapter.go:86","msg":"Signal generated","signal_type":"OPEN_LONG","price":89200.2,"confidence":1,"reason":"MACD金叉+EMA5/VWAP8金叉"}
{"level":"ERROR","time":"2025-12-05T16:27:00.773Z","caller":"strategy/adapter.go:109","msg":"Execute order failed","symbol":"BTCUSDT","error":"risk check failed: invalid leverage: 0"}
{"level":"ERROR","time":"2025-12-05T16:27:00.998Z","caller":"strategy/adapter.go:109","msg":"Execute order failed","symbol":"BTCUSDT","error":"place order failed: create order: API error (status 400): {\"code\":-4164,\"msg\":\"Order's notional must be no smaller than 100 (unless you choose reduce only).\"}"}
{"level":"INFO","time":"2025-12-05T16:27:01.428Z","caller":"strategy/adapter.go:195","msg":"Position update","side":"LONG","size":0.098,"entry_price":90733.43571428,"current_price":89204.4,"unrealized_pnl":149.84549999,"pnl_percent":1.685195432253457}
{"level":"INFO","time":"2025-12-05T16:28:00.112Z","caller":"strategy/adapter.go:61","msg":"Kline received","open_time":"2025-12-05T16:27:00.000Z","open":89200.1,"high":89240.2,"low":89105,"close":89105,"volume":477.94}
{"level":"INFO","time":"2025-12-05T16:28:00.112Z","caller":"strategy/adapter.go:86","msg":"Signal generated","signal_type":"OPEN_LONG","price":89105,"confidence":1,"reason":"MACD金叉+EMA5/VWAP8金叉"}
{"level":"ERROR","time":"2025-12-05T16:28:00.482Z","caller":"strategy/adapter.go:109","msg":"Execute order failed","symbol":"BTCUSDT","error":"risk check failed: invalid leverage: 0"}
{"level":"ERROR","time":"2025-12-05T16:28:00.830Z","caller":"strategy/adapter.go:109","msg":"Execute order failed","symbol":"BTCUSDT","error":"place order failed: create order: API error (status 400): {\"code\":-4164,\"msg\":\"Order's notional must be no smaller than 100 (unless you choose reduce only).\"}"}
{"level":"INFO","time":"2025-12-05T16:28:01.145Z","caller":"strategy/adapter.go:195","msg":"Position update","side":"LONG","size":0.098,"entry_price":90733.43571428,"current_price":89136.52322464,"unrealized_pnl":156.49742398,"pnl_percent":1.760004431685494}
{"level":"INFO","time":"2025-12-05T16:29:00.317Z","caller":"strategy/adapter.go:61","msg":"Kline received","open_time":"2025-12-05T16:28:00.000Z","open":89105,"high":89141.4,"low":89000,"close":89072.2,"volume":520.244}
{"level":"INFO","time":"2025-12-05T16:30:00.093Z","caller":"strategy/adapter.go:61","msg":"Kline received","open_time":"2025-12-05T16:29:00.000Z","open":89073,"high":89093.2,"low":89012.5,"close":89020.4,"volume":259.08}
{"level":"INFO","time":"2025-12-05T16:31:00.125Z","caller":"strategy/adapter.go:61","msg":"Kline received","open_time":"2025-12-05T16:30:00.000Z","open":89020.3,"high":89095.3,"low":88968,"close":89053.7,"volume":403.468}
{"level":"INFO","time":"2025-12-05T16:32:00.382Z","caller":"strategy/adapter.go:61","msg":"Kline received","open_time":"2025-12-05T16:31:00.000Z","open":89053.6,"high":89062.3,"low":88916.3,"close":88919.1,"volume":360.728}
{"level":"INFO","time":"2025-12-05T16:33:00.131Z","caller":"strategy/adapter.go:61","msg":"Kline received","open_time":"2025-12-05T16:32:00.000Z","open":88919.1,"high":88933.8,"low":88637.7,"close":88730.4,"volume":1391.343}
{"level":"INFO","time":"2025-12-05T16:34:00.115Z","caller":"strategy/adapter.go:61","msg":"Kline received","open_time":"2025-12-05T16:33:00.000Z","open":88730.4,"high":88979.1,"low":88720.5,"close":88882,"volume":476.613}
{"level":"INFO","time":"2025-12-05T16:35:00.233Z","caller":"strategy/adapter.go:61","msg":"Kline received","open_time":"2025-12-05T16:34:00.000Z","open":88882,"high":88894.8,"low":88658.8,"close":88757.8,"volume":463.732}
{"level":"INFO","time":"2025-12-05T16:36:00.298Z","caller":"strategy/adapter.go:61","msg":"Kline received","open_time":"2025-12-05T16:35:00.000Z","open":88757.9,"high":88904.1,"low":88757.9,"close":88894.8,"volume":467.518}
{"level":"INFO","time":"2025-12-05T16:37:01.125Z","caller":"strategy/adapter.go:61","msg":"Kline received","open_time":"2025-12-05T16:36:00.000Z","open":88894.8,"high":88915.8,"low":88678.7,"close":88689.1,"volume":326.329}
{"level":"INFO","time":"2025-12-05T16:38:00.442Z","caller":"strategy/adapter.go:61","msg":"Kline received","open_time":"2025-12-05T16:37:00.000Z","open":88689.1,"high":88745.2,"low":88667.2,"close":88696.8,"volume":302.017}
{"level":"INFO","time":"2025-12-05T16:39:00.106Z","caller":"strategy/adapter.go:61","msg":"Kline received","open_time":"2025-12-05T16:38:00.000Z","open":88696.8,"high":88753,"low":88675.4,"close":88692.5,"volume":268.049}
{"level":"INFO","time":"2025-12-05T16:40:00.342Z","caller":"strategy/adapter.go:61","msg":"Kline received","open_time":"2025-12-05T16:39:00.000Z","open":88692.5,"high":88730.2,"low":88299,"close":88550,"volume":2515.846}
{"level":"INFO","time":"2025-12-05T16:40:00.342Z","caller":"strategy/adapter.go:86","msg":"Signal generated","signal_type":"OPEN_LONG","price":88550,"confidence":1,"reason":"MACD金叉+EMA5/VWAP8金叉"}
{"level":"ERROR","time":"2025-12-05T16:40:00.657Z","caller":"strategy/adapter.go:109","msg":"Execute order failed","symbol":"BTCUSDT","error":"risk check failed: invalid leverage: 0"}
{"level":"ERROR","time":"2025-12-05T16:40:00.849Z","caller":"strategy/adapter.go:109","msg":"Execute order failed","symbol":"BTCUSDT","error":"place order failed: create order: API error (status 400): {\"code\":-4164,\"msg\":\"Order's notional must be no smaller than 100 (unless you choose reduce only).\"}"}
{"level":"INFO","time":"2025-12-05T16:40:01.060Z","caller":"strategy/adapter.go:195","msg":"Position update","side":"LONG","size":0.098,"entry_price":90733.43571428,"current_price":88560.07556159,"unrealized_pnl":212.98929496,"pnl_percent":2.3953244308933503}
{"level":"INFO","time":"2025-12-05T16:41:00.124Z","caller":"strategy/adapter.go:61","msg":"Kline received","open_time":"2025-12-05T16:40:00.000Z","open":88550,"high":88562,"low":88352.8,"close":88402.1,"volume":700.013}
{"level":"INFO","time":"2025-12-05T16:41:00.124Z","caller":"strategy/adapter.go:86","msg":"Signal generated","signal_type":"OPEN_SHORT","price":88402.1,"confidence":1,"reason":"MACD死叉+EMA5/VWAP8死叉+EMA5/EMA15死叉(强信号)"}
{"level":"ERROR","time":"2025-12-05T16:41:00.752Z","caller":"strategy/adapter.go:109","msg":"Execute order failed","symbol":"BTCUSDT","error":"place order failed: create order: API error (status 400): {\"code\":-4164,\"msg\":\"Order's notional must be no smaller than 100 (unless you choose reduce only).\"}"}
{"level":"INFO","time":"2025-12-05T16:41:00.966Z","caller":"strategy/adapter.go:195","msg":"Position update","side":"LONG","size":0.098,"entry_price":90733.43571428,"current_price":88397.38804348,"unrealized_pnl":228.93267173,"pnl_percent":2.574627150756762}
{"level":"INFO","time":"2025-12-05T16:42:00.121Z","caller":"strategy/adapter.go:61","msg":"Kline received","open_time":"2025-12-05T16:41:00.000Z","open":88402.2,"high":88470,"low":88293.5,"close":88353.8,"volume":801.359}
{"level":"INFO","time":"2025-12-05T16:42:00.121Z","caller":"strategy/adapter.go:86","msg":"Signal generated","signal_type":"OPEN_SHORT","price":88353.8,"confidence":1,"reason":"MACD死叉+EMA5/VWAP8死叉+EMA5/EMA15死叉(强信号)"}
{"level":"ERROR","time":"2025-12-05T16:42:00.725Z","caller":"strategy/adapter.go:109","msg":"Execute order failed","symbol":"BTCUSDT","error":"place order failed: create order: API error (status 400): {\"code\":-4164,\"msg\":\"Order's notional must be no smaller than 100 (unless you choose reduce only).\"}"}
{"level":"INFO","time":"2025-12-05T16:42:02.156Z","caller":"strategy/adapter.go:195","msg":"Position update","side":"LONG","size":0.098,"entry_price":90733.43571428,"current_price":88353.7,"unrealized_pnl":233.21409999,"pnl_percent":2.622777034121657}
{"level":"INFO","time":"2025-12-05T16:43:00.148Z","caller":"strategy/adapter.go:61","msg":"Kline received","open_time":"2025-12-05T16:42:00.000Z","open":88353.7,"high":88353.8,"low":87976.3,"close":88146.1,"volume":3186.12}
{"level":"INFO","time":"2025-12-05T16:43:00.148Z","caller":"strategy/adapter.go:86","msg":"Signal generated","signal_type":"OPEN_SHORT","price":88146.1,"confidence":1,"reason":"MACD死叉+EMA5/VWAP8死叉+EMA5/EMA15死叉(强信号)"}
{"level":"ERROR","time":"2025-12-05T16:43:00.899Z","caller":"strategy/adapter.go:109","msg":"Execute order failed","symbol":"BTCUSDT","error":"place order failed: create order: API error (status 400): {\"code\":-4164,\"msg\":\"Order's notional must be no smaller than 100 (unless you choose reduce only).\"}"}
{"level":"INFO","time":"2025-12-05T16:43:01.346Z","caller":"strategy/adapter.go:195","msg":"Position update","side":"LONG","size":0.098,"entry_price":90733.43571428,"current_price":88175.64820652,"unrealized_pnl":250.66317576,"pnl_percent":2.8190131759251202}
{"level":"INFO","time":"2025-12-05T16:44:00.157Z","caller":"strategy/adapter.go:61","msg":"Kline received","open_time":"2025-12-05T16:43:00.000Z","open":88146.1,"high":88437.5,"low":88146.1,"close":88342.6,"volume":832.08}
{"level":"INFO","time":"2025-12-05T16:45:00.096Z","caller":"strategy/adapter.go:61","msg":"Kline received","open_time":"2025-12-05T16:44:00.000Z","open":88342.5,"high":88381.3,"low":88175.5,"close":88337.3,"volume":703.048}
{"level":"INFO","time":"2025-12-05T16:46:00.149Z","caller":"strategy/adapter.go:61","msg":"Kline received","open_time":"2025-12-05T16:45:00.000Z","open":88337.4,"high":88576.8,"low":88337.3,"close":88561.9,"volume":822.163}
{"level":"INFO","time":"2025-12-05T16:46:00.150Z","caller":"strategy/adapter.go:86","msg":"Signal generated","signal_type":"OPEN_LONG","price":88561.9,"confidence":1,"reason":"MACD金叉+EMA5/VWAP8金叉"}
{"level":"ERROR","time":"2025-12-05T16:46:00.374Z","caller":"strategy/adapter.go:109","msg":"Execute order failed","symbol":"BTCUSDT","error":"risk check failed: invalid leverage: 0"}
{"level":"ERROR","time":"2025-12-05T16:46:00.692Z","caller":"strategy/adapter.go:109","msg":"Execute order failed","symbol":"BTCUSDT","error":"place order failed: create order: API error (status 400): {\"code\":-4164,\"msg\":\"Order's notional must be no smaller than 100 (unless you choose reduce only).\"}"}
{"level":"INFO","time":"2025-12-05T16:46:01.090Z","caller":"strategy/adapter.go:195","msg":"Position update","side":"LONG","size":0.098,"entry_price":90733.43571428,"current_price":88562,"unrealized_pnl":212.80069999,"pnl_percent":2.393203450403371}
{"level":"INFO","time":"2025-12-05T16:47:00.402Z","caller":"strategy/adapter.go:61","msg":"Kline received","open_time":"2025-12-05T16:46:00.000Z","open":88562,"high":88572.1,"low":88435,"close":88478,"volume":601.669}
{"level":"INFO","time":"2025-12-05T16:47:00.403Z","caller":"strategy/adapter.go:86","msg":"Signal generated","signal_type":"OPEN_LONG","price":88478,"confidence":1,"reason":"MACD金叉+EMA5/VWAP8金叉"}
{"level":"ERROR","time":"2025-12-05T16:47:00.655Z","caller":"strategy/adapter.go:109","msg":"Execute order failed","symbol":"BTCUSDT","error":"risk check failed: invalid leverage: 0"}
{"level":"ERROR","time":"2025-12-05T16:47:01.155Z","caller":"strategy/adapter.go:109","msg":"Execute order failed","symbol":"BTCUSDT","error":"place order failed: create order: API error (status 400): {\"code\":-4164,\"msg\":\"Order's notional must be no smaller than 100 (unless you choose reduce only).\"}"}
{"level":"INFO","time":"2025-12-05T16:47:01.339Z","caller":"strategy/adapter.go:195","msg":"Position update","side":"LONG","size":0.098,"entry_price":90733.43571428,"current_price":88485.29199275,"unrealized_pnl":220.3180847,"pnl_percent":2.4777456113399983}
{"level":"INFO","time":"2025-12-05T16:48:00.174Z","caller":"strategy/adapter.go:61","msg":"Kline received","open_time":"2025-12-05T16:47:00.000Z","open":88478,"high":88638.5,"low":88446.3,"close":88479.2,"volume":602.008}
{"level":"INFO","time":"2025-12-05T16:48:00.174Z","caller":"strategy/adapter.go:86","msg":"Signal generated","signal_type":"OPEN_LONG","price":88479.2,"confidence":1,"reason":"MACD金叉+EMA5/VWAP8金叉"}
{"level":"ERROR","time":"2025-12-05T16:48:00.909Z","caller":"strategy/adapter.go:109","msg":"Execute order failed","symbol":"BTCUSDT","error":"risk check failed: invalid leverage: 0"}
{"level":"ERROR","time":"2025-12-05T16:48:01.010Z","caller":"strategy/adapter.go:109","msg":"Execute order failed","symbol":"BTCUSDT","error":"place order failed: create order: API error (status 400): {\"code\":-4164,\"msg\":\"Order's notional must be no smaller than 100 (unless you choose reduce only).\"}"}
{"level":"INFO","time":"2025-12-05T16:48:01.355Z","caller":"strategy/adapter.go:195","msg":"Position update","side":"LONG","size":0.098,"entry_price":90733.43571428,"current_price":88483.28315217,"unrealized_pnl":220.51495108,"pnl_percent":2.479959613925077}
{"level":"INFO","time":"2025-12-05T16:49:00.664Z","caller":"strategy/adapter.go:61","msg":"Kline received","open_time":"2025-12-05T16:48:00.000Z","open":88479.2,"high":88543.6,"low":88398.7,"close":88427.5,"volume":392.067}
{"level":"INFO","time":"2025-12-05T16:49:00.664Z","caller":"strategy/adapter.go:86","msg":"Signal generated","signal_type":"OPEN_LONG","price":88427.5,"confidence":1,"reason":"MACD金叉+EMA5/VWAP8金叉"}
{"level":"ERROR","time":"2025-12-05T16:49:01.004Z","caller":"strategy/adapter.go:109","msg":"Execute order failed","symbol":"BTCUSDT","error":"risk check failed: invalid leverage: 0"}
{"level":"ERROR","time":"2025-12-05T16:49:01.158Z","caller":"strategy/adapter.go:109","msg":"Execute order failed","symbol":"BTCUSDT","error":"place order failed: create order: API error (status 400): {\"code\":-4164,\"msg\":\"Order's notional must be no smaller than 100 (unless you choose reduce only).\"}"}
{"level":"INFO","time":"2025-12-05T16:49:01.541Z","caller":"strategy/adapter.go:195","msg":"Position update","side":"LONG","size":0.098,"entry_price":90733.43571428,"current_price":88431.27036232,"unrealized_pnl":225.61220449,"pnl_percent":2.537284446263343}
{"level":"INFO","time":"2025-12-05T16:50:00.464Z","caller":"strategy/adapter.go:61","msg":"Kline received","open_time":"2025-12-05T16:49:00.000Z","open":88427.5,"high":88427.5,"low":88273.5,"close":88337.7,"volume":413.312}
{"level":"INFO","time":"2025-12-05T16:50:00.464Z","caller":"strategy/adapter.go:86","msg":"Signal generated","signal_type":"OPEN_LONG","price":88337.7,"confidence":1,"reason":"MACD金叉+EMA5/VWAP8金叉"}
{"level":"ERROR","time":"2025-12-05T16:50:02.177Z","caller":"strategy/adapter.go:109","msg":"Execute order failed","symbol":"BTCUSDT","error":"risk check failed: invalid leverage: 0"}
{"level":"ERROR","time":"2025-12-05T16:50:02.970Z","caller":"strategy/adapter.go:109","msg":"Execute order failed","symbol":"BTCUSDT","error":"place order failed: create order: API error (status 400): {\"code\":-4164,\"msg\":\"Order's notional must be no smaller than 100 (unless you choose reduce only).\"}"}
{"level":"INFO","time":"2025-12-05T16:50:03.877Z","caller":"strategy/adapter.go:195","msg":"Position update","side":"LONG","size":0.098,"entry_price":90733.43571428,"current_price":88388.1,"unrealized_pnl":229.84289999,"pnl_percent":2.5848637778570915}
{"level":"INFO","time":"2025-12-05T16:51:00.297Z","caller":"strategy/adapter.go:61","msg":"Kline received","open_time":"2025-12-05T16:50:00.000Z","open":88337.8,"high":88412.3,"low":88325.2,"close":88396.2,"volume":334.904}
{"level":"INFO","time":"2025-12-05T16:52:00.105Z","caller":"strategy/adapter.go:61","msg":"Kline received","open_time":"2025-12-05T16:51:00.000Z","open":88396.5,"high":88539.6,"low":88396.5,"close":88506.6,"volume":402.809}
{"level":"INFO","time":"2025-12-05T16:53:00.353Z","caller":"strategy/adapter.go:61","msg":"Kline received","open_time":"2025-12-05T16:52:00.000Z","open":88506.7,"high":88729,"low":88496.6,"close":88694.5,"volume":630.809}
{"level":"INFO","time":"2025-12-05T16:53:00.354Z","caller":"strategy/adapter.go:86","msg":"Signal generated","signal_type":"OPEN_LONG","price":88694.5,"confidence":1,"reason":"MACD金叉+EMA5/VWAP8金叉"}
{"level":"ERROR","time":"2025-12-05T16:53:00.477Z","caller":"strategy/adapter.go:109","msg":"Execute order failed","symbol":"BTCUSDT","error":"risk check failed: invalid leverage: 0"}
{"level":"ERROR","time":"2025-12-05T16:53:00.577Z","caller":"strategy/adapter.go:109","msg":"Execute order failed","symbol":"BTCUSDT","error":"place order failed: create order: API error (status 400): {\"code\":-4164,\"msg\":\"Order's notional must be no smaller than 100 (unless you choose reduce only).\"}"}
{"level":"INFO","time":"2025-12-05T16:53:00.820Z","caller":"strategy/adapter.go:195","msg":"Position update","side":"LONG","size":0.098,"entry_price":90733.43571428,"current_price":88696.43201087,"unrealized_pnl":199.62636293,"pnl_percent":2.245041959814991}
{"level":"INFO","time":"2025-12-05T16:54:00.109Z","caller":"strategy/adapter.go:61","msg":"Kline received","open_time":"2025-12-05T16:53:00.000Z","open":88694.4,"high":88743.6,"low":88619.1,"close":88686.4,"volume":449.905}
{"level":"INFO","time":"2025-12-05T16:54:00.109Z","caller":"strategy/adapter.go:86","msg":"Signal generated","signal_type":"OPEN_LONG","price":88686.4,"confidence":1,"reason":"MACD金叉+EMA5/VWAP8金叉+EMA5/EMA15金叉(强信号)"}
{"level":"ERROR","time":"2025-12-05T16:54:00.923Z","caller":"strategy/adapter.go:109","msg":"Execute order failed","symbol":"BTCUSDT","error":"risk check failed: invalid leverage: 0"}
{"level":"ERROR","time":"2025-12-05T16:54:01.263Z","caller":"strategy/adapter.go:109","msg":"Execute order failed","symbol":"BTCUSDT","error":"place order failed: create order: API error (status 400): {\"code\":-4164,\"msg\":\"Order's notional must be no smaller than 100 (unless you choose reduce only).\"}"}
{"level":"INFO","time":"2025-12-05T16:54:01.477Z","caller":"strategy/adapter.go:195","msg":"Position update","side":"LONG","size":0.098,"entry_price":90733.43571428,"current_price":88695.88639493,"unrealized_pnl":199.67983329,"pnl_percent":2.245643299237523}
{"level":"INFO","time":"2025-12-05T16:55:00.198Z","caller":"strategy/adapter.go:61","msg":"Kline received","open_time":"2025-12-05T16:54:00.000Z","open":88686.5,"high":88763.4,"low":88616.5,"close":88709.2,"volume":594.981}
{"level":"INFO","time":"2025-12-05T16:55:00.199Z","caller":"strategy/adapter.go:86","msg":"Signal generated","signal_type":"OPEN_LONG","price":88709.2,"confidence":1,"reason":"MACD金叉+EMA5/VWAP8金叉+EMA5/EMA15金叉(强信号)"}
{"level":"ERROR","time":"2025-12-05T16:55:00.450Z","caller":"strategy/adapter.go:109","msg":"Execute order failed","symbol":"BTCUSDT","error":"risk check failed: invalid leverage: 0"}
{"level":"ERROR","time":"2025-12-05T16:55:00.655Z","caller":"strategy/adapter.go:109","msg":"Execute order failed","symbol":"BTCUSDT","error":"place order failed: create order: API error (status 400): {\"code\":-4164,\"msg\":\"Order's notional must be no smaller than 100 (unless you choose reduce only).\"}"}
{"level":"INFO","time":"2025-12-05T16:55:01.015Z","caller":"strategy/adapter.go:195","msg":"Position update","side":"LONG","size":0.098,"entry_price":90733.43571428,"current_price":88739.04278986,"unrealized_pnl":195.45050659,"pnl_percent":2.1980793614694667}
{"level":"INFO","time":"2025-12-05T16:56:00.081Z","caller":"strategy/adapter.go:61","msg":"Kline received","open_time":"2025-12-05T16:55:00.000Z","open":88709.1,"high":88709.2,"low":88568,"close":88650.8,"volume":361.017}
{"level":"INFO","time":"2025-12-05T16:56:00.082Z","caller":"strategy/adapter.go:86","msg":"Signal generated","signal_type":"OPEN_LONG","price":88650.8,"confidence":1,"reason":"MACD金叉+EMA5/VWAP8金叉+EMA5/EMA15金叉(强信号)"}
{"level":"ERROR","time":"2025-12-05T16:56:01.184Z","caller":"strategy/adapter.go:109","msg":"Execute order failed","symbol":"BTCUSDT","error":"risk check failed: invalid leverage: 0"}
{"level":"ERROR","time":"2025-12-05T16:56:01.290Z","caller":"strategy/adapter.go:109","msg":"Execute order failed","symbol":"BTCUSDT","error":"place order failed: create order: API error (status 400): {\"code\":-4164,\"msg\":\"Order's notional must be no smaller than 100 (unless you choose reduce only).\"}"}
{"level":"INFO","time":"2025-12-05T16:56:02.036Z","caller":"strategy/adapter.go:195","msg":"Position update","side":"LONG","size":0.098,"entry_price":90733.43571428,"current_price":88639.3,"unrealized_pnl":205.22529999,"pnl_percent":2.3080088367623555}
{"level":"INFO","time":"2025-12-05T16:57:00.141Z","caller":"strategy/adapter.go:61","msg":"Kline received","open_time":"2025-12-05T16:56:00.000Z","open":88650.7,"high":88697.8,"low":88620.9,"close":88697.8,"volume":218.726}
{"level":"INFO","time":"2025-12-05T16:57:00.141Z","caller":"strategy/adapter.go:86","msg":"Signal generated","signal_type":"OPEN_LONG","price":88697.8,"confidence":1,"reason":"MACD金叉+EMA5/VWAP8金叉+EMA5/EMA15金叉(强信号)"}
{"level":"ERROR","time":"2025-12-05T16:57:00.248Z","caller":"strategy/adapter.go:109","msg":"Execute order failed","symbol":"BTCUSDT","error":"risk check failed: invalid leverage: 0"}
{"level":"ERROR","time":"2025-12-05T16:57:00.364Z","caller":"strategy/adapter.go:109","msg":"Execute order failed","symbol":"BTCUSDT","error":"place order failed: create order: API error (status 400): {\"code\":-4164,\"msg\":\"Order's notional must be no smaller than 100 (unless you choose reduce only).\"}"}
{"level":"INFO","time":"2025-12-05T16:57:00.763Z","caller":"strategy/adapter.go:195","msg":"Position update","side":"LONG","size":0.098,"entry_price":90733.43571428,"current_price":88697.8,"unrealized_pnl":199.49229999,"pnl_percent":2.243534258521742}
{"level":"INFO","time":"2025-12-05T16:58:00.097Z","caller":"strategy/adapter.go:61","msg":"Kline received","open_time":"2025-12-05T16:57:00.000Z","open":88697.8,"high":88850,"low":88697.7,"close":88796.2,"volume":399.767}
{"level":"INFO","time":"2025-12-05T16:58:00.097Z","caller":"strategy/adapter.go:86","msg":"Signal generated","signal_type":"OPEN_LONG","price":88796.2,"confidence":1,"reason":"MACD金叉+EMA5/VWAP8金叉+EMA5/EMA15金叉(强信号)"}
{"level":"ERROR","time":"2025-12-05T16:58:00.721Z","caller":"strategy/adapter.go:109","msg":"Execute order failed","symbol":"BTCUSDT","error":"risk check failed: invalid leverage: 0"}
{"level":"ERROR","time":"2025-12-05T16:58:01.122Z","caller":"strategy/adapter.go:109","msg":"Execute order failed","symbol":"BTCUSDT","error":"place order failed: create order: API error (status 400): {\"code\":-4164,\"msg\":\"Order's notional must be no smaller than 100 (unless you choose reduce only).\"}"}
{"level":"INFO","time":"2025-12-05T16:58:01.451Z","caller":"strategy/adapter.go:195","msg":"Position update","side":"LONG","size":0.098,"entry_price":90733.43571428,"current_price":88807.5229529,"unrealized_pnl":188.73945061,"pnl_percent":2.1226053506793665}
{"level":"INFO","time":"2025-12-05T16:59:00.338Z","caller":"strategy/adapter.go:61","msg":"Kline received","open_time":"2025-12-05T16:58:00.000Z","open":88796.3,"high":88999.9,"low":88781.4,"close":88908.2,"volume":927.125}
{"level":"INFO","time":"2025-12-05T16:59:00.338Z","caller":"strategy/adapter.go:86","msg":"Signal generated","signal_type":"OPEN_LONG","price":88908.2,"confidence":1,"reason":"MACD金叉+EMA5/VWAP8金叉+EMA5/EMA15金叉(强信号)"}
{"level":"ERROR","time":"2025-12-05T16:59:00.829Z","caller":"strategy/adapter.go:109","msg":"Execute order failed","symbol":"BTCUSDT","error":"risk check failed: invalid leverage: 0"}
{"level":"ERROR","time":"2025-12-05T16:59:01.135Z","caller":"strategy/adapter.go:109","msg":"Execute order failed","symbol":"BTCUSDT","error":"place order failed: create order: API error (status 400): {\"code\":-4164,\"msg\":\"Order's notional must be no smaller than 100 (unless you choose reduce only).\"}"}
{"level":"INFO","time":"2025-12-05T16:59:02.030Z","caller":"strategy/adapter.go:195","msg":"Position update","side":"LONG","size":0.098,"entry_price":90733.43571428,"current_price":88903.8,"unrealized_pnl":179.30429999,"pnl_percent":2.016495572751378}
{"level":"INFO","time":"2025-12-05T17:00:00.153Z","caller":"strategy/adapter.go:61","msg":"Kline received","open_time":"2025-12-05T16:59:00.000Z","open":88908.2,"high":88946,"low":88751.9,"close":88757.5,"volume":435.911}
{"level":"INFO","time":"2025-12-05T17:00:00.153Z","caller":"strategy/adapter.go:86","msg":"Signal generated","signal_type":"OPEN_LONG","price":88757.5,"confidence":1,"reason":"MACD金叉+EMA5/VWAP8金叉+EMA5/EMA15金叉(强信号)"}
{"level":"ERROR","time":"2025-12-05T17:00:00.404Z","caller":"strategy/adapter.go:109","msg":"Execute order failed","symbol":"BTCUSDT","error":"risk check failed: invalid leverage: 0"}
{"level":"ERROR","time":"2025-12-05T17:00:00.516Z","caller":"strategy/adapter.go:109","msg":"Execute order failed","symbol":"BTCUSDT","error":"place order failed: create order: API error (status 400): {\"code\":-4164,\"msg\":\"Order's notional must be no smaller than 100 (unless you choose reduce only).\"}"}
{"level":"INFO","time":"2025-12-05T17:00:00.815Z","caller":"strategy/adapter.go:195","msg":"Position update","side":"LONG","size":0.098,"entry_price":90733.43571428,"current_price":88766.92985507,"unrealized_pnl":192.7175742,"pnl_percent":2.1673442030523447}
{"level":"INFO","time":"2025-12-05T17:01:00.887Z","caller":"strategy/adapter.go:61","msg":"Kline received","open_time":"2025-12-05T17:00:00.000Z","open":88757.6,"high":88774.1,"low":88683.2,"close":88744.6,"volume":349.036}
{"level":"INFO","time":"2025-12-05T17:02:00.182Z","caller":"strategy/adapter.go:61","msg":"Kline received","open_time":"2025-12-05T17:01:00.000Z","open":88744.5,"high":88848.2,"low":88700,"close":88834.4,"volume":218.94}
{"level":"INFO","time":"2025-12-05T17:02:00.182Z","caller":"strategy/adapter.go:86","msg":"Signal generated","signal_type":"OPEN_LONG","price":88834.4,"confidence":1,"reason":"MACD金叉+EMA5/VWAP8金叉+EMA5/EMA15金叉(强信号)"}
{"level":"ERROR","time":"2025-12-05T17:02:00.632Z","caller":"strategy/adapter.go:109","msg":"Execute order failed","symbol":"BTCUSDT","error":"risk check failed: invalid leverage: 0"}
{"level":"ERROR","time":"2025-12-05T17:02:01.324Z","caller":"strategy/adapter.go:109","msg":"Execute order failed","symbol":"BTCUSDT","error":"place order failed: create order: API error (status 400): {\"code\":-4164,\"msg\":\"Order's notional must be no smaller than 100 (unless you choose reduce only).\"}"}
{"level":"INFO","time":"2025-12-05T17:02:02.086Z","caller":"strategy/adapter.go:195","msg":"Position update","side":"LONG","size":0.098,"entry_price":90733.43571428,"current_price":88825,"unrealized_pnl":187.02669999,"pnl_percent":2.103343380706255}
{"level":"INFO","time":"2025-12-05T17:03:00.149Z","caller":"strategy/adapter.go:61","msg":"Kline received","open_time":"2025-12-05T17:02:00.000Z","open":88834.4,"high":88841.8,"low":88733.9,"close":88814,"volume":196.348}
{"level":"INFO","time":"2025-12-05T17:04:00.436Z","caller":"strategy/adapter.go:61","msg":"Kline received","open_time":"2025-12-05T17:03:00.000Z","open":88814,"high":88868.2,"low":88777,"close":88861,"volume":124.751}
{"level":"INFO","time":"2025-12-05T17:05:00.335Z","caller":"strategy/adapter.go:61","msg":"Kline received","open_time":"2025-12-05T17:04:00.000Z","open":88860.9,"high":88950,"low":88836.7,"close":88836.7,"volume":220.115}
{"level":"INFO","time":"2025-12-05T17:06:00.127Z","caller":"strategy/adapter.go:61","msg":"Kline received","open_time":"2025-12-05T17:05:00.000Z","open":88836.7,"high":88869.8,"low":88768.1,"close":88824.2,"volume":165.803}
{"level":"INFO","time":"2025-12-05T17:07:00.176Z","caller":"strategy/adapter.go:61","msg":"Kline received","open_time":"2025-12-05T17:06:00.000Z","open":88824.3,"high":88879.5,"low":88743.6,"close":88751.7,"volume":157.49}
{"level":"INFO","time":"2025-12-05T17:07:00.176Z","caller":"strategy/adapter.go:86","msg":"Signal generated","signal_type":"OPEN_LONG","price":88751.7,"confidence":1,"reason":"MACD金叉+EMA5/VWAP8金叉+EMA5/EMA15金叉(强信号)"}
{"level":"ERROR","time":"2025-12-05T17:07:00.615Z","caller":"strategy/adapter.go:109","msg":"Execute order failed","symbol":"BTCUSDT","error":"risk check failed: invalid leverage: 0"}
{"level":"ERROR","time":"2025-12-05T17:07:00.726Z","caller":"strategy/adapter.go:109","msg":"Execute order failed","symbol":"BTCUSDT","error":"place order failed: create order: API error (status 400): {\"code\":-4164,\"msg\":\"Order's notional must be no smaller than 100 (unless you choose reduce only).\"}"}
{"level":"INFO","time":"2025-12-05T17:07:00.928Z","caller":"strategy/adapter.go:195","msg":"Position update","side":"LONG","size":0.098,"entry_price":90733.43571428,"current_price":88788.11293478,"unrealized_pnl":190.64163239,"pnl_percent":2.143997705119011}
{"level":"INFO","time":"2025-12-05T17:08:00.092Z","caller":"strategy/adapter.go:61","msg":"Kline received","open_time":"2025-12-05T17:07:00.000Z","open":88751.7,"high":88751.8,"low":88633.8,"close":88661.4,"volume":369.87}
{"level":"INFO","time":"2025-12-05T17:09:00.136Z","caller":"strategy/adapter.go:61","msg":"Kline received","open_time":"2025-12-05T17:08:00.000Z","open":88661.3,"high":88679.3,"low":88600,"close":88600,"volume":171.004}
{"level":"INFO","time":"2025-12-05T17:10:00.113Z","caller":"strategy/adapter.go:61","msg":"Kline received","open_time":"2025-12-05T17:09:00.000Z","open":88600,"high":88776.8,"low":88600,"close":88752,"volume":179.075}
{"level":"INFO","time":"2025-12-05T17:11:00.759Z","caller":"strategy/adapter.go:61","msg":"Kline received","open_time":"2025-12-05T17:10:00.000Z","open":88751.9,"high":88752.9,"low":88691,"close":88700.9,"volume":71.713}
{"level":"INFO","time":"2025-12-05T17:12:00.148Z","caller":"strategy/adapter.go:61","msg":"Kline received","open_time":"2025-12-05T17:11:00.000Z","open":88700.8,"high":88700.9,"low":88581.2,"close":88601.4,"volume":137.691}
{"level":"INFO","time":"2025-12-05T17:13:00.194Z","caller":"strategy/adapter.go:61","msg":"Kline received","open_time":"2025-12-05T17:12:00.000Z","open":88601.4,"high":88672,"low":88558.8,"close":88658.3,"volume":114.474}
{"level":"INFO","time":"2025-12-05T17:13:00.194Z","caller":"strategy/adapter.go:86","msg":"Signal generated","signal_type":"OPEN_SHORT","price":88658.3,"confidence":1,"reason":"MACD死叉+EMA5/VWAP8死叉+EMA5/EMA15死叉(强信号)"}
{"level":"ERROR","time":"2025-12-05T17:13:00.781Z","caller":"strategy/adapter.go:109","msg":"Execute order failed","symbol":"BTCUSDT","error":"place order failed: create order: API error (status 400): {\"code\":-4164,\"msg\":\"Order's notional must be no smaller than 100 (unless you choose reduce only).\"}"}
{"level":"INFO","time":"2025-12-05T17:13:01.074Z","caller":"strategy/adapter.go:195","msg":"Position update","side":"LONG","size":0.098,"entry_price":90733.43571428,"current_price":88668.7,"unrealized_pnl":202.34409999,"pnl_percent":2.275606228210662}
{"level":"INFO","time":"2025-12-05T17:14:00.226Z","caller":"strategy/adapter.go:61","msg":"Kline received","open_time":"2025-12-05T17:13:00.000Z","open":88658.3,"high":88692.1,"low":88611.6,"close":88677,"volume":96.421}
{"level":"INFO","time":"2025-12-05T17:14:00.226Z","caller":"strategy/adapter.go:86","msg":"Signal generated","signal_type":"OPEN_SHORT","price":88677,"confidence":1,"reason":"MACD死叉+EMA5/VWAP8死叉+EMA5/EMA15死叉(强信号)"}
{"level":"ERROR","time":"2025-12-05T17:14:00.877Z","caller":"strategy/adapter.go:109","msg":"Execute order failed","symbol":"BTCUSDT","error":"place order failed: create order: API error (status 400): {\"code\":-4164,\"msg\":\"Order's notional must be no smaller than 100 (unless you choose reduce only).\"}"}
{"level":"INFO","time":"2025-12-05T17:14:01.236Z","caller":"strategy/adapter.go:195","msg":"Position update","side":"LONG","size":0.098,"entry_price":90733.43571428,"current_price":88695.68588768,"unrealized_pnl":199.699483,"pnl_percent":2.245864284195625}
{"level":"INFO","time":"2025-12-05T17:15:00.186Z","caller":"strategy/adapter.go:61","msg":"Kline received","open_time":"2025-12-05T17:14:00.000Z","open":88677,"high":88711,"low":88634.5,"close":88634.5,"volume":78.63}
{"level":"INFO","time":"2025-12-05T17:15:00.186Z","caller":"strategy/adapter.go:86","msg":"Signal generated","signal_type":"OPEN_SHORT","price":88634.5,"confidence":1,"reason":"MACD死叉+EMA5/VWAP8死叉+EMA5/EMA15死叉(强信号)"}
{"level":"ERROR","time":"2025-12-05T17:15:00.938Z","caller":"strategy/adapter.go:109","msg":"Execute order failed","symbol":"BTCUSDT","error":"place order failed: create order: API error (status 400): {\"code\":-4164,\"msg\":\"Order's notional must be no smaller than 100 (unless you choose reduce only).\"}"}
{"level":"INFO","time":"2025-12-05T17:15:01.164Z","caller":"strategy/adapter.go:195","msg":"Position update","side":"LONG","size":0.098,"entry_price":90733.43571428,"current_price":88652.49554348,"unrealized_pnl":203.93213673,"pnl_percent":2.2934656384744163}
{"level":"INFO","time":"2025-12-05T17:16:00.517Z","caller":"strategy/adapter.go:61","msg":"Kline received","open_time":"2025-12-05T17:15:00.000Z","open":88634.4,"high":88760.7,"low":88613.7,"close":88750.9,"volume":91.162}
{"level":"INFO","time":"2025-12-05T17:16:00.517Z","caller":"strategy/adapter.go:86","msg":"Signal generated","signal_type":"OPEN_LONG","price":88750.9,"confidence":1,"reason":"MACD金叉+EMA5/VWAP8金叉"}
{"level":"ERROR","time":"2025-12-05T17:16:01.005Z","caller":"strategy/adapter.go:109","msg":"Execute order failed","symbol":"BTCUSDT","error":"risk check failed: invalid leverage: 0"}
{"level":"ERROR","time":"2025-12-05T17:16:01.098Z","caller":"strategy/adapter.go:109","msg":"Execute order failed","symbol":"BTCUSDT","error":"place order failed: create order: API error (status 400): {\"code\":-4164,\"msg\":\"Order's notional must be no smaller than 100 (unless you choose reduce only).\"}"}
{"level":"INFO","time":"2025-12-05T17:16:01.493Z","caller":"strategy/adapter.go:195","msg":"Position update","side":"LONG","size":0.098,"entry_price":90733.43571428,"current_price":88750.9,"unrealized_pnl":194.28849999,"pnl_percent":2.1850111798110317}
{"level":"INFO","time":"2025-12-05T17:17:00.177Z","caller":"strategy/adapter.go:61","msg":"Kline received","open_time":"2025-12-05T17:16:00.000Z","open":88750.8,"high":88810.1,"low":88717.5,"close":88810.1,"volume":107.411}
{"level":"INFO","time":"2025-12-05T17:17:00.178Z","caller":"strategy/adapter.go:86","msg":"Signal generated","signal_type":"OPEN_LONG","price":88810.1,"confidence":1,"reason":"MACD金叉+EMA5/VWAP8金叉+EMA5/EMA15金叉(强信号)"}
{"level":"ERROR","time":"2025-12-05T17:17:00.649Z","caller":"strategy/adapter.go:109","msg":"Execute order failed","symbol":"BTCUSDT","error":"risk check failed: invalid leverage: 0"}
{"level":"ERROR","time":"2025-12-05T17:17:00.746Z","caller":"strategy/adapter.go:109","msg":"Execute order failed","symbol":"BTCUSDT","error":"place order failed: create order: API error (status 400): {\"code\":-4164,\"msg\":\"Order's notional must be no smaller than 100 (unless you choose reduce only).\"}"}
{"level":"INFO","time":"2025-12-05T17:17:00.945Z","caller":"strategy/adapter.go:195","msg":"Position update","side":"LONG","size":0.098,"entry_price":90733.43571428,"current_price":88810,"unrealized_pnl":188.49669999,"pnl_percent":2.1198753238448735}
{"level":"INFO","time":"2025-12-05T17:18:00.187Z","caller":"strategy/adapter.go:61","msg":"Kline received","open_time":"2025-12-05T17:17:00.000Z","open":88810.1,"high":88860.6,"low":88796.8,"close":88827.6,"volume":142.892}
{"level":"INFO","time":"2025-12-05T17:18:00.187Z","caller":"strategy/adapter.go:86","msg":"Signal generated","signal_type":"OPEN_LONG","price":88827.6,"confidence":1,"reason":"MACD金叉+EMA5/VWAP8金叉+EMA5/EMA15金叉(强信号)"}
{"level":"ERROR","time":"2025-12-05T17:18:00.460Z","caller":"strategy/adapter.go:109","msg":"Execute order failed","symbol":"BTCUSDT","error":"risk check failed: invalid leverage: 0"}
{"level":"ERROR","time":"2025-12-05T17:18:00.572Z","caller":"strategy/adapter.go:109","msg":"Execute order failed","symbol":"BTCUSDT","error":"place order failed: create order: API error (status 400): {\"code\":-4164,\"msg\":\"Order's notional must be no smaller than 100 (unless you choose reduce only).\"}"}
{"level":"INFO","time":"2025-12-05T17:18:00.811Z","caller":"strategy/adapter.go:195","msg":"Position update","side":"LONG","size":0.098,"entry_price":90733.43571428,"current_price":88819.08858696,"unrealized_pnl":187.60601847,"pnl_percent":2.109858523679392}
{"level":"INFO","time":"2025-12-05T17:19:00.517Z","caller":"strategy/adapter.go:61","msg":"Kline received","open_time":"2025-12-05T17:18:00.000Z","open":88827.5,"high":88870.5,"low":88711.2,"close":88739.5,"volume":119.819}
{"level":"INFO","time":"2025-12-05T17:19:00.517Z","caller":"strategy/adapter.go:86","msg":"Signal generated","signal_type":"OPEN_LONG","price":88739.5,"confidence":1,"reason":"MACD金叉+EMA5/VWAP8金叉+EMA5/EMA15金叉(强信号)"}
{"level":"ERROR","time":"2025-12-05T17:19:01.536Z","caller":"strategy/adapter.go:109","msg":"Execute order failed","symbol":"BTCUSDT","error":"risk check failed: invalid leverage: 0"}
{"level":"ERROR","time":"2025-12-05T17:19:01.621Z","caller":"strategy/adapter.go:109","msg":"Execute order failed","symbol":"BTCUSDT","error":"place order failed: create order: API error (status 400): {\"code\":-4164,\"msg\":\"Order's notional must be no smaller than 100 (unless you choose reduce only).\"}"}
{"level":"INFO","time":"2025-12-05T17:19:01.991Z","caller":"strategy/adapter.go:195","msg":"Position update","side":"LONG","size":0.098,"entry_price":90733.43571428,"current_price":88742.93827899,"unrealized_pnl":195.06874865,"pnl_percent":2.1937860277573606}
{"level":"INFO","time":"2025-12-05T17:20:00.167Z","caller":"strategy/adapter.go:61","msg":"Kline received","open_time":"2025-12-05T17:19:00.000Z","open":88739.5,"high":88834,"low":88739.4,"close":88814.7,"volume":116.822}
{"level":"INFO","time":"2025-12-05T17:20:00.167Z","caller":"strategy/adapter.go:86","msg":"Signal generated","signal_type":"OPEN_LONG","price":88814.7,"confidence":1,"reason":"MACD金叉+EMA5/VWAP8金叉+EMA5/EMA15金叉(强信号)"}
{"level":"ERROR","time":"2025-12-05T17:20:00.761Z","caller":"strategy/adapter.go:109","msg":"Execute order failed","symbol":"BTCUSDT","error":"risk check failed: invalid leverage: 0"}
{"level":"ERROR","time":"2025-12-05T17:20:01.392Z","caller":"strategy/adapter.go:109","msg":"Execute order failed","symbol":"BTCUSDT","error":"place order failed: create order: API error (status 400): {\"code\":-4164,\"msg\":\"Order's notional must be no smaller than 100 (unless you choose reduce only).\"}"}
{"level":"INFO","time":"2025-12-05T17:20:01.839Z","caller":"strategy/adapter.go:195","msg":"Position update","side":"LONG","size":0.098,"entry_price":90733.43571428,"current_price":88814.7,"unrealized_pnl":188.03609999,"pnl_percent":2.114695314994773}
{"level":"INFO","time":"2025-12-05T17:21:00.229Z","caller":"strategy/adapter.go:61","msg":"Kline received","open_time":"2025-12-05T17:20:00.000Z","open":88814.7,"high":89005.5,"low":88814.6,"close":88966.6,"volume":437.583}
{"level":"INFO","time":"2025-12-05T17:21:00.229Z","caller":"strategy/adapter.go:86","msg":"Signal generated","signal_type":"OPEN_LONG","price":88966.6,"confidence":1,"reason":"MACD金叉+EMA5/VWAP8金叉+EMA5/EMA15金叉(强信号)"}
{"level":"ERROR","time":"2025-12-05T17:21:01.862Z","caller":"strategy/adapter.go:109","msg":"Execute order failed","symbol":"BTCUSDT","error":"risk check failed: invalid leverage: 0"}
{"level":"ERROR","time":"2025-12-05T17:21:01.988Z","caller":"strategy/adapter.go:109","msg":"Execute order failed","symbol":"BTCUSDT","error":"place order failed: create order: API error (status 400): {\"code\":-4164,\"msg\":\"Order's notional must be no smaller than 100 (unless you choose reduce only).\"}"}
{"level":"INFO","time":"2025-12-05T17:21:02.227Z","caller":"strategy/adapter.go:195","msg":"Position update","side":"LONG","size":0.098,"entry_price":90733.43571428,"current_price":88976.98108696,"unrealized_pnl":172.13255347,"pnl_percent":1.935840534878434}
{"level":"INFO","time":"2025-12-05T17:22:00.219Z","caller":"strategy/adapter.go:61","msg":"Kline received","open_time":"2025-12-05T17:21:00.000Z","open":88966.6,"high":88966.6,"low":88834.2,"close":88870.7,"volume":189.932}
{"level":"INFO","time":"2025-12-05T17:23:00.433Z","caller":"strategy/adapter.go:61","msg":"Kline received","open_time":"2025-12-05T17:22:00.000Z","open":88870.7,"high":88910.8,"low":88733.1,"close":88745.1,"volume":117.55}
{"level":"INFO","time":"2025-12-05T17:24:00.124Z","caller":"strategy/adapter.go:61","msg":"Kline received","open_time":"2025-12-05T17:23:00.000Z","open":88745.1,"high":88772.6,"low":88670.5,"close":88768.6,"volume":185.443}
{"level":"INFO","time":"2025-12-05T17:25:00.187Z","caller":"strategy/adapter.go:61","msg":"Kline received","open_time":"2025-12-05T17:24:00.000Z","open":88768.5,"high":88883.9,"low":88730.6,"close":88883.8,"volume":77.291}
{"level":"INFO","time":"2025-12-05T17:26:00.216Z","caller":"strategy/adapter.go:61","msg":"Kline received","open_time":"2025-12-05T17:25:00.000Z","open":88883.9,"high":88896.9,"low":88701.2,"close":88715.6,"volume":137.601}
