{"level":"INFO","time":"2025-12-05T14:33:35.122Z","caller":"logger/symbol_logger.go:133","msg":"Log file created","symbol":"ETHUSDT","interval":"1m","file":"logs/session_20251205_143333/ETHUSDT_1m.log"}
{"level":"INFO","time":"2025-12-05T14:34:00.112Z","caller":"strategy/adapter.go:61","msg":"Kline received","open_time":"2025-12-05T14:33:00.000Z","open":3107.33,"high":3112.34,"low":3106.56,"close":3110.08,"volume":12483.006}
{"level":"INFO","time":"2025-12-05T14:35:00.150Z","caller":"strategy/adapter.go:61","msg":"Kline received","open_time":"2025-12-05T14:34:00.000Z","open":3110.08,"high":3115.74,"low":3107.17,"close":3107.64,"volume":9749.685}
{"level":"INFO","time":"2025-12-05T14:36:00.431Z","caller":"strategy/adapter.go:61","msg":"Kline received","open_time":"2025-12-05T14:35:00.000Z","open":3107.63,"high":3108.5,"low":3104.38,"close":3108.39,"volume":3553.68}
{"level":"INFO","time":"2025-12-05T14:37:00.111Z","caller":"strategy/adapter.go:61","msg":"Kline received","open_time":"2025-12-05T14:36:00.000Z","open":3108.39,"high":3110.77,"low":3100.85,"close":3101.8,"volume":6871.051}
{"level":"INFO","time":"2025-12-05T14:38:00.148Z","caller":"strategy/adapter.go:61","msg":"Kline received","open_time":"2025-12-05T14:37:00.000Z","open":3101.8,"high":3105.88,"low":3098,"close":3104.99,"volume":8171.002}
{"level":"INFO","time":"2025-12-05T14:39:00.125Z","caller":"strategy/adapter.go:61","msg":"Kline received","open_time":"2025-12-05T14:38:00.000Z","open":3104.99,"high":3106.93,"low":3099.92,"close":3100.12,"volume":3841.559}
{"level":"INFO","time":"2025-12-05T14:39:00.125Z","caller":"strategy/adapter.go:86","msg":"Signal generated","signal_type":"OPEN_SHORT","price":3100.12,"confidence":1,"reason":"MACD死叉+EMA5/VWAP8死叉+EMA5/EMA15死叉(强信号)"}
{"level":"INFO","time":"2025-12-05T14:39:01.355Z","caller":"strategy/adapter.go:149","msg":"Order placed","order_id":"ETHUSDT_1764945541","side":"SELL","type":"MARKET","quantity":0.364,"price":0,"status":"NEW"}
{"level":"INFO","time":"2025-12-05T14:39:01.455Z","caller":"strategy/adapter.go:163","msg":"Order filled","order_id":"go_1764945540814451843","avg_price":3101.74}
{"level":"INFO","time":"2025-12-05T14:39:01.779Z","caller":"strategy/adapter.go:195","msg":"Position update","side":"LONG","size":0.364,"entry_price":3101.74,"current_price":3101.27,"unrealized_pnl":0.17108,"pnl_percent":0.015152785210881635}
{"level":"INFO","time":"2025-12-05T14:40:00.086Z","caller":"strategy/adapter.go:61","msg":"Kline received","open_time":"2025-12-05T14:39:00.000Z","open":3100.12,"high":3101.94,"low":3091.15,"close":3092.23,"volume":11815.637}
{"level":"INFO","time":"2025-12-05T14:40:00.086Z","caller":"strategy/adapter.go:86","msg":"Signal generated","signal_type":"OPEN_SHORT","price":3092.23,"confidence":1,"reason":"MACD死叉+EMA5/VWAP8死叉+EMA5/EMA15死叉(强信号)"}
{"level":"INFO","time":"2025-12-05T14:40:00.716Z","caller":"strategy/adapter.go:149","msg":"Order placed","order_id":"ETHUSDT_1764945600","side":"SELL","type":"MARKET","quantity":0.347,"price":0,"status":"NEW"}
{"level":"INFO","time":"2025-12-05T14:40:01.037Z","caller":"strategy/adapter.go:163","msg":"Order filled","order_id":"go_1764945600397806416","avg_price":3099.24}
{"level":"INFO","time":"2025-12-05T14:40:01.297Z","caller":"strategy/adapter.go:195","msg":"Position update","side":"LONG","size":0.711,"entry_price":3100.519887481,"current_price":3092.24934109,"unrealized_pnl":5.88035848,"pnl_percent":0.2667470838928266}
{"level":"INFO","time":"2025-12-05T14:41:00.121Z","caller":"strategy/adapter.go:61","msg":"Kline received","open_time":"2025-12-05T14:40:00.000Z","open":3092.23,"high":3094,"low":3087.44,"close":3089.29,"volume":15774.186}
{"level":"INFO","time":"2025-12-05T14:41:00.121Z","caller":"strategy/adapter.go:86","msg":"Signal generated","signal_type":"OPEN_SHORT","price":3089.29,"confidence":1,"reason":"MACD死叉+EMA5/VWAP8死叉+EMA5/EMA15死叉(强信号)"}
{"level":"INFO","time":"2025-12-05T14:41:00.602Z","caller":"strategy/adapter.go:149","msg":"Order placed","order_id":"ETHUSDT_1764945660","side":"SELL","type":"MARKET","quantity":0.296,"price":0,"status":"NEW"}
{"level":"INFO","time":"2025-12-05T14:41:00.969Z","caller":"strategy/adapter.go:195","msg":"Position update","side":"LONG","size":1.007,"entry_price":3097.968570009,"current_price":3090.01501938,"unrealized_pnl":8.00922547,"pnl_percent":0.2567343869362453}
{"level":"INFO","time":"2025-12-05T14:42:00.085Z","caller":"strategy/adapter.go:61","msg":"Kline received","open_time":"2025-12-05T14:41:00.000Z","open":3089.3,"high":3094.72,"low":3081.09,"close":3089.13,"volume":18246.402}
{"level":"INFO","time":"2025-12-05T14:42:00.085Z","caller":"strategy/adapter.go:86","msg":"Signal generated","signal_type":"OPEN_SHORT","price":3089.13,"confidence":1,"reason":"MACD死叉+EMA5/VWAP8死叉+EMA5/EMA15死叉(强信号)"}
{"level":"INFO","time":"2025-12-05T14:42:00.365Z","caller":"strategy/adapter.go:149","msg":"Order placed","order_id":"ETHUSDT_1764945720","side":"SELL","type":"MARKET","quantity":0.281,"price":0,"status":"NEW"}
{"level":"INFO","time":"2025-12-05T14:42:00.562Z","caller":"strategy/adapter.go:163","msg":"Order filled","order_id":"go_1764945720269755838","avg_price":3092.01}
{"level":"INFO","time":"2025-12-05T14:42:01.153Z","caller":"strategy/adapter.go:195","msg":"Position update","side":"LONG","size":1.288,"entry_price":3096.668602484,"current_price":3088.27,"unrealized_pnl":10.81739999,"pnl_percent":0.27121411926258804}
{"level":"INFO","time":"2025-12-05T14:43:00.164Z","caller":"strategy/adapter.go:61","msg":"Kline received","open_time":"2025-12-05T14:42:00.000Z","open":3089.13,"high":3100.26,"low":3088.3,"close":3098.52,"volume":9968.429}
{"level":"INFO","time":"2025-12-05T14:44:00.072Z","caller":"strategy/adapter.go:61","msg":"Kline received","open_time":"2025-12-05T14:43:00.000Z","open":3098.51,"high":3102,"low":3094.86,"close":3095.94,"volume":5650.045}
{"level":"INFO","time":"2025-12-05T14:45:00.302Z","caller":"strategy/adapter.go:61","msg":"Kline received","open_time":"2025-12-05T14:44:00.000Z","open":3095.93,"high":3095.93,"low":3091.81,"close":3093.96,"volume":4472.418}
{"level":"INFO","time":"2025-12-05T14:46:00.674Z","caller":"strategy/adapter.go:61","msg":"Kline received","open_time":"2025-12-05T14:45:00.000Z","open":3093.96,"high":3106.09,"low":3093.95,"close":3103.61,"volume":11917.279}
{"level":"INFO","time":"2025-12-05T14:47:00.219Z","caller":"strategy/adapter.go:61","msg":"Kline received","open_time":"2025-12-05T14:46:00.000Z","open":3103.62,"high":3104.52,"low":3099.42,"close":3102.09,"volume":4863.182}
{"level":"INFO","time":"2025-12-05T14:48:00.339Z","caller":"strategy/adapter.go:61","msg":"Kline received","open_time":"2025-12-05T14:47:00.000Z","open":3102.09,"high":3103.53,"low":3090.96,"close":3092.1,"volume":4545.136}
{"level":"INFO","time":"2025-12-05T14:49:00.196Z","caller":"strategy/adapter.go:61","msg":"Kline received","open_time":"2025-12-05T14:48:00.000Z","open":3092.1,"high":3092.5,"low":3088.69,"close":3088.72,"volume":6043.352}
{"level":"INFO","time":"2025-12-05T14:49:00.196Z","caller":"strategy/adapter.go:86","msg":"Signal generated","signal_type":"OPEN_SHORT","price":3088.72,"confidence":1,"reason":"MACD死叉+EMA5/VWAP8死叉+EMA5/EMA15死叉(强信号)"}
{"level":"INFO","time":"2025-12-05T14:49:00.879Z","caller":"strategy/adapter.go:149","msg":"Order placed","order_id":"ETHUSDT_1764946140","side":"SELL","type":"MARKET","quantity":0.28,"price":0,"status":"NEW"}
{"level":"INFO","time":"2025-12-05T14:49:01.118Z","caller":"strategy/adapter.go:163","msg":"Order filled","order_id":"go_1764946140744090956","avg_price":3090.07}
{"level":"INFO","time":"2025-12-05T14:49:01.338Z","caller":"strategy/adapter.go:195","msg":"Position update","side":"LONG","size":1.568,"entry_price":3095.490280612,"current_price":3089.24277132,"unrealized_pnl":9.79609456,"pnl_percent":0.2018261638501772}
{"level":"INFO","time":"2025-12-05T14:50:00.097Z","caller":"strategy/adapter.go:61","msg":"Kline received","open_time":"2025-12-05T14:49:00.000Z","open":3088.73,"high":3093.23,"low":3088.73,"close":3092.25,"volume":5250.352}
{"level":"INFO","time":"2025-12-05T14:50:00.097Z","caller":"strategy/adapter.go:86","msg":"Signal generated","signal_type":"OPEN_SHORT","price":3092.25,"confidence":1,"reason":"MACD死叉+EMA5/VWAP8死叉+EMA5/EMA15死叉(强信号)"}
{"level":"INFO","time":"2025-12-05T14:50:01.231Z","caller":"strategy/adapter.go:149","msg":"Order placed","order_id":"ETHUSDT_1764946201","side":"SELL","type":"MARKET","quantity":0.253,"price":0,"status":"NEW"}
{"level":"INFO","time":"2025-12-05T14:50:01.341Z","caller":"strategy/adapter.go:163","msg":"Order filled","order_id":"go_1764946201051199724","avg_price":3090.02}
{"level":"INFO","time":"2025-12-05T14:50:01.458Z","caller":"strategy/adapter.go:195","msg":"Position update","side":"LONG","size":1.821,"entry_price":3094.730269083,"current_price":3092.74,"unrealized_pnl":3.62427999,"pnl_percent":0.06431155236090157}
{"level":"INFO","time":"2025-12-05T14:51:00.156Z","caller":"strategy/adapter.go:61","msg":"Kline received","open_time":"2025-12-05T14:50:00.000Z","open":3092.25,"high":3094.21,"low":3089,"close":3089.17,"volume":3820.281}
{"level":"INFO","time":"2025-12-05T14:51:00.156Z","caller":"strategy/adapter.go:86","msg":"Signal generated","signal_type":"OPEN_SHORT","price":3089.17,"confidence":1,"reason":"MACD死叉+EMA5/VWAP8死叉+EMA5/EMA15死叉(强信号)"}
{"level":"INFO","time":"2025-12-05T14:51:01.044Z","caller":"strategy/adapter.go:149","msg":"Order placed","order_id":"ETHUSDT_1764946261","side":"SELL","type":"MARKET","quantity":0.24,"price":0,"status":"NEW"}
{"level":"INFO","time":"2025-12-05T14:51:01.142Z","caller":"strategy/adapter.go:163","msg":"Order filled","order_id":"go_1764946260674823409","avg_price":3090.02029}
{"level":"INFO","time":"2025-12-05T14:51:01.584Z","caller":"strategy/adapter.go:195","msg":"Position update","side":"LONG","size":2.061,"entry_price":3094.181800097,"current_price":3089.68422481,"unrealized_pnl":9.26950265,"pnl_percent":0.14535588305928843}
{"level":"INFO","time":"2025-12-05T14:52:00.144Z","caller":"strategy/adapter.go:61","msg":"Kline received","open_time":"2025-12-05T14:51:00.000Z","open":3089.17,"high":3093.26,"low":3086.93,"close":3089.99,"volume":7961.89}
{"level":"INFO","time":"2025-12-05T14:52:00.144Z","caller":"strategy/adapter.go:86","msg":"Signal generated","signal_type":"OPEN_SHORT","price":3089.99,"confidence":1,"reason":"MACD死叉+EMA5/VWAP8死叉+EMA5/EMA15死叉(强信号)"}
{"level":"INFO","time":"2025-12-05T14:52:00.715Z","caller":"strategy/adapter.go:149","msg":"Order placed","order_id":"ETHUSDT_1764946320","side":"SELL","type":"MARKET","quantity":0.217,"price":0,"status":"NEW"}
{"level":"INFO","time":"2025-12-05T14:52:00.806Z","caller":"strategy/adapter.go:163","msg":"Order filled","order_id":"go_1764946320533639517","avg_price":3089.24032}
{"level":"INFO","time":"2025-12-05T14:52:01.159Z","caller":"strategy/adapter.go:195","msg":"Position update","side":"LONG","size":2.278,"entry_price":3093.711079895,"current_price":3089.57,"unrealized_pnl":9.43337998,"pnl_percent":0.1338547711444774}
{"level":"INFO","time":"2025-12-05T14:53:00.201Z","caller":"strategy/adapter.go:61","msg":"Kline received","open_time":"2025-12-05T14:52:00.000Z","open":3089.99,"high":3098.54,"low":3088.59,"close":3098.5,"volume":4638.179}
{"level":"INFO","time":"2025-12-05T14:53:00.201Z","caller":"strategy/adapter.go:86","msg":"Signal generated","signal_type":"OPEN_SHORT","price":3098.5,"confidence":1,"reason":"MACD死叉+EMA5/VWAP8死叉+EMA5/EMA15死叉(强信号)"}
{"level":"INFO","time":"2025-12-05T14:53:00.409Z","caller":"strategy/adapter.go:149","msg":"Order placed","order_id":"ETHUSDT_1764946380","side":"SELL","type":"MARKET","quantity":0.195,"price":0,"status":"NEW"}
{"level":"INFO","time":"2025-12-05T14:53:00.680Z","caller":"strategy/adapter.go:163","msg":"Order filled","order_id":"go_1764946380300029442","avg_price":3089.24}
{"level":"INFO","time":"2025-12-05T14:53:00.809Z","caller":"strategy/adapter.go:195","msg":"Position update","side":"LONG","size":2.473,"entry_price":3093.358528104,"current_price":3097.66184224,"unrealized_pnl":-10.64209586,"pnl_percent":-0.13911462565943544}
{"level":"INFO","time":"2025-12-05T14:54:00.262Z","caller":"strategy/adapter.go:61","msg":"Kline received","open_time":"2025-12-05T14:53:00.000Z","open":3098.51,"high":3102.89,"low":3098.5,"close":3101.35,"volume":5665.991}
{"level":"INFO","time":"2025-12-05T14:54:00.262Z","caller":"strategy/adapter.go:86","msg":"Signal generated","signal_type":"OPEN_LONG","price":3101.35,"confidence":1,"reason":"MACD金叉+EMA5/VWAP8金叉+EMA5/EMA15金叉(强信号)"}
{"level":"ERROR","time":"2025-12-05T14:54:00.479Z","caller":"strategy/adapter.go:109","msg":"Execute order failed","symbol":"ETHUSDT","error":"risk check failed: invalid leverage: 0"}
{"level":"INFO","time":"2025-12-05T14:54:00.611Z","caller":"strategy/adapter.go:149","msg":"Order placed","order_id":"ETHUSDT_1764946440","side":"BUY","type":"MARKET","quantity":0.176,"price":0,"status":"NEW"}
{"level":"INFO","time":"2025-12-05T14:54:00.721Z","caller":"strategy/adapter.go:163","msg":"Order filled","order_id":"go_1764946440479860872","avg_price":3099.86}
{"level":"INFO","time":"2025-12-05T14:54:01.085Z","caller":"strategy/adapter.go:195","msg":"Position update","side":"LONG","size":2.297,"entry_price":3093.358528104,"current_price":3102.07819767,"unrealized_pnl":-20.029081,"pnl_percent":-0.28188357378501355}
{"level":"INFO","time":"2025-12-05T14:55:00.158Z","caller":"strategy/adapter.go:61","msg":"Kline received","open_time":"2025-12-05T14:54:00.000Z","open":3101.36,"high":3103.15,"low":3099.8,"close":3101.23,"volume":6994.77}
{"level":"INFO","time":"2025-12-05T14:55:00.158Z","caller":"strategy/adapter.go:86","msg":"Signal generated","signal_type":"OPEN_LONG","price":3101.23,"confidence":1,"reason":"MACD金叉+EMA5/VWAP8金叉+EMA5/EMA15金叉(强信号)"}
{"level":"ERROR","time":"2025-12-05T14:55:03.143Z","caller":"strategy/adapter.go:109","msg":"Execute order failed","symbol":"ETHUSDT","error":"risk check failed: invalid leverage: 0"}
{"level":"INFO","time":"2025-12-05T14:55:03.485Z","caller":"strategy/adapter.go:149","msg":"Order placed","order_id":"ETHUSDT_1764946503","side":"BUY","type":"MARKET","quantity":0.193,"price":0,"status":"NEW"}
{"level":"INFO","time":"2025-12-05T14:55:04.419Z","caller":"strategy/adapter.go:163","msg":"Order filled","order_id":"go_1764946503144035791","avg_price":3101.64}
{"level":"INFO","time":"2025-12-05T14:55:04.648Z","caller":"strategy/adapter.go:195","msg":"Position update","side":"LONG","size":2.104,"entry_price":3093.358528104,"current_price":3102.00781184,"unrealized_pnl":-18.19809298,"pnl_percent":-0.2796081882252044}
{"level":"INFO","time":"2025-12-05T14:56:00.169Z","caller":"strategy/adapter.go:61","msg":"Kline received","open_time":"2025-12-05T14:55:00.000Z","open":3101.23,"high":3103.14,"low":3099.22,"close":3103.01,"volume":3747.575}
{"level":"INFO","time":"2025-12-05T14:56:00.169Z","caller":"strategy/adapter.go:86","msg":"Signal generated","signal_type":"OPEN_LONG","price":3103.01,"confidence":1,"reason":"MACD金叉+EMA5/VWAP8金叉+EMA5/EMA15金叉(强信号)"}
{"level":"ERROR","time":"2025-12-05T14:56:01.510Z","caller":"strategy/adapter.go:109","msg":"Execute order failed","symbol":"ETHUSDT","error":"risk check failed: invalid leverage: 0"}
{"level":"INFO","time":"2025-12-05T14:56:01.586Z","caller":"strategy/adapter.go:149","msg":"Order placed","order_id":"ETHUSDT_1764946561","side":"BUY","type":"MARKET","quantity":0.203,"price":0,"status":"NEW"}
{"level":"INFO","time":"2025-12-05T14:56:01.739Z","caller":"strategy/adapter.go:163","msg":"Order filled","order_id":"go_1764946561510240912","avg_price":3100.6}
{"level":"INFO","time":"2025-12-05T14:56:01.961Z","caller":"strategy/adapter.go:195","msg":"Position update","side":"LONG","size":1.901,"entry_price":3093.358528104,"current_price":3103.01,"unrealized_pnl":-18.34744808,"pnl_percent":-0.3120062485907886}
{"level":"INFO","time":"2025-12-05T14:57:00.462Z","caller":"strategy/adapter.go:61","msg":"Kline received","open_time":"2025-12-05T14:56:00.000Z","open":3103.01,"high":3105.1,"low":3098.99,"close":3103.11,"volume":5273.399}
{"level":"INFO","time":"2025-12-05T14:57:00.462Z","caller":"strategy/adapter.go:86","msg":"Signal generated","signal_type":"OPEN_LONG","price":3103.11,"confidence":1,"reason":"MACD金叉+EMA5/VWAP8金叉+EMA5/EMA15金叉(强信号)"}
{"level":"ERROR","time":"2025-12-05T14:57:00.731Z","caller":"strategy/adapter.go:109","msg":"Execute order failed","symbol":"ETHUSDT","error":"risk check failed: invalid leverage: 0"}
{"level":"INFO","time":"2025-12-05T14:57:01.015Z","caller":"strategy/adapter.go:149","msg":"Order placed","order_id":"ETHUSDT_1764946621","side":"BUY","type":"MARKET","quantity":0.234,"price":0,"status":"NEW"}
{"level":"INFO","time":"2025-12-05T14:57:01.129Z","caller":"strategy/adapter.go:163","msg":"Order filled","order_id":"go_1764946620732024628","avg_price":3104.2094}
{"level":"INFO","time":"2025-12-05T14:57:02.038Z","caller":"strategy/adapter.go:195","msg":"Position update","side":"LONG","size":1.667,"entry_price":3093.358528104,"current_price":3103.26,"unrealized_pnl":-16.50575365,"pnl_percent":-0.3200880792078681}
{"level":"INFO","time":"2025-12-05T14:58:00.093Z","caller":"strategy/adapter.go:61","msg":"Kline received","open_time":"2025-12-05T14:57:00.000Z","open":3103.11,"high":3104.28,"low":3099.69,"close":3101.43,"volume":2545.905}
{"level":"INFO","time":"2025-12-05T14:58:00.093Z","caller":"strategy/adapter.go:86","msg":"Signal generated","signal_type":"OPEN_LONG","price":3101.43,"confidence":1,"reason":"MACD金叉+EMA5/VWAP8金叉+EMA5/EMA15金叉(强信号)"}
{"level":"ERROR","time":"2025-12-05T14:58:00.254Z","caller":"strategy/adapter.go:109","msg":"Execute order failed","symbol":"ETHUSDT","error":"risk check failed: invalid leverage: 0"}
{"level":"INFO","time":"2025-12-05T14:58:00.556Z","caller":"strategy/adapter.go:149","msg":"Order placed","order_id":"ETHUSDT_1764946680","side":"BUY","type":"MARKET","quantity":0.246,"price":0,"status":"NEW"}
{"level":"INFO","time":"2025-12-05T14:58:00.663Z","caller":"strategy/adapter.go:163","msg":"Order filled","order_id":"go_1764946680254823757","avg_price":3104.21}
{"level":"INFO","time":"2025-12-05T14:58:01.051Z","caller":"strategy/adapter.go:195","msg":"Position update","side":"LONG","size":1.421,"entry_price":3093.358528104,"current_price":3101.5795155,"unrealized_pnl":-11.68202309,"pnl_percent":-0.26576251415766916}
{"level":"INFO","time":"2025-12-05T14:59:00.562Z","caller":"strategy/adapter.go:61","msg":"Kline received","open_time":"2025-12-05T14:58:00.000Z","open":3101.43,"high":3102.33,"low":3098.57,"close":3101.73,"volume":2668.548}
{"level":"INFO","time":"2025-12-05T14:59:00.563Z","caller":"strategy/adapter.go:86","msg":"Signal generated","signal_type":"OPEN_LONG","price":3101.73,"confidence":1,"reason":"MACD金叉+EMA5/VWAP8金叉+EMA5/EMA15金叉(强信号)"}
{"level":"ERROR","time":"2025-12-05T14:59:00.963Z","caller":"strategy/adapter.go:109","msg":"Execute order failed","symbol":"ETHUSDT","error":"risk check failed: invalid leverage: 0"}
{"level":"INFO","time":"2025-12-05T14:59:01.075Z","caller":"strategy/adapter.go:149","msg":"Order placed","order_id":"ETHUSDT_1764946741","side":"BUY","type":"MARKET","quantity":0.269,"price":0,"status":"NEW"}
{"level":"INFO","time":"2025-12-05T14:59:01.188Z","caller":"strategy/adapter.go:163","msg":"Order filled","order_id":"go_1764946740963992690","avg_price":3103.82974}
{"level":"INFO","time":"2025-12-05T14:59:01.309Z","caller":"strategy/adapter.go:195","msg":"Position update","side":"LONG","size":1.152,"entry_price":3093.358528104,"current_price":3101.72,"unrealized_pnl":-9.63241562,"pnl_percent":-0.27030400182826775}
{"level":"INFO","time":"2025-12-05T15:00:00.143Z","caller":"strategy/adapter.go:61","msg":"Kline received","open_time":"2025-12-05T14:59:00.000Z","open":3101.73,"high":3104.12,"low":3101.05,"close":3102.43,"volume":3618.472}
{"level":"INFO","time":"2025-12-05T15:00:00.143Z","caller":"strategy/adapter.go:86","msg":"Signal generated","signal_type":"OPEN_LONG","price":3102.43,"confidence":1,"reason":"MACD金叉+EMA5/VWAP8金叉+EMA5/EMA15金叉(强信号)"}
{"level":"ERROR","time":"2025-12-05T15:00:00.274Z","caller":"strategy/adapter.go:109","msg":"Execute order failed","symbol":"ETHUSDT","error":"risk check failed: invalid leverage: 0"}
{"level":"INFO","time":"2025-12-05T15:00:01.261Z","caller":"strategy/adapter.go:149","msg":"Order placed","order_id":"ETHUSDT_1764946801","side":"BUY","type":"MARKET","quantity":0.296,"price":0,"status":"NEW"}
{"level":"INFO","time":"2025-12-05T15:00:01.358Z","caller":"strategy/adapter.go:163","msg":"Order filled","order_id":"go_1764946800274928391","avg_price":3104.21}
{"level":"INFO","time":"2025-12-05T15:00:01.586Z","caller":"strategy/adapter.go:195","msg":"Position update","side":"LONG","size":0.856,"entry_price":3093.358528104,"current_price":3103.09358527,"unrealized_pnl":-8.33320893,"pnl_percent":-0.31470833635252177}
{"level":"INFO","time":"2025-12-05T15:01:00.167Z","caller":"strategy/adapter.go:61","msg":"Kline received","open_time":"2025-12-05T15:00:00.000Z","open":3102.42,"high":3110.86,"low":3102.27,"close":3107.55,"volume":13961.375}
{"level":"INFO","time":"2025-12-05T15:02:00.066Z","caller":"strategy/adapter.go:61","msg":"Kline received","open_time":"2025-12-05T15:01:00.000Z","open":3107.55,"high":3109.99,"low":3102.66,"close":3106.91,"volume":5759.781}
{"level":"INFO","time":"2025-12-05T15:02:00.066Z","caller":"strategy/adapter.go:86","msg":"Signal generated","signal_type":"OPEN_LONG","price":3106.91,"confidence":1,"reason":"MACD金叉+EMA5/VWAP8金叉+EMA5/EMA15金叉(强信号)"}
{"level":"ERROR","time":"2025-12-05T15:02:00.481Z","caller":"strategy/adapter.go:109","msg":"Execute order failed","symbol":"ETHUSDT","error":"risk check failed: invalid leverage: 0"}
{"level":"INFO","time":"2025-12-05T15:02:00.578Z","caller":"strategy/adapter.go:149","msg":"Order placed","order_id":"ETHUSDT_1764946920","side":"BUY","type":"MARKET","quantity":0.325,"price":0,"status":"NEW"}
{"level":"INFO","time":"2025-12-05T15:02:00.862Z","caller":"strategy/adapter.go:195","msg":"Position update","side":"LONG","size":0.531,"entry_price":3093.358528104,"current_price":3106.9,"unrealized_pnl":-7.19052157,"pnl_percent":-0.43775953418303215}
{"level":"INFO","time":"2025-12-05T15:03:00.219Z","caller":"strategy/adapter.go:61","msg":"Kline received","open_time":"2025-12-05T15:02:00.000Z","open":3106.9,"high":3133.32,"low":3106.9,"close":3131.6,"volume":41040.528}
{"level":"INFO","time":"2025-12-05T15:04:00.280Z","caller":"strategy/adapter.go:61","msg":"Kline received","open_time":"2025-12-05T15:03:00.000Z","open":3131.55,"high":3133.33,"low":3121.4,"close":3125.88,"volume":25489.197}
{"level":"INFO","time":"2025-12-05T15:05:00.285Z","caller":"strategy/adapter.go:61","msg":"Kline received","open_time":"2025-12-05T15:04:00.000Z","open":3125.91,"high":3146.7,"low":3121.61,"close":3143.32,"volume":46220.935}
{"level":"INFO","time":"2025-12-05T15:06:00.368Z","caller":"strategy/adapter.go:61","msg":"Kline received","open_time":"2025-12-05T15:05:00.000Z","open":3143.32,"high":3157,"low":3138.93,"close":3150.86,"volume":50908.622}
{"level":"INFO","time":"2025-12-05T15:07:00.065Z","caller":"strategy/adapter.go:61","msg":"Kline received","open_time":"2025-12-05T15:06:00.000Z","open":3150.86,"high":3151.55,"low":3143.04,"close":3146.17,"volume":12221.529}
{"level":"INFO","time":"2025-12-05T15:07:00.065Z","caller":"strategy/adapter.go:86","msg":"Signal generated","signal_type":"OPEN_LONG","price":3146.17,"confidence":1,"reason":"MACD金叉+EMA5/VWAP8金叉+EMA5/EMA15金叉(强信号)"}
{"level":"ERROR","time":"2025-12-05T15:07:01.184Z","caller":"strategy/adapter.go:109","msg":"Execute order failed","symbol":"ETHUSDT","error":"risk check failed: invalid leverage: 0"}
{"level":"INFO","time":"2025-12-05T15:07:01.404Z","caller":"strategy/adapter.go:149","msg":"Order placed","order_id":"ETHUSDT_1764947221","side":"BUY","type":"MARKET","quantity":0.347,"price":0,"status":"NEW"}
{"level":"INFO","time":"2025-12-05T15:07:02.062Z","caller":"strategy/adapter.go:163","msg":"Order filled","order_id":"go_1764947221184535245","avg_price":3154.2}
{"level":"INFO","time":"2025-12-05T15:07:02.683Z","caller":"strategy/adapter.go:195","msg":"Position update","side":"LONG","size":0.184,"entry_price":3093.358528104,"current_price":3147.43717054,"unrealized_pnl":-9.9504702,"pnl_percent":-1.748217734866012}
{"level":"INFO","time":"2025-12-05T15:08:00.108Z","caller":"strategy/adapter.go:61","msg":"Kline received","open_time":"2025-12-05T15:07:00.000Z","open":3146.16,"high":3147.94,"low":3135.01,"close":3135.9,"volume":16017.933}
{"level":"INFO","time":"2025-12-05T15:08:00.108Z","caller":"strategy/adapter.go:86","msg":"Signal generated","signal_type":"OPEN_LONG","price":3135.9,"confidence":1,"reason":"MACD金叉+EMA5/VWAP8金叉+EMA5/EMA15金叉(强信号)"}
{"level":"ERROR","time":"2025-12-05T15:08:00.432Z","caller":"strategy/adapter.go:109","msg":"Execute order failed","symbol":"ETHUSDT","error":"risk check failed: invalid leverage: 0"}
{"level":"INFO","time":"2025-12-05T15:08:01.240Z","caller":"strategy/adapter.go:149","msg":"Order placed","order_id":"ETHUSDT_1764947281","side":"BUY","type":"MARKET","quantity":0.363,"price":0,"status":"NEW"}
{"level":"INFO","time":"2025-12-05T15:08:01.354Z","caller":"strategy/adapter.go:163","msg":"Order filled","order_id":"go_1764947280713296670","avg_price":3139}
{"level":"INFO","time":"2025-12-05T15:08:01.520Z","caller":"strategy/adapter.go:195","msg":"Position update","side":"LONG","size":0.179,"entry_price":3139,"current_price":3136.5,"unrealized_pnl":-0.4475,"pnl_percent":-0.07964319847085059}
{"level":"INFO","time":"2025-12-05T15:09:00.085Z","caller":"strategy/adapter.go:61","msg":"Kline received","open_time":"2025-12-05T15:08:00.000Z","open":3135.89,"high":3137.72,"low":3128.33,"close":3132.89,"volume":22002.145}
{"level":"INFO","time":"2025-12-05T15:09:00.086Z","caller":"strategy/adapter.go:86","msg":"Signal generated","signal_type":"OPEN_SHORT","price":3132.89,"confidence":1,"reason":"连续4周期下跌，跌幅-0.57%"}
{"level":"ERROR","time":"2025-12-05T15:09:00.220Z","caller":"strategy/adapter.go:109","msg":"Execute order failed","symbol":"ETHUSDT","error":"risk check failed: invalid leverage: 0"}
{"level":"INFO","time":"2025-12-05T15:09:00.333Z","caller":"strategy/adapter.go:149","msg":"Order placed","order_id":"ETHUSDT_1764947340","side":"SELL","type":"MARKET","quantity":0.344,"price":0,"status":"NEW"}
{"level":"INFO","time":"2025-12-05T15:09:00.453Z","caller":"strategy/adapter.go:163","msg":"Order filled","order_id":"go_1764947340220904067","avg_price":3135.8402}
{"level":"INFO","time":"2025-12-05T15:09:00.703Z","caller":"strategy/adapter.go:195","msg":"Position update","side":"LONG","size":0.165,"entry_price":3135.84,"current_price":3132.5071124,"unrealized_pnl":0.54992645,"pnl_percent":0.10628372543744499}
{"level":"INFO","time":"2025-12-05T15:10:00.698Z","caller":"strategy/adapter.go:61","msg":"Kline received","open_time":"2025-12-05T15:09:00.000Z","open":3132.88,"high":3139.59,"low":3130.72,"close":3131.5,"volume":18153.423}
{"level":"INFO","time":"2025-12-05T15:11:00.462Z","caller":"strategy/adapter.go:61","msg":"Kline received","open_time":"2025-12-05T15:10:00.000Z","open":3131.49,"high":3137.59,"low":3129,"close":3136.29,"volume":19608.614}
{"level":"INFO","time":"2025-12-05T15:12:00.078Z","caller":"strategy/adapter.go:61","msg":"Kline received","open_time":"2025-12-05T15:11:00.000Z","open":3136.28,"high":3138.88,"low":3133.13,"close":3136.79,"volume":16946.102}
{"level":"INFO","time":"2025-12-05T15:13:00.160Z","caller":"strategy/adapter.go:61","msg":"Kline received","open_time":"2025-12-05T15:12:00.000Z","open":3136.79,"high":3139,"low":3131,"close":3139,"volume":11438.705}
{"level":"INFO","time":"2025-12-05T15:14:00.329Z","caller":"strategy/adapter.go:61","msg":"Kline received","open_time":"2025-12-05T15:13:00.000Z","open":3139,"high":3146.5,"low":3138.81,"close":3140.08,"volume":8911.935}
{"level":"INFO","time":"2025-12-05T15:14:00.329Z","caller":"strategy/adapter.go:86","msg":"Signal generated","signal_type":"OPEN_LONG","price":3140.08,"confidence":1,"reason":"MACD金叉+EMA5/VWAP8金叉+EMA5/EMA15金叉(强信号)"}
{"level":"ERROR","time":"2025-12-05T15:14:00.747Z","caller":"strategy/adapter.go:109","msg":"Execute order failed","symbol":"ETHUSDT","error":"risk check failed: invalid leverage: 0"}
{"level":"INFO","time":"2025-12-05T15:14:00.846Z","caller":"strategy/adapter.go:149","msg":"Order placed","order_id":"ETHUSDT_1764947640","side":"BUY","type":"MARKET","quantity":0.344,"price":0,"status":"NEW"}
{"level":"INFO","time":"2025-12-05T15:14:00.999Z","caller":"strategy/adapter.go:163","msg":"Order filled","order_id":"go_1764947640747885438","avg_price":3138.7498}
{"level":"INFO","time":"2025-12-05T15:14:01.357Z","caller":"strategy/adapter.go:195","msg":"Position update","side":"LONG","size":0.179,"entry_price":3138.75,"current_price":3140.95449612,"unrealized_pnl":0.3946048,"pnl_percent":0.07023484155748227}
{"level":"INFO","time":"2025-12-05T15:15:00.167Z","caller":"strategy/adapter.go:61","msg":"Kline received","open_time":"2025-12-05T15:14:00.000Z","open":3140.07,"high":3140.76,"low":3137.22,"close":3139.99,"volume":10032.454}
{"level":"INFO","time":"2025-12-05T15:15:00.167Z","caller":"strategy/adapter.go:86","msg":"Signal generated","signal_type":"OPEN_LONG","price":3139.99,"confidence":1,"reason":"MACD金叉+EMA5/VWAP8金叉+EMA5/EMA15金叉(强信号)"}
{"level":"INFO","time":"2025-12-05T15:15:01.250Z","caller":"strategy/adapter.go:149","msg":"Order placed","order_id":"ETHUSDT_1764947701","side":"BUY","type":"MARKET","quantity":0.343,"price":0,"status":"NEW"}
{"level":"INFO","time":"2025-12-05T15:15:01.466Z","caller":"strategy/adapter.go:163","msg":"Order filled","order_id":"go_1764947700827721043","avg_price":3139.0051}
{"level":"INFO","time":"2025-12-05T15:15:01.779Z","caller":"strategy/adapter.go:195","msg":"Position update","side":"LONG","size":0.522,"entry_price":3138.917624521,"current_price":3139.99,"unrealized_pnl":0.55978,"pnl_percent":0.03416386178948701}
{"level":"INFO","time":"2025-12-05T15:16:00.200Z","caller":"strategy/adapter.go:61","msg":"Kline received","open_time":"2025-12-05T15:15:00.000Z","open":3140,"high":3144.76,"low":3137.56,"close":3143.04,"volume":6263.32}
{"level":"INFO","time":"2025-12-05T15:16:00.200Z","caller":"strategy/adapter.go:86","msg":"Signal generated","signal_type":"OPEN_LONG","price":3143.04,"confidence":1,"reason":"MACD金叉+EMA5/VWAP8金叉+EMA5/EMA15金叉(强信号)"}
{"level":"INFO","time":"2025-12-05T15:16:00.969Z","caller":"strategy/adapter.go:149","msg":"Order placed","order_id":"ETHUSDT_1764947760","side":"BUY","type":"MARKET","quantity":0.309,"price":0,"status":"NEW"}
{"level":"INFO","time":"2025-12-05T15:16:01.058Z","caller":"strategy/adapter.go:163","msg":"Order filled","order_id":"go_1764947760756716000","avg_price":3139.15}
{"level":"INFO","time":"2025-12-05T15:16:01.383Z","caller":"strategy/adapter.go:195","msg":"Position update","side":"LONG","size":0.831,"entry_price":3139.004031287,"current_price":3143.04,"unrealized_pnl":3.35389,"pnl_percent":0.128574817750073}
{"level":"INFO","time":"2025-12-05T15:17:00.644Z","caller":"strategy/adapter.go:61","msg":"Kline received","open_time":"2025-12-05T15:16:00.000Z","open":3143.04,"high":3146.42,"low":3140.15,"close":3144.78,"volume":4659.801}
{"level":"INFO","time":"2025-12-05T15:17:00.644Z","caller":"strategy/adapter.go:86","msg":"Signal generated","signal_type":"OPEN_LONG","price":3144.78,"confidence":1,"reason":"MACD金叉+EMA5/VWAP8金叉+EMA5/EMA15金叉(强信号)"}
{"level":"INFO","time":"2025-12-05T15:17:02.814Z","caller":"strategy/adapter.go:149","msg":"Order placed","order_id":"ETHUSDT_1764947822","side":"BUY","type":"MARKET","quantity":0.277,"price":0,"status":"NEW"}
{"level":"INFO","time":"2025-12-05T15:17:02.920Z","caller":"strategy/adapter.go:163","msg":"Order filled","order_id":"go_1764947822008483982","avg_price":3140.87505}
{"level":"INFO","time":"2025-12-05T15:17:03.407Z","caller":"strategy/adapter.go:195","msg":"Position update","side":"LONG","size":1.108,"entry_price":3139.471787003,"current_price":3144.25,"unrealized_pnl":5.29426,"pnl_percent":0.15219799127264225}
{"level":"INFO","time":"2025-12-05T15:18:00.102Z","caller":"strategy/adapter.go:61","msg":"Kline received","open_time":"2025-12-05T15:17:00.000Z","open":3144.78,"high":3144.94,"low":3140.43,"close":3143.3,"volume":5648.351}
{"level":"INFO","time":"2025-12-05T15:18:00.102Z","caller":"strategy/adapter.go:86","msg":"Signal generated","signal_type":"OPEN_LONG","price":3143.3,"confidence":1,"reason":"MACD金叉+EMA5/VWAP8金叉+EMA5/EMA15金叉(强信号)"}
{"level":"INFO","time":"2025-12-05T15:18:01.247Z","caller":"strategy/adapter.go:149","msg":"Order placed","order_id":"ETHUSDT_1764947881","side":"BUY","type":"MARKET","quantity":0.249,"price":0,"status":"NEW"}
{"level":"INFO","time":"2025-12-05T15:18:01.342Z","caller":"strategy/adapter.go:163","msg":"Order filled","order_id":"go_1764947880712972939","avg_price":3140.74707}
{"level":"INFO","time":"2025-12-05T15:18:01.789Z","caller":"strategy/adapter.go:195","msg":"Position update","side":"LONG","size":1.357,"entry_price":3139.705792188,"current_price":3143.74286822,"unrealized_pnl":5.47831218,"pnl_percent":0.12858134814468666}
{"level":"INFO","time":"2025-12-05T15:19:00.480Z","caller":"strategy/adapter.go:61","msg":"Kline received","open_time":"2025-12-05T15:18:00.000Z","open":3143.3,"high":3143.3,"low":3128.13,"close":3130.36,"volume":16425.495}
{"level":"INFO","time":"2025-12-05T15:20:00.180Z","caller":"strategy/adapter.go:61","msg":"Kline received","open_time":"2025-12-05T15:19:00.000Z","open":3130.36,"high":3135.07,"low":3128.13,"close":3132.77,"volume":12604.787}
{"level":"INFO","time":"2025-12-05T15:20:00.180Z","caller":"strategy/adapter.go:86","msg":"Signal generated","signal_type":"OPEN_SHORT","price":3132.77,"confidence":1,"reason":"MACD死叉+EMA5/VWAP8死叉"}
{"level":"ERROR","time":"2025-12-05T15:20:01.874Z","caller":"strategy/adapter.go:109","msg":"Execute order failed","symbol":"ETHUSDT","error":"risk check failed: invalid leverage: 0"}
{"level":"INFO","time":"2025-12-05T15:20:01.978Z","caller":"strategy/adapter.go:149","msg":"Order placed","order_id":"ETHUSDT_1764948001","side":"SELL","type":"MARKET","quantity":0.224,"price":0,"status":"NEW"}
{"level":"INFO","time":"2025-12-05T15:20:02.445Z","caller":"strategy/adapter.go:163","msg":"Order filled","order_id":"go_1764948001874496939","avg_price":3132.66031}
{"level":"INFO","time":"2025-12-05T15:20:02.976Z","caller":"strategy/adapter.go:195","msg":"Position update","side":"LONG","size":1.133,"entry_price":3139.705792188,"current_price":3132.42,"unrealized_pnl":-8.25480253,"pnl_percent":-0.23205334045485526}
{"level":"INFO","time":"2025-12-05T15:21:00.160Z","caller":"strategy/adapter.go:61","msg":"Kline received","open_time":"2025-12-05T15:20:00.000Z","open":3132.76,"high":3134.89,"low":3130.58,"close":3131.16,"volume":3105.88}
{"level":"INFO","time":"2025-12-05T15:21:00.160Z","caller":"strategy/adapter.go:86","msg":"Signal generated","signal_type":"OPEN_SHORT","price":3131.16,"confidence":1,"reason":"MACD死叉+EMA5/VWAP8死叉"}
{"level":"ERROR","time":"2025-12-05T15:21:00.336Z","caller":"strategy/adapter.go:109","msg":"Execute order failed","symbol":"ETHUSDT","error":"risk check failed: invalid leverage: 0"}
{"level":"INFO","time":"2025-12-05T15:21:00.452Z","caller":"strategy/adapter.go:149","msg":"Order placed","order_id":"ETHUSDT_1764948060","side":"SELL","type":"MARKET","quantity":0.247,"price":0,"status":"NEW"}
{"level":"INFO","time":"2025-12-05T15:21:00.563Z","caller":"strategy/adapter.go:163","msg":"Order filled","order_id":"go_1764948060336403608","avg_price":3132.25}
{"level":"INFO","time":"2025-12-05T15:21:01.074Z","caller":"strategy/adapter.go:195","msg":"Position update","side":"LONG","size":0.886,"entry_price":3139.705792188,"current_price":3131.06837209,"unrealized_pnl":-7.65275419,"pnl_percent":-0.27510284882417346}
{"level":"INFO","time":"2025-12-05T15:22:00.525Z","caller":"strategy/adapter.go:61","msg":"Kline received","open_time":"2025-12-05T15:21:00.000Z","open":3131.15,"high":3141.18,"low":3131.15,"close":3136.73,"volume":4903.866}
{"level":"INFO","time":"2025-12-05T15:22:00.525Z","caller":"strategy/adapter.go:86","msg":"Signal generated","signal_type":"OPEN_SHORT","price":3136.73,"confidence":1,"reason":"MACD死叉+EMA5/VWAP8死叉"}
{"level":"ERROR","time":"2025-12-05T15:22:01.898Z","caller":"strategy/adapter.go:109","msg":"Execute order failed","symbol":"ETHUSDT","error":"risk check failed: invalid leverage: 0"}
{"level":"INFO","time":"2025-12-05T15:22:02.003Z","caller":"strategy/adapter.go:149","msg":"Order placed","order_id":"ETHUSDT_1764948122","side":"SELL","type":"MARKET","quantity":0.271,"price":0,"status":"NEW"}
{"level":"INFO","time":"2025-12-05T15:22:02.217Z","caller":"strategy/adapter.go:163","msg":"Order filled","order_id":"go_1764948121898363438","avg_price":3131.84026}
{"level":"INFO","time":"2025-12-05T15:22:02.591Z","caller":"strategy/adapter.go:195","msg":"Position update","side":"LONG","size":0.615,"entry_price":3139.705792188,"current_price":3137.43106589,"unrealized_pnl":-1.39895666,"pnl_percent":-0.07245030034605732}
{"level":"INFO","time":"2025-12-05T15:23:00.273Z","caller":"strategy/adapter.go:61","msg":"Kline received","open_time":"2025-12-05T15:22:00.000Z","open":3136.73,"high":3136.73,"low":3133.4,"close":3135.3,"volume":2845.395}
{"level":"INFO","time":"2025-12-05T15:23:00.274Z","caller":"strategy/adapter.go:86","msg":"Signal generated","signal_type":"OPEN_SHORT","price":3135.3,"confidence":1,"reason":"MACD死叉+EMA5/VWAP8死叉"}
{"level":"ERROR","time":"2025-12-05T15:23:00.701Z","caller":"strategy/adapter.go:109","msg":"Execute order failed","symbol":"ETHUSDT","error":"risk check failed: invalid leverage: 0"}
{"level":"INFO","time":"2025-12-05T15:23:00.980Z","caller":"strategy/adapter.go:149","msg":"Order placed","order_id":"ETHUSDT_1764948180","side":"SELL","type":"MARKET","quantity":0.298,"price":0,"status":"NEW"}
{"level":"INFO","time":"2025-12-05T15:23:01.307Z","caller":"strategy/adapter.go:163","msg":"Order filled","order_id":"go_1764948180701692347","avg_price":3131.84}
{"level":"INFO","time":"2025-12-05T15:23:01.572Z","caller":"strategy/adapter.go:195","msg":"Position update","side":"LONG","size":0.317,"entry_price":3139.705792188,"current_price":3135.40040698,"unrealized_pnl":-1.3648071,"pnl_percent":-0.13712702585745262}
{"level":"INFO","time":"2025-12-05T15:24:00.956Z","caller":"strategy/adapter.go:61","msg":"Kline received","open_time":"2025-12-05T15:23:00.000Z","open":3135.3,"high":3137.71,"low":3132.78,"close":3135.63,"volume":2362.506}
{"level":"INFO","time":"2025-12-05T15:25:00.351Z","caller":"strategy/adapter.go:61","msg":"Kline received","open_time":"2025-12-05T15:24:00.000Z","open":3135.64,"high":3140.05,"low":3135.64,"close":3137.78,"volume":3488.723}
{"level":"INFO","time":"2025-12-05T15:26:00.909Z","caller":"strategy/adapter.go:61","msg":"Kline received","open_time":"2025-12-05T15:25:00.000Z","open":3137.79,"high":3138.12,"low":3133.54,"close":3136.65,"volume":2723.708}
{"level":"INFO","time":"2025-12-05T15:27:00.099Z","caller":"strategy/adapter.go:61","msg":"Kline received","open_time":"2025-12-05T15:26:00.000Z","open":3136.65,"high":3136.87,"low":3132.78,"close":3133.68,"volume":1707.574}
{"level":"INFO","time":"2025-12-05T15:28:00.342Z","caller":"strategy/adapter.go:61","msg":"Kline received","open_time":"2025-12-05T15:27:00.000Z","open":3133.68,"high":3134.05,"low":3128,"close":3130.45,"volume":3667.582}
{"level":"INFO","time":"2025-12-05T15:28:00.342Z","caller":"strategy/adapter.go:86","msg":"Signal generated","signal_type":"OPEN_SHORT","price":3130.45,"confidence":1,"reason":"MACD死叉+EMA5/VWAP8死叉+EMA5/EMA15死叉(强信号)"}
{"level":"ERROR","time":"2025-12-05T15:28:00.861Z","caller":"strategy/adapter.go:109","msg":"Execute order failed","symbol":"ETHUSDT","error":"risk check failed: invalid leverage: 0"}
{"level":"INFO","time":"2025-12-05T15:28:01.107Z","caller":"strategy/adapter.go:149","msg":"Order placed","order_id":"ETHUSDT_1764948481","side":"SELL","type":"MARKET","quantity":0.327,"price":0,"status":"NEW"}
{"level":"INFO","time":"2025-12-05T15:28:01.206Z","caller":"strategy/adapter.go:163","msg":"Order filled","order_id":"go_1764948480861118388","avg_price":3130.55}
{"level":"INFO","time":"2025-12-05T15:28:01.885Z","caller":"strategy/adapter.go:195","msg":"Position update","side":"LONG","size":0.01,"entry_price":3130.55,"current_price":3130.05,"unrealized_pnl":0.005,"pnl_percent":0.015971634377345834}
{"level":"INFO","time":"2025-12-05T15:29:00.327Z","caller":"strategy/adapter.go:61","msg":"Kline received","open_time":"2025-12-05T15:28:00.000Z","open":3130.46,"high":3133.38,"low":3127.94,"close":3132.73,"volume":3738.897}
{"level":"INFO","time":"2025-12-05T15:29:00.327Z","caller":"strategy/adapter.go:86","msg":"Signal generated","signal_type":"OPEN_SHORT","price":3132.73,"confidence":1,"reason":"MACD死叉+EMA5/VWAP8死叉+EMA5/EMA15死叉(强信号)"}
{"level":"INFO","time":"2025-12-05T15:29:00.590Z","caller":"strategy/adapter.go:149","msg":"Order placed","order_id":"ETHUSDT_1764948540","side":"SELL","type":"MARKET","quantity":0.342,"price":0,"status":"NEW"}
{"level":"INFO","time":"2025-12-05T15:29:00.696Z","caller":"strategy/adapter.go:163","msg":"Order filled","order_id":"go_1764948540454321345","avg_price":3130.98}
{"level":"INFO","time":"2025-12-05T15:29:01.012Z","caller":"strategy/adapter.go:195","msg":"Position update","side":"LONG","size":0.352,"entry_price":3130.967784091,"current_price":3132.93,"unrealized_pnl":-0.6907,"pnl_percent":-0.06267122641955228}
{"level":"INFO","time":"2025-12-05T15:30:01.078Z","caller":"strategy/adapter.go:61","msg":"Kline received","open_time":"2025-12-05T15:29:00.000Z","open":3132.72,"high":3138.22,"low":3130.89,"close":3137.74,"volume":1870.732}
{"level":"INFO","time":"2025-12-05T15:31:00.118Z","caller":"strategy/adapter.go:61","msg":"Kline received","open_time":"2025-12-05T15:30:00.000Z","open":3137.74,"high":3139.59,"low":3135.5,"close":3138.86,"volume":2349.86}
{"level":"INFO","time":"2025-12-05T15:32:00.150Z","caller":"strategy/adapter.go:61","msg":"Kline received","open_time":"2025-12-05T15:31:00.000Z","open":3138.87,"high":3140.24,"low":3136.73,"close":3138.82,"volume":2305.394}
{"level":"INFO","time":"2025-12-05T15:33:00.170Z","caller":"strategy/adapter.go:61","msg":"Kline received","open_time":"2025-12-05T15:32:00.000Z","open":3138.81,"high":3142.5,"low":3137.55,"close":3142.49,"volume":4262.601}
{"level":"INFO","time":"2025-12-05T15:34:00.087Z","caller":"strategy/adapter.go:61","msg":"Kline received","open_time":"2025-12-05T15:33:00.000Z","open":3142.49,"high":3145.25,"low":3141.81,"close":3144.91,"volume":7066.198}
{"level":"INFO","time":"2025-12-05T15:35:00.119Z","caller":"strategy/adapter.go:61","msg":"Kline received","open_time":"2025-12-05T15:34:00.000Z","open":3144.92,"high":3145.24,"low":3138.88,"close":3139.63,"volume":2633.571}
{"level":"INFO","time":"2025-12-05T15:36:00.122Z","caller":"strategy/adapter.go:61","msg":"Kline received","open_time":"2025-12-05T15:35:00.000Z","open":3139.63,"high":3141.4,"low":3137.12,"close":3140.05,"volume":2774.11}
{"level":"INFO","time":"2025-12-05T15:37:00.310Z","caller":"strategy/adapter.go:61","msg":"Kline received","open_time":"2025-12-05T15:36:00.000Z","open":3140.04,"high":3140.97,"low":3137,"close":3139.18,"volume":2897.273}
{"level":"INFO","time":"2025-12-05T15:37:00.310Z","caller":"strategy/adapter.go:86","msg":"Signal generated","signal_type":"OPEN_SHORT","price":3139.18,"confidence":1,"reason":"MACD死叉+EMA5/VWAP8死叉"}
{"level":"INFO","time":"2025-12-05T15:37:01.158Z","caller":"strategy/adapter.go:101","msg":"No orders generated"}
{"level":"INFO","time":"2025-12-05T15:38:00.189Z","caller":"strategy/adapter.go:61","msg":"Kline received","open_time":"2025-12-05T15:37:00.000Z","open":3139.19,"high":3145.89,"low":3139.18,"close":3144.33,"volume":6142.579}
{"level":"INFO","time":"2025-12-05T15:38:00.189Z","caller":"strategy/adapter.go:86","msg":"Signal generated","signal_type":"OPEN_SHORT","price":3144.33,"confidence":1,"reason":"MACD死叉+EMA5/VWAP8死叉"}
{"level":"INFO","time":"2025-12-05T15:38:00.702Z","caller":"strategy/adapter.go:101","msg":"No orders generated"}
{"level":"INFO","time":"2025-12-05T15:39:00.101Z","caller":"strategy/adapter.go:61","msg":"Kline received","open_time":"2025-12-05T15:38:00.000Z","open":3144.32,"high":3145.27,"low":3133.15,"close":3133.15,"volume":3771.563}
{"level":"INFO","time":"2025-12-05T15:39:00.102Z","caller":"strategy/adapter.go:86","msg":"Signal generated","signal_type":"OPEN_SHORT","price":3133.15,"confidence":1,"reason":"MACD死叉+EMA5/VWAP8死叉"}
{"level":"INFO","time":"2025-12-05T15:39:00.102Z","caller":"strategy/adapter.go:101","msg":"No orders generated"}
{"level":"INFO","time":"2025-12-05T15:40:00.236Z","caller":"strategy/adapter.go:61","msg":"Kline received","open_time":"2025-12-05T15:39:00.000Z","open":3133.13,"high":3135.02,"low":3131,"close":3134.07,"volume":7452.587}
{"level":"INFO","time":"2025-12-05T15:40:00.236Z","caller":"strategy/adapter.go:86","msg":"Signal generated","signal_type":"OPEN_SHORT","price":3134.07,"confidence":1,"reason":"MACD死叉+EMA5/VWAP8死叉+EMA5/EMA15死叉(强信号)"}
{"level":"INFO","time":"2025-12-05T15:40:01.461Z","caller":"strategy/adapter.go:149","msg":"Order placed","order_id":"ETHUSDT_1764949201","side":"SELL","type":"MARKET","quantity":0.339,"price":0,"status":"NEW"}
{"level":"INFO","time":"2025-12-05T15:40:01.653Z","caller":"strategy/adapter.go:163","msg":"Order filled","order_id":"go_1764949201045142143","avg_price":3134.23}
{"level":"INFO","time":"2025-12-05T15:40:01.772Z","caller":"strategy/adapter.go:195","msg":"Position update","side":"LONG","size":0.691,"entry_price":3132.5682055,"current_price":3134.07,"unrealized_pnl":-1.03773999,"pnl_percent":-0.047941318041057696}
{"level":"INFO","time":"2025-12-05T15:41:00.157Z","caller":"strategy/adapter.go:61","msg":"Kline received","open_time":"2025-12-05T15:40:00.000Z","open":3134.07,"high":3134.07,"low":3128.41,"close":3129.99,"volume":5351.193}
{"level":"INFO","time":"2025-12-05T15:41:00.157Z","caller":"strategy/adapter.go:86","msg":"Signal generated","signal_type":"OPEN_SHORT","price":3129.99,"confidence":1,"reason":"MACD死叉+EMA5/VWAP8死叉+EMA5/EMA15死叉(强信号)"}
{"level":"INFO","time":"2025-12-05T15:41:01.728Z","caller":"strategy/adapter.go:149","msg":"Order placed","order_id":"ETHUSDT_1764949261","side":"SELL","type":"MARKET","quantity":0.336,"price":0,"status":"NEW"}
{"level":"INFO","time":"2025-12-05T15:41:02.697Z","caller":"strategy/adapter.go:163","msg":"Order filled","order_id":"go_1764949261523194483","avg_price":3131.86021}
{"level":"INFO","time":"2025-12-05T15:41:03.440Z","caller":"strategy/adapter.go:195","msg":"Position update","side":"LONG","size":1.027,"entry_price":3132.336572542,"current_price":3129.51523256,"unrealized_pnl":2.89751615,"pnl_percent":0.09007141810750846}
{"level":"INFO","time":"2025-12-05T15:42:00.127Z","caller":"strategy/adapter.go:61","msg":"Kline received","open_time":"2025-12-05T15:41:00.000Z","open":3130,"high":3131.31,"low":3124,"close":3125.87,"volume":7526.073}
{"level":"INFO","time":"2025-12-05T15:42:00.127Z","caller":"strategy/adapter.go:86","msg":"Signal generated","signal_type":"OPEN_SHORT","price":3125.87,"confidence":1,"reason":"MACD死叉+EMA5/VWAP8死叉+EMA5/EMA15死叉(强信号)"}
{"level":"INFO","time":"2025-12-05T15:42:00.851Z","caller":"strategy/adapter.go:149","msg":"Order placed","order_id":"ETHUSDT_1764949320","side":"SELL","type":"MARKET","quantity":0.334,"price":0,"status":"NEW"}
{"level":"INFO","time":"2025-12-05T15:42:00.968Z","caller":"strategy/adapter.go:163","msg":"Order filled","order_id":"go_1764949320642327115","avg_price":3131.20021}
{"level":"INFO","time":"2025-12-05T15:42:01.172Z","caller":"strategy/adapter.go:195","msg":"Position update","side":"LONG","size":1.361,"entry_price":3132.057700221,"current_price":3126.3829845,"unrealized_pnl":7.72328809,"pnl_percent":0.18118171054079238}
{"level":"INFO","time":"2025-12-05T15:43:00.147Z","caller":"strategy/adapter.go:61","msg":"Kline received","open_time":"2025-12-05T15:42:00.000Z","open":3125.88,"high":3126.8,"low":3121.65,"close":3126.63,"volume":7807.143}
{"level":"INFO","time":"2025-12-05T15:43:00.147Z","caller":"strategy/adapter.go:86","msg":"Signal generated","signal_type":"OPEN_SHORT","price":3126.63,"confidence":1,"reason":"MACD死叉+EMA5/VWAP8死叉+EMA5/EMA15死叉(强信号)"}
{"level":"INFO","time":"2025-12-05T15:43:00.483Z","caller":"strategy/adapter.go:149","msg":"Order placed","order_id":"ETHUSDT_1764949380","side":"SELL","type":"MARKET","quantity":0.301,"price":0,"status":"NEW"}
{"level":"INFO","time":"2025-12-05T15:43:00.624Z","caller":"strategy/adapter.go:163","msg":"Order filled","order_id":"go_1764949380340121498","avg_price":3126.12023}
{"level":"INFO","time":"2025-12-05T15:43:00.879Z","caller":"strategy/adapter.go:195","msg":"Position update","side":"LONG","size":1.662,"entry_price":3130.982382672,"current_price":3126.62,"unrealized_pnl":7.25027999,"pnl_percent":0.1393295180965028}
{"level":"INFO","time":"2025-12-05T15:44:00.325Z","caller":"strategy/adapter.go:61","msg":"Kline received","open_time":"2025-12-05T15:43:00.000Z","open":3126.63,"high":3129.87,"low":3125.53,"close":3126.51,"volume":3079.744}
{"level":"INFO","time":"2025-12-05T15:44:00.325Z","caller":"strategy/adapter.go:86","msg":"Signal generated","signal_type":"OPEN_SHORT","price":3126.51,"confidence":1,"reason":"MACD死叉+EMA5/VWAP8死叉+EMA5/EMA15死叉(强信号)"}
{"level":"INFO","time":"2025-12-05T15:44:01.682Z","caller":"strategy/adapter.go:149","msg":"Order placed","order_id":"ETHUSDT_1764949441","side":"SELL","type":"MARKET","quantity":0.271,"price":0,"status":"NEW"}
{"level":"INFO","time":"2025-12-05T15:44:02.094Z","caller":"strategy/adapter.go:163","msg":"Order filled","order_id":"go_1764949441468936482","avg_price":3126.36}
{"level":"INFO","time":"2025-12-05T15:44:02.674Z","caller":"strategy/adapter.go:195","msg":"Position update","side":"LONG","size":1.933,"entry_price":3130.334340404,"current_price":3126.89676357,"unrealized_pnl":6.64483601,"pnl_percent":0.10981500552174012}
{"level":"INFO","time":"2025-12-05T15:45:00.266Z","caller":"strategy/adapter.go:61","msg":"Kline received","open_time":"2025-12-05T15:44:00.000Z","open":3126.51,"high":3131.24,"low":3126.45,"close":3131.04,"volume":1856.839}
{"level":"INFO","time":"2025-12-05T15:45:00.266Z","caller":"strategy/adapter.go:86","msg":"Signal generated","signal_type":"OPEN_SHORT","price":3131.04,"confidence":1,"reason":"MACD死叉+EMA5/VWAP8死叉+EMA5/EMA15死叉(强信号)"}
{"level":"INFO","time":"2025-12-05T15:45:01.130Z","caller":"strategy/adapter.go:149","msg":"Order placed","order_id":"ETHUSDT_1764949501","side":"SELL","type":"MARKET","quantity":0.244,"price":0,"status":"NEW"}
{"level":"INFO","time":"2025-12-05T15:45:01.241Z","caller":"strategy/adapter.go:163","msg":"Order filled","order_id":"go_1764949500668184643","avg_price":3126.37}
{"level":"INFO","time":"2025-12-05T15:45:01.419Z","caller":"strategy/adapter.go:195","msg":"Position update","side":"LONG","size":2.177,"entry_price":3129.89001378,"current_price":3131.04,"unrealized_pnl":-2.50352,"pnl_percent":-0.036742064881039156}
{"level":"INFO","time":"2025-12-05T15:46:00.435Z","caller":"strategy/adapter.go:61","msg":"Kline received","open_time":"2025-12-05T15:45:00.000Z","open":3131.05,"high":3131.05,"low":3118.29,"close":3121.54,"volume":8735.7}
{"level":"INFO","time":"2025-12-05T15:46:00.435Z","caller":"strategy/adapter.go:86","msg":"Signal generated","signal_type":"OPEN_SHORT","price":3121.54,"confidence":1,"reason":"MACD死叉+EMA5/VWAP8死叉+EMA5/EMA15死叉(强信号)"}
{"level":"INFO","time":"2025-12-05T15:46:01.163Z","caller":"strategy/adapter.go:149","msg":"Order placed","order_id":"ETHUSDT_1764949561","side":"SELL","type":"MARKET","quantity":0.221,"price":0,"status":"NEW"}
{"level":"INFO","time":"2025-12-05T15:46:01.597Z","caller":"strategy/adapter.go:163","msg":"Order filled","order_id":"go_1764949560927640102","avg_price":3126.28}
{"level":"INFO","time":"2025-12-05T15:46:01.859Z","caller":"strategy/adapter.go:195","msg":"Position update","side":"LONG","size":2.398,"entry_price":3129.557314428,"current_price":3121.54,"unrealized_pnl":19.22551997,"pnl_percent":0.2561804629433828}
{"level":"INFO","time":"2025-12-05T15:47:00.413Z","caller":"strategy/adapter.go:61","msg":"Kline received","open_time":"2025-12-05T15:46:00.000Z","open":3121.54,"high":3123.66,"low":3114.05,"close":3118.5,"volume":9506.754}
{"level":"INFO","time":"2025-12-05T15:47:00.413Z","caller":"strategy/adapter.go:86","msg":"Signal generated","signal_type":"OPEN_SHORT","price":3118.5,"confidence":1,"reason":"MACD死叉+EMA5/VWAP8死叉+EMA5/EMA15死叉(强信号)"}
{"level":"INFO","time":"2025-12-05T15:47:01.409Z","caller":"strategy/adapter.go:149","msg":"Order placed","order_id":"ETHUSDT_1764949621","side":"SELL","type":"MARKET","quantity":0.199,"price":0,"status":"NEW"}
{"level":"INFO","time":"2025-12-05T15:47:01.490Z","caller":"strategy/adapter.go:163","msg":"Order filled","order_id":"go_1764949621311672418","avg_price":3124.9007}
{"level":"INFO","time":"2025-12-05T15:47:01.623Z","caller":"strategy/adapter.go:195","msg":"Position update","side":"LONG","size":2.597,"entry_price":3129.200492876,"current_price":3119.22,"unrealized_pnl":25.91933998,"pnl_percent":0.3189470566496597}
{"level":"INFO","time":"2025-12-05T15:48:00.344Z","caller":"strategy/adapter.go:61","msg":"Kline received","open_time":"2025-12-05T15:47:00.000Z","open":3118.5,"high":3122.01,"low":3118.13,"close":3120.21,"volume":5050.068}
{"level":"INFO","time":"2025-12-05T15:48:00.344Z","caller":"strategy/adapter.go:86","msg":"Signal generated","signal_type":"OPEN_SHORT","price":3120.21,"confidence":1,"reason":"MACD死叉+EMA5/VWAP8死叉+EMA5/EMA15死叉(强信号)"}
{"level":"INFO","time":"2025-12-05T15:48:00.721Z","caller":"strategy/adapter.go:149","msg":"Order placed","order_id":"ETHUSDT_1764949680","side":"SELL","type":"MARKET","quantity":0.17,"price":0,"status":"NEW"}
{"level":"INFO","time":"2025-12-05T15:48:01.061Z","caller":"strategy/adapter.go:163","msg":"Order filled","order_id":"go_1764949680606745883","avg_price":3121.24041}
{"level":"INFO","time":"2025-12-05T15:48:01.416Z","caller":"strategy/adapter.go:195","msg":"Position update","side":"LONG","size":2.767,"entry_price":3128.71143838,"current_price":3120.2,"unrealized_pnl":23.55114999,"pnl_percent":0.2720429334867339}
{"level":"INFO","time":"2025-12-05T15:49:00.302Z","caller":"strategy/adapter.go:61","msg":"Kline received","open_time":"2025-12-05T15:48:00.000Z","open":3120.2,"high":3124.14,"low":3120,"close":3123.03,"volume":3629.717}
{"level":"INFO","time":"2025-12-05T15:49:00.302Z","caller":"strategy/adapter.go:86","msg":"Signal generated","signal_type":"OPEN_SHORT","price":3123.03,"confidence":1,"reason":"MACD死叉+EMA5/VWAP8死叉+EMA5/EMA15死叉(强信号)"}
{"level":"INFO","time":"2025-12-05T15:49:00.662Z","caller":"strategy/adapter.go:149","msg":"Order placed","order_id":"ETHUSDT_1764949740","side":"SELL","type":"MARKET","quantity":0.161,"price":0,"status":"NEW"}
{"level":"INFO","time":"2025-12-05T15:49:00.903Z","caller":"strategy/adapter.go:163","msg":"Order filled","order_id":"go_1764949740518356533","avg_price":3122.86}
{"level":"INFO","time":"2025-12-05T15:49:01.731Z","caller":"strategy/adapter.go:195","msg":"Position update","side":"LONG","size":2.928,"entry_price":3128.389689207,"current_price":3122.76718992,"unrealized_pnl":16.46267789,"pnl_percent":0.17972502910265004}
{"level":"INFO","time":"2025-12-05T15:50:00.250Z","caller":"strategy/adapter.go:61","msg":"Kline received","open_time":"2025-12-05T15:49:00.000Z","open":3123.02,"high":3127.71,"low":3120.95,"close":3125.88,"volume":3050.703}
{"level":"INFO","time":"2025-12-05T15:51:00.082Z","caller":"strategy/adapter.go:61","msg":"Kline received","open_time":"2025-12-05T15:50:00.000Z","open":3125.88,"high":3125.88,"low":3121.04,"close":3124.73,"volume":3985.597}
{"level":"INFO","time":"2025-12-05T15:52:00.412Z","caller":"strategy/adapter.go:61","msg":"Kline received","open_time":"2025-12-05T15:51:00.000Z","open":3124.73,"high":3125.13,"low":3117.44,"close":3120.55,"volume":8224.23}
{"level":"INFO","time":"2025-12-05T15:53:00.123Z","caller":"strategy/adapter.go:61","msg":"Kline received","open_time":"2025-12-05T15:52:00.000Z","open":3120.55,"high":3120.55,"low":3110.02,"close":3111.26,"volume":8070.185}
{"level":"INFO","time":"2025-12-05T15:53:00.123Z","caller":"strategy/adapter.go:86","msg":"Signal generated","signal_type":"OPEN_SHORT","price":3111.26,"confidence":1,"reason":"MACD死叉+EMA5/VWAP8死叉+EMA5/EMA15死叉(强信号)"}
{"level":"INFO","time":"2025-12-05T15:53:01.365Z","caller":"strategy/adapter.go:149","msg":"Order placed","order_id":"ETHUSDT_1764949981","side":"SELL","type":"MARKET","quantity":0.153,"price":0,"status":"NEW"}
{"level":"INFO","time":"2025-12-05T15:53:01.465Z","caller":"strategy/adapter.go:163","msg":"Order filled","order_id":"go_1764949981218323105","avg_price":3118.9}
{"level":"INFO","time":"2025-12-05T15:53:01.887Z","caller":"strategy/adapter.go:195","msg":"Position update","side":"LONG","size":3.081,"entry_price":3127.918438818,"current_price":3111.45,"unrealized_pnl":50.73925997,"pnl_percent":0.5264983448561885}
{"level":"INFO","time":"2025-12-05T15:54:00.864Z","caller":"strategy/adapter.go:61","msg":"Kline received","open_time":"2025-12-05T15:53:00.000Z","open":3111.26,"high":3113.88,"low":3107.69,"close":3111.85,"volume":11916.734}
{"level":"INFO","time":"2025-12-05T15:54:00.864Z","caller":"strategy/adapter.go:86","msg":"Signal generated","signal_type":"OPEN_SHORT","price":3111.85,"confidence":1,"reason":"MACD死叉+EMA5/VWAP8死叉+EMA5/EMA15死叉(强信号)"}
{"level":"INFO","time":"2025-12-05T15:54:01.465Z","caller":"strategy/adapter.go:149","msg":"Order placed","order_id":"ETHUSDT_1764950041","side":"SELL","type":"MARKET","quantity":0.131,"price":0,"status":"NEW"}
{"level":"INFO","time":"2025-12-05T15:54:01.862Z","caller":"strategy/adapter.go:163","msg":"Order filled","order_id":"go_1764950041326429053","avg_price":3112.51}
{"level":"INFO","time":"2025-12-05T15:54:02.096Z","caller":"strategy/adapter.go:195","msg":"Position update","side":"LONG","size":3.212,"entry_price":3127.290012453,"current_price":3111.85,"unrealized_pnl":49.59331998,"pnl_percent":0.493718599349299}
{"level":"INFO","time":"2025-12-05T15:55:00.375Z","caller":"strategy/adapter.go:61","msg":"Kline received","open_time":"2025-12-05T15:54:00.000Z","open":3111.84,"high":3114.3,"low":3107.55,"close":3112.18,"volume":8256.249}
{"level":"INFO","time":"2025-12-05T15:55:00.375Z","caller":"strategy/adapter.go:86","msg":"Signal generated","signal_type":"OPEN_SHORT","price":3112.18,"confidence":1,"reason":"MACD死叉+EMA5/VWAP8死叉+EMA5/EMA15死叉(强信号)"}
{"level":"INFO","time":"2025-12-05T15:55:00.869Z","caller":"strategy/adapter.go:149","msg":"Order placed","order_id":"ETHUSDT_1764950100","side":"SELL","type":"MARKET","quantity":0.125,"price":0,"status":"NEW"}
{"level":"INFO","time":"2025-12-05T15:55:01.776Z","caller":"strategy/adapter.go:163","msg":"Order filled","order_id":"go_1764950100599450157","avg_price":3112.01168}
{"level":"INFO","time":"2025-12-05T15:55:02.221Z","caller":"strategy/adapter.go:195","msg":"Position update","side":"LONG","size":3.337,"entry_price":3126.717704525,"current_price":3112.45364341,"unrealized_pnl":47.59917192,"pnl_percent":0.45619919854412594}
{"level":"INFO","time":"2025-12-05T15:56:00.158Z","caller":"strategy/adapter.go:61","msg":"Kline received","open_time":"2025-12-05T15:55:00.000Z","open":3112.17,"high":3112.17,"low":3105.01,"close":3107.6,"volume":7150.54}
{"level":"INFO","time":"2025-12-05T15:56:00.158Z","caller":"strategy/adapter.go:86","msg":"Signal generated","signal_type":"OPEN_SHORT","price":3107.6,"confidence":1,"reason":"MACD死叉+EMA5/VWAP8死叉+EMA5/EMA15死叉(强信号)"}
{"level":"INFO","time":"2025-12-05T15:56:00.517Z","caller":"strategy/adapter.go:149","msg":"Order placed","order_id":"ETHUSDT_1764950160","side":"SELL","type":"MARKET","quantity":0.113,"price":0,"status":"NEW"}
{"level":"INFO","time":"2025-12-05T15:56:00.614Z","caller":"strategy/adapter.go:163","msg":"Order filled","order_id":"go_1764950160424622856","avg_price":3111.79062}
{"level":"INFO","time":"2025-12-05T15:56:00.762Z","caller":"strategy/adapter.go:195","msg":"Position update","side":"LONG","size":3.45,"entry_price":3126.228788406,"current_price":3107.79,"unrealized_pnl":63.61381998,"pnl_percent":0.5898093085311763}
{"level":"INFO","time":"2025-12-05T15:57:00.453Z","caller":"strategy/adapter.go:61","msg":"Kline received","open_time":"2025-12-05T15:56:00.000Z","open":3107.6,"high":3107.6,"low":3096.72,"close":3101.76,"volume":14480.013}
{"level":"INFO","time":"2025-12-05T15:57:00.453Z","caller":"strategy/adapter.go:86","msg":"Signal generated","signal_type":"OPEN_SHORT","price":3101.76,"confidence":1,"reason":"MACD死叉+EMA5/VWAP8死叉+EMA5/EMA15死叉(强信号)"}
{"level":"INFO","time":"2025-12-05T15:57:01.001Z","caller":"strategy/adapter.go:149","msg":"Order placed","order_id":"ETHUSDT_1764950221","side":"SELL","type":"MARKET","quantity":0.101,"price":0,"status":"NEW"}
{"level":"INFO","time":"2025-12-05T15:57:01.097Z","caller":"strategy/adapter.go:163","msg":"Order filled","order_id":"go_1764950220890200838","avg_price":3109.71069}
{"level":"INFO","time":"2025-12-05T15:57:01.307Z","caller":"strategy/adapter.go:195","msg":"Position update","side":"LONG","size":3.551,"entry_price":3125.758969305,"current_price":3102.06858527,"unrealized_pnl":84.12455369,"pnl_percent":0.757908215652284}
{"level":"INFO","time":"2025-12-05T15:58:00.120Z","caller":"strategy/adapter.go:61","msg":"Kline received","open_time":"2025-12-05T15:57:00.000Z","open":3101.75,"high":3103.51,"low":3095,"close":3098.13,"volume":12929.366}
{"level":"INFO","time":"2025-12-05T15:58:00.120Z","caller":"strategy/adapter.go:86","msg":"Signal generated","signal_type":"OPEN_SHORT","price":3098.13,"confidence":1,"reason":"MACD死叉+EMA5/VWAP8死叉+EMA5/EMA15死叉(强信号)"}
{"level":"INFO","time":"2025-12-05T15:58:01.340Z","caller":"strategy/adapter.go:149","msg":"Order placed","order_id":"ETHUSDT_1764950281","side":"SELL","type":"MARKET","quantity":0.092,"price":0,"status":"NEW"}
{"level":"INFO","time":"2025-12-05T15:58:01.444Z","caller":"strategy/adapter.go:163","msg":"Order filled","order_id":"go_1764950281091513329","avg_price":3102.20076}
{"level":"INFO","time":"2025-12-05T15:58:01.580Z","caller":"strategy/adapter.go:195","msg":"Position update","side":"LONG","size":3.643,"entry_price":3125.164032392,"current_price":3097.35,"unrealized_pnl":101.32651999,"pnl_percent":0.8900023198735199}
{"level":"INFO","time":"2025-12-05T15:59:00.202Z","caller":"strategy/adapter.go:61","msg":"Kline received","open_time":"2025-12-05T15:58:00.000Z","open":3098.14,"high":3100.34,"low":3093.05,"close":3095.18,"volume":10494.534}
{"level":"INFO","time":"2025-12-05T15:59:00.202Z","caller":"strategy/adapter.go:86","msg":"Signal generated","signal_type":"OPEN_SHORT","price":3095.18,"confidence":1,"reason":"MACD死叉+EMA5/VWAP8死叉+EMA5/EMA15死叉(强信号)"}
{"level":"INFO","time":"2025-12-05T15:59:00.581Z","caller":"strategy/adapter.go:149","msg":"Order placed","order_id":"ETHUSDT_1764950340","side":"SELL","type":"MARKET","quantity":0.083,"price":0,"status":"NEW"}
{"level":"INFO","time":"2025-12-05T15:59:00.669Z","caller":"strategy/adapter.go:163","msg":"Order filled","order_id":"go_1764950340359621898","avg_price":3095.85}
{"level":"INFO","time":"2025-12-05T15:59:00.785Z","caller":"strategy/adapter.go:195","msg":"Position update","side":"LONG","size":3.726,"entry_price":3124.511035965,"current_price":3095.53967054,"unrealized_pnl":107.94730755,"pnl_percent":0.9272287754852431}
{"level":"INFO","time":"2025-12-05T16:00:00.205Z","caller":"strategy/adapter.go:61","msg":"Kline received","open_time":"2025-12-05T15:59:00.000Z","open":3095.19,"high":3106.89,"low":3095,"close":3105.39,"volume":11564.055}
{"level":"INFO","time":"2025-12-05T16:00:00.205Z","caller":"strategy/adapter.go:86","msg":"Signal generated","signal_type":"OPEN_SHORT","price":3105.39,"confidence":1,"reason":"MACD死叉+EMA5/VWAP8死叉+EMA5/EMA15死叉(强信号)"}
{"level":"INFO","time":"2025-12-05T16:00:03.738Z","caller":"strategy/adapter.go:149","msg":"Order placed","order_id":"ETHUSDT_1764950403","side":"SELL","type":"MARKET","quantity":0.074,"price":0,"status":"NEW"}
{"level":"INFO","time":"2025-12-05T16:00:03.867Z","caller":"strategy/adapter.go:163","msg":"Order filled","order_id":"go_1764950400750456867","avg_price":3097.45}
{"level":"INFO","time":"2025-12-05T16:00:04.121Z","caller":"strategy/adapter.go:195","msg":"Position update","side":"LONG","size":3.8,"entry_price":3123.984057896,"current_price":3105.2,"unrealized_pnl":71.37941998,"pnl_percent":0.6012853312101959}
{"level":"INFO","time":"2025-12-05T16:01:00.198Z","caller":"strategy/adapter.go:61","msg":"Kline received","open_time":"2025-12-05T16:00:00.000Z","open":3105.39,"high":3107.48,"low":3101.12,"close":3101.12,"volume":7163.739}
{"level":"INFO","time":"2025-12-05T16:01:00.199Z","caller":"strategy/adapter.go:86","msg":"Signal generated","signal_type":"OPEN_SHORT","price":3101.12,"confidence":1,"reason":"MACD死叉+EMA5/VWAP8死叉+EMA5/EMA15死叉(强信号)"}
{"level":"INFO","time":"2025-12-05T16:01:00.620Z","caller":"strategy/adapter.go:149","msg":"Order placed","order_id":"ETHUSDT_1764950460","side":"SELL","type":"MARKET","quantity":0.066,"price":0,"status":"NEW"}
{"level":"INFO","time":"2025-12-05T16:01:00.730Z","caller":"strategy/adapter.go:163","msg":"Order filled","order_id":"go_1764950460346415418","avg_price":3104.62}
{"level":"INFO","time":"2025-12-05T16:01:00.943Z","caller":"strategy/adapter.go:195","msg":"Position update","side":"LONG","size":3.866,"entry_price":3123.653476463,"current_price":3102.00263566,"unrealized_pnl":83.70215053,"pnl_percent":0.6931255647406699}
{"level":"INFO","time":"2025-12-05T16:02:00.696Z","caller":"strategy/adapter.go:61","msg":"Kline received","open_time":"2025-12-05T16:01:00.000Z","open":3101.12,"high":3102.07,"low":3097.66,"close":3098.54,"volume":6582.612}
{"level":"INFO","time":"2025-12-05T16:02:00.696Z","caller":"strategy/adapter.go:86","msg":"Signal generated","signal_type":"OPEN_SHORT","price":3098.54,"confidence":1,"reason":"MACD死叉+EMA5/VWAP8死叉+EMA5/EMA15死叉(强信号)"}
{"level":"INFO","time":"2025-12-05T16:02:01.245Z","caller":"strategy/adapter.go:149","msg":"Order placed","order_id":"ETHUSDT_1764950521","side":"SELL","type":"MARKET","quantity":0.057,"price":0,"status":"NEW"}
{"level":"INFO","time":"2025-12-05T16:02:01.602Z","caller":"strategy/adapter.go:163","msg":"Order filled","order_id":"go_1764950520938366328","avg_price":3098.01667}
{"level":"INFO","time":"2025-12-05T16:02:02.238Z","caller":"strategy/adapter.go:195","msg":"Position update","side":"LONG","size":3.923,"entry_price":3123.280981394,"current_price":3098.35784884,"unrealized_pnl":97.77344899,"pnl_percent":0.7979791987189625}
{"level":"INFO","time":"2025-12-05T16:03:00.121Z","caller":"strategy/adapter.go:61","msg":"Kline received","open_time":"2025-12-05T16:02:00.000Z","open":3098.54,"high":3101.8,"low":3095.84,"close":3096.66,"volume":6674}
{"level":"INFO","time":"2025-12-05T16:03:00.121Z","caller":"strategy/adapter.go:86","msg":"Signal generated","signal_type":"OPEN_SHORT","price":3096.66,"confidence":1,"reason":"MACD死叉+EMA5/VWAP8死叉+EMA5/EMA15死叉(强信号)"}
{"level":"INFO","time":"2025-12-05T16:03:00.568Z","caller":"strategy/adapter.go:149","msg":"Order placed","order_id":"ETHUSDT_1764950580","side":"SELL","type":"MARKET","quantity":0.054,"price":0,"status":"NEW"}
{"level":"INFO","time":"2025-12-05T16:03:01.036Z","caller":"strategy/adapter.go:163","msg":"Order filled","order_id":"go_1764950580375843306","avg_price":3097.39}
{"level":"INFO","time":"2025-12-05T16:03:01.500Z","caller":"strategy/adapter.go:195","msg":"Position update","side":"LONG","size":3.977,"entry_price":3122.929431735,"current_price":3097.51085271,"unrealized_pnl":101.08968876,"pnl_percent":0.8139338263958009}
{"level":"INFO","time":"2025-12-05T16:04:00.440Z","caller":"strategy/adapter.go:61","msg":"Kline received","open_time":"2025-12-05T16:03:00.000Z","open":3096.55,"high":3096.55,"low":3089.48,"close":3090.93,"volume":14830.569}
{"level":"INFO","time":"2025-12-05T16:04:00.440Z","caller":"strategy/adapter.go:86","msg":"Signal generated","signal_type":"OPEN_SHORT","price":3090.93,"confidence":1,"reason":"MACD死叉+EMA5/VWAP8死叉+EMA5/EMA15死叉(强信号)"}
{"level":"INFO","time":"2025-12-05T16:04:00.732Z","caller":"strategy/adapter.go:149","msg":"Order placed","order_id":"ETHUSDT_1764950640","side":"SELL","type":"MARKET","quantity":0.046,"price":0,"status":"NEW"}
{"level":"INFO","time":"2025-12-05T16:04:01.482Z","caller":"strategy/adapter.go:195","msg":"Position update","side":"LONG","size":4.023,"entry_price":3122.606552327,"current_price":3090.53916667,"unrealized_pnl":129.00709246,"pnl_percent":1.0269428796154212}
{"level":"INFO","time":"2025-12-05T16:05:00.239Z","caller":"strategy/adapter.go:61","msg":"Kline received","open_time":"2025-12-05T16:04:00.000Z","open":3090.46,"high":3097.52,"low":3089.21,"close":3091.99,"volume":7910.515}
{"level":"INFO","time":"2025-12-05T16:05:00.239Z","caller":"strategy/adapter.go:86","msg":"Signal generated","signal_type":"OPEN_SHORT","price":3091.99,"confidence":1,"reason":"MACD死叉+EMA5/VWAP8死叉+EMA5/EMA15死叉(强信号)"}
{"level":"INFO","time":"2025-12-05T16:05:00.681Z","caller":"strategy/adapter.go:149","msg":"Order placed","order_id":"ETHUSDT_1764950700","side":"SELL","type":"MARKET","quantity":0.044,"price":0,"status":"NEW"}
{"level":"INFO","time":"2025-12-05T16:05:00.804Z","caller":"strategy/adapter.go:163","msg":"Order filled","order_id":"go_1764950700494989856","avg_price":3093.43}
{"level":"INFO","time":"2025-12-05T16:05:01.197Z","caller":"strategy/adapter.go:195","msg":"Position update","side":"LONG","size":4.067,"entry_price":3122.29089747,"current_price":3091.82051797,"unrealized_pnl":123.92303342,"pnl_percent":0.975898162566851}
{"level":"INFO","time":"2025-12-05T16:06:00.478Z","caller":"strategy/adapter.go:61","msg":"Kline received","open_time":"2025-12-05T16:05:00.000Z","open":3091.99,"high":3091.99,"low":3081.79,"close":3084.73,"volume":24030.008}
{"level":"INFO","time":"2025-12-05T16:06:00.478Z","caller":"strategy/adapter.go:86","msg":"Signal generated","signal_type":"OPEN_SHORT","price":3084.73,"confidence":1,"reason":"MACD死叉+EMA5/VWAP8死叉+EMA5/EMA15死叉(强信号)"}
{"level":"INFO","time":"2025-12-05T16:06:00.764Z","caller":"strategy/adapter.go:149","msg":"Order placed","order_id":"ETHUSDT_1764950760","side":"SELL","type":"MARKET","quantity":0.042,"price":0,"status":"NEW"}
{"level":"INFO","time":"2025-12-05T16:06:00.929Z","caller":"strategy/adapter.go:163","msg":"Order filled","order_id":"go_1764950760589135500","avg_price":3088.94167}
{"level":"INFO","time":"2025-12-05T16:06:01.156Z","caller":"strategy/adapter.go:195","msg":"Position update","side":"LONG","size":4.109,"entry_price":3121.950019472,"current_price":3085.04292636,"unrealized_pnl":151.65124558,"pnl_percent":1.182180780525565}
{"level":"INFO","time":"2025-12-05T16:07:00.085Z","caller":"strategy/adapter.go:61","msg":"Kline received","open_time":"2025-12-05T16:06:00.000Z","open":3084.74,"high":3089.7,"low":3083.39,"close":3084.5,"volume":7424.37}
{"level":"INFO","time":"2025-12-05T16:07:00.085Z","caller":"strategy/adapter.go:86","msg":"Signal generated","signal_type":"OPEN_SHORT","price":3084.5,"confidence":1,"reason":"MACD死叉+EMA5/VWAP8死叉+EMA5/EMA15死叉(强信号)"}
{"level":"INFO","time":"2025-12-05T16:07:00.684Z","caller":"strategy/adapter.go:149","msg":"Order placed","order_id":"ETHUSDT_1764950820","side":"SELL","type":"MARKET","quantity":0.039,"price":0,"status":"NEW"}
{"level":"INFO","time":"2025-12-05T16:07:00.785Z","caller":"strategy/adapter.go:163","msg":"Order filled","order_id":"go_1764950820235957581","avg_price":3088.21}
{"level":"INFO","time":"2025-12-05T16:07:01.022Z","caller":"strategy/adapter.go:195","msg":"Position update","side":"LONG","size":4.148,"entry_price":3121.632791709,"current_price":3085.27176357,"unrealized_pnl":150.82554468,"pnl_percent":1.1648079884922127}
{"level":"INFO","time":"2025-12-05T16:08:00.191Z","caller":"strategy/adapter.go:61","msg":"Kline received","open_time":"2025-12-05T16:07:00.000Z","open":3084.51,"high":3084.51,"low":3063.76,"close":3073.74,"volume":47060.113}
{"level":"INFO","time":"2025-12-05T16:08:00.191Z","caller":"strategy/adapter.go:86","msg":"Signal generated","signal_type":"OPEN_SHORT","price":3073.74,"confidence":1,"reason":"连续4周期下跌，跌幅-0.59%"}
{"level":"INFO","time":"2025-12-05T16:08:00.192Z","caller":"strategy/adapter.go:101","msg":"No orders generated"}
{"level":"INFO","time":"2025-12-05T16:09:00.085Z","caller":"strategy/adapter.go:61","msg":"Kline received","open_time":"2025-12-05T16:08:00.000Z","open":3073.76,"high":3077,"low":3062.4,"close":3062.4,"volume":22278.576}
{"level":"INFO","time":"2025-12-05T16:09:00.085Z","caller":"strategy/adapter.go:86","msg":"Signal generated","signal_type":"OPEN_SHORT","price":3062.4,"confidence":1,"reason":"MACD死叉+EMA5/VWAP8死叉+EMA5/EMA15死叉(强信号)"}
{"level":"INFO","time":"2025-12-05T16:09:00.773Z","caller":"strategy/adapter.go:149","msg":"Order placed","order_id":"ETHUSDT_1764950940","side":"SELL","type":"MARKET","quantity":0.038,"price":0,"status":"NEW"}
{"level":"INFO","time":"2025-12-05T16:09:00.865Z","caller":"strategy/adapter.go:163","msg":"Order filled","order_id":"go_1764950940590599439","avg_price":3072.51}
{"level":"INFO","time":"2025-12-05T16:09:00.973Z","caller":"strategy/adapter.go:195","msg":"Position update","side":"LONG","size":4.186,"entry_price":3121.186860967,"current_price":3068.36335271,"unrealized_pnl":221.11920553,"pnl_percent":1.69241735922723}
{"level":"INFO","time":"2025-12-05T16:10:00.314Z","caller":"strategy/adapter.go:61","msg":"Kline received","open_time":"2025-12-05T16:09:00.000Z","open":3062.4,"high":3070.72,"low":3062,"close":3067.5,"volume":17747.824}
{"level":"INFO","time":"2025-12-05T16:10:00.314Z","caller":"strategy/adapter.go:86","msg":"Signal generated","signal_type":"OPEN_SHORT","price":3067.5,"confidence":1,"reason":"MACD死叉+EMA5/VWAP8死叉+EMA5/EMA15死叉(强信号)"}
{"level":"INFO","time":"2025-12-05T16:10:00.952Z","caller":"strategy/adapter.go:149","msg":"Order placed","order_id":"ETHUSDT_1764951000","side":"SELL","type":"MARKET","quantity":0.036,"price":0,"status":"NEW"}
{"level":"INFO","time":"2025-12-05T16:10:01.040Z","caller":"strategy/adapter.go:163","msg":"Order filled","order_id":"go_1764951000861251271","avg_price":3071.07}
{"level":"INFO","time":"2025-12-05T16:10:01.257Z","caller":"strategy/adapter.go:195","msg":"Position update","side":"LONG","size":4.222,"entry_price":3120.759526292,"current_price":3067.49,"unrealized_pnl":224.90393999,"pnl_percent":1.706941077635105}
{"level":"INFO","time":"2025-12-05T16:11:00.394Z","caller":"strategy/adapter.go:61","msg":"Kline received","open_time":"2025-12-05T16:10:00.000Z","open":3067.49,"high":3070.86,"low":3058.77,"close":3059.34,"volume":24388.627}
{"level":"INFO","time":"2025-12-05T16:11:00.394Z","caller":"strategy/adapter.go:86","msg":"Signal generated","signal_type":"OPEN_SHORT","price":3059.34,"confidence":1,"reason":"MACD死叉+EMA5/VWAP8死叉+EMA5/EMA15死叉(强信号)"}
{"level":"INFO","time":"2025-12-05T16:11:00.762Z","caller":"strategy/adapter.go:149","msg":"Order placed","order_id":"ETHUSDT_1764951060","side":"SELL","type":"MARKET","quantity":0.034,"price":0,"status":"NEW"}
{"level":"INFO","time":"2025-12-05T16:11:00.998Z","caller":"strategy/adapter.go:195","msg":"Position update","side":"LONG","size":4.256,"entry_price":3120.321045584,"current_price":3060.0795155,"unrealized_pnl":256.38795202,"pnl_percent":1.9306196125281208}
{"level":"INFO","time":"2025-12-05T16:12:00.144Z","caller":"strategy/adapter.go:61","msg":"Kline received","open_time":"2025-12-05T16:11:00.000Z","open":3059.35,"high":3068.55,"low":3055.01,"close":3065.92,"volume":21340.469}
{"level":"INFO","time":"2025-12-05T16:12:00.144Z","caller":"strategy/adapter.go:86","msg":"Signal generated","signal_type":"OPEN_SHORT","price":3065.92,"confidence":1,"reason":"MACD死叉+EMA5/VWAP8死叉+EMA5/EMA15死叉(强信号)"}
{"level":"INFO","time":"2025-12-05T16:12:00.994Z","caller":"strategy/adapter.go:149","msg":"Order placed","order_id":"ETHUSDT_1764951120","side":"SELL","type":"MARKET","quantity":0.032,"price":0,"status":"NEW"}
{"level":"INFO","time":"2025-12-05T16:12:01.545Z","caller":"strategy/adapter.go:163","msg":"Order filled","order_id":"go_1764951120660089936","avg_price":3063.88219}
{"level":"INFO","time":"2025-12-05T16:12:02.247Z","caller":"strategy/adapter.go:195","msg":"Position update","side":"LONG","size":4.288,"entry_price":3119.899860076,"current_price":3065.92,"unrealized_pnl":231.46563998,"pnl_percent":1.7301792522484278}
{"level":"INFO","time":"2025-12-05T16:13:00.084Z","caller":"strategy/adapter.go:61","msg":"Kline received","open_time":"2025-12-05T16:12:00.000Z","open":3065.92,"high":3067.6,"low":3060,"close":3061.28,"volume":8138.592}
{"level":"INFO","time":"2025-12-05T16:13:00.084Z","caller":"strategy/adapter.go:86","msg":"Signal generated","signal_type":"OPEN_SHORT","price":3061.28,"confidence":1,"reason":"MACD死叉+EMA5/VWAP8死叉+EMA5/EMA15死叉(强信号)"}
{"level":"INFO","time":"2025-12-05T16:13:00.497Z","caller":"strategy/adapter.go:149","msg":"Order placed","order_id":"ETHUSDT_1764951180","side":"SELL","type":"MARKET","quantity":0.031,"price":0,"status":"NEW"}
{"level":"INFO","time":"2025-12-05T16:13:00.595Z","caller":"strategy/adapter.go:163","msg":"Order filled","order_id":"go_1764951180273072998","avg_price":3062.47226}
{"level":"INFO","time":"2025-12-05T16:13:00.709Z","caller":"strategy/adapter.go:195","msg":"Position update","side":"LONG","size":4.319,"entry_price":3119.487668443,"current_price":3061.27734496,"unrealized_pnl":251.41038711,"pnl_percent":1.8660219134325404}
{"level":"INFO","time":"2025-12-05T16:14:00.161Z","caller":"strategy/adapter.go:61","msg":"Kline received","open_time":"2025-12-05T16:13:00.000Z","open":3061.29,"high":3065.6,"low":3058.64,"close":3061.46,"volume":11296.294}
{"level":"INFO","time":"2025-12-05T16:14:00.161Z","caller":"strategy/adapter.go:86","msg":"Signal generated","signal_type":"OPEN_SHORT","price":3061.46,"confidence":1,"reason":"MACD死叉+EMA5/VWAP8死叉+EMA5/EMA15死叉(强信号)"}
{"level":"INFO","time":"2025-12-05T16:14:01.354Z","caller":"strategy/adapter.go:149","msg":"Order placed","order_id":"ETHUSDT_1764951241","side":"SELL","type":"MARKET","quantity":0.029,"price":0,"status":"NEW"}
{"level":"INFO","time":"2025-12-05T16:14:01.447Z","caller":"strategy/adapter.go:163","msg":"Order filled","order_id":"go_1764951240930474915","avg_price":3060.01241}
{"level":"INFO","time":"2025-12-05T16:14:01.572Z","caller":"strategy/adapter.go:195","msg":"Position update","side":"LONG","size":4.348,"entry_price":3119.090984362,"current_price":3061.47,"unrealized_pnl":250.53603999,"pnl_percent":1.8473646535871042}
{"level":"INFO","time":"2025-12-05T16:15:00.086Z","caller":"strategy/adapter.go:61","msg":"Kline received","open_time":"2025-12-05T16:14:00.000Z","open":3061.46,"high":3062.77,"low":3051,"close":3059.48,"volume":23891.319}
{"level":"INFO","time":"2025-12-05T16:15:00.086Z","caller":"strategy/adapter.go:86","msg":"Signal generated","signal_type":"OPEN_SHORT","price":3059.48,"confidence":1,"reason":"MACD死叉+EMA5/VWAP8死叉+EMA5/EMA15死叉(强信号)"}
{"level":"INFO","time":"2025-12-05T16:15:00.682Z","caller":"strategy/adapter.go:149","msg":"Order placed","order_id":"ETHUSDT_1764951300","side":"SELL","type":"MARKET","quantity":0.028,"price":0,"status":"NEW"}
{"level":"INFO","time":"2025-12-05T16:15:00.826Z","caller":"strategy/adapter.go:163","msg":"Order filled","order_id":"go_1764951300418740914","avg_price":3059.52}
{"level":"INFO","time":"2025-12-05T16:15:01.032Z","caller":"strategy/adapter.go:195","msg":"Position update","side":"LONG","size":4.376,"entry_price":3118.709817186,"current_price":3059.77,"unrealized_pnl":257.92063997,"pnl_percent":1.8898782071032536}
{"level":"INFO","time":"2025-12-05T16:16:00.610Z","caller":"strategy/adapter.go:61","msg":"Kline received","open_time":"2025-12-05T16:15:00.000Z","open":3059.48,"high":3060,"low":3053.2,"close":3058.61,"volume":11500.936}
{"level":"INFO","time":"2025-12-05T16:16:00.610Z","caller":"strategy/adapter.go:86","msg":"Signal generated","signal_type":"OPEN_SHORT","price":3058.61,"confidence":1,"reason":"MACD死叉+EMA5/VWAP8死叉+EMA5/EMA15死叉(强信号)"}
{"level":"INFO","time":"2025-12-05T16:16:01.211Z","caller":"strategy/adapter.go:149","msg":"Order placed","order_id":"ETHUSDT_1764951361","side":"SELL","type":"MARKET","quantity":0.026,"price":0,"status":"NEW"}
{"level":"INFO","time":"2025-12-05T16:16:01.309Z","caller":"strategy/adapter.go:163","msg":"Order filled","order_id":"go_1764951360914932596","avg_price":3058.87269}
{"level":"INFO","time":"2025-12-05T16:16:01.538Z","caller":"strategy/adapter.go:195","msg":"Position update","side":"LONG","size":4.402,"entry_price":3118.356394822,"current_price":3058.2114375,"unrealized_pnl":264.75810212,"pnl_percent":1.9287390440448173}
{"level":"INFO","time":"2025-12-05T16:17:00.097Z","caller":"strategy/adapter.go:61","msg":"Kline received","open_time":"2025-12-05T16:16:00.000Z","open":3058.6,"high":3061.41,"low":3048.8,"close":3050.5,"volume":18482.902}
{"level":"INFO","time":"2025-12-05T16:17:00.097Z","caller":"strategy/adapter.go:86","msg":"Signal generated","signal_type":"OPEN_SHORT","price":3050.5,"confidence":1,"reason":"MACD死叉+EMA5/VWAP8死叉+EMA5/EMA15死叉(强信号)"}
{"level":"INFO","time":"2025-12-05T16:17:00.762Z","caller":"strategy/adapter.go:149","msg":"Order placed","order_id":"ETHUSDT_1764951420","side":"SELL","type":"MARKET","quantity":0.025,"price":0,"status":"NEW"}
{"level":"INFO","time":"2025-12-05T16:17:00.859Z","caller":"strategy/adapter.go:163","msg":"Order filled","order_id":"go_1764951420432584630","avg_price":3057.55}
{"level":"INFO","time":"2025-12-05T16:17:00.979Z","caller":"strategy/adapter.go:195","msg":"Position update","side":"LONG","size":4.427,"entry_price":3118.01301107,"current_price":3050.56816667,"unrealized_pnl":298.57832615,"pnl_percent":2.163071294396791}
{"level":"INFO","time":"2025-12-05T16:18:00.348Z","caller":"strategy/adapter.go:61","msg":"Kline received","open_time":"2025-12-05T16:17:00.000Z","open":3050.5,"high":3056.88,"low":3044.5,"close":3054.46,"volume":22630.925}
{"level":"INFO","time":"2025-12-05T16:18:00.348Z","caller":"strategy/adapter.go:86","msg":"Signal generated","signal_type":"OPEN_SHORT","price":3054.46,"confidence":1,"reason":"MACD死叉+EMA5/VWAP8死叉+EMA5/EMA15死叉(强信号)"}
{"level":"INFO","time":"2025-12-05T16:18:01.330Z","caller":"strategy/adapter.go:149","msg":"Order placed","order_id":"ETHUSDT_1764951481","side":"SELL","type":"MARKET","quantity":0.024,"price":0,"status":"NEW"}
{"level":"INFO","time":"2025-12-05T16:18:01.417Z","caller":"strategy/adapter.go:163","msg":"Order filled","order_id":"go_1764951481160027384","avg_price":3054.46}
{"level":"INFO","time":"2025-12-05T16:18:02.270Z","caller":"strategy/adapter.go:195","msg":"Position update","side":"LONG","size":4.451,"entry_price":3117.670330264,"current_price":3054.84198964,"unrealized_pnl":279.64894409,"pnl_percent":2.0152336187681033}
{"level":"INFO","time":"2025-12-05T16:19:00.116Z","caller":"strategy/adapter.go:61","msg":"Kline received","open_time":"2025-12-05T16:18:00.000Z","open":3054.45,"high":3071.23,"low":3054.45,"close":3068.23,"volume":35236.128}
{"level":"INFO","time":"2025-12-05T16:19:00.116Z","caller":"strategy/adapter.go:86","msg":"Signal generated","signal_type":"OPEN_SHORT","price":3068.23,"confidence":1,"reason":"MACD死叉+EMA5/VWAP8死叉+EMA5/EMA15死叉(强信号)"}
{"level":"INFO","time":"2025-12-05T16:19:00.952Z","caller":"strategy/adapter.go:149","msg":"Order placed","order_id":"ETHUSDT_1764951540","side":"SELL","type":"MARKET","quantity":0.023,"price":0,"status":"NEW"}
{"level":"INFO","time":"2025-12-05T16:19:01.342Z","caller":"strategy/adapter.go:163","msg":"Order filled","order_id":"go_1764951540377942583","avg_price":3054.29}
{"level":"INFO","time":"2025-12-05T16:19:02.102Z","caller":"strategy/adapter.go:195","msg":"Position update","side":"LONG","size":4.474,"entry_price":3117.344503801,"current_price":3069.78978876,"unrealized_pnl":212.75979508,"pnl_percent":1.525487958742241}
{"level":"INFO","time":"2025-12-05T16:20:00.091Z","caller":"strategy/adapter.go:61","msg":"Kline received","open_time":"2025-12-05T16:19:00.000Z","open":3068.23,"high":3072.83,"low":3064.43,"close":3064.44,"volume":20502.822}
{"level":"INFO","time":"2025-12-05T16:20:00.091Z","caller":"strategy/adapter.go:86","msg":"Signal generated","signal_type":"OPEN_LONG","price":3064.44,"confidence":1,"reason":"MACD金叉+EMA5/VWAP8金叉"}
{"level":"ERROR","time":"2025-12-05T16:20:00.776Z","caller":"strategy/adapter.go:109","msg":"Execute order failed","symbol":"ETHUSDT","error":"risk check failed: invalid leverage: 0"}
{"level":"INFO","time":"2025-12-05T16:20:00.918Z","caller":"strategy/adapter.go:149","msg":"Order placed","order_id":"ETHUSDT_1764951600","side":"BUY","type":"MARKET","quantity":0.021,"price":0,"status":"NEW"}
{"level":"INFO","time":"2025-12-05T16:20:01.012Z","caller":"strategy/adapter.go:163","msg":"Order filled","order_id":"go_1764951600776907394","avg_price":3071.04}
{"level":"INFO","time":"2025-12-05T16:20:01.709Z","caller":"strategy/adapter.go:195","msg":"Position update","side":"LONG","size":4.453,"entry_price":3117.344503801,"current_price":3065.55868653,"unrealized_pnl":230.6022443,"pnl_percent":1.661215730443455}
{"level":"INFO","time":"2025-12-05T16:21:00.210Z","caller":"strategy/adapter.go:61","msg":"Kline received","open_time":"2025-12-05T16:20:00.000Z","open":3064.44,"high":3069.91,"low":3061.89,"close":3067.63,"volume":12320.872}
{"level":"INFO","time":"2025-12-05T16:21:00.210Z","caller":"strategy/adapter.go:86","msg":"Signal generated","signal_type":"OPEN_LONG","price":3067.63,"confidence":1,"reason":"MACD金叉+EMA5/VWAP8金叉"}
{"level":"ERROR","time":"2025-12-05T16:21:00.402Z","caller":"strategy/adapter.go:109","msg":"Execute order failed","symbol":"ETHUSDT","error":"risk check failed: invalid leverage: 0"}
{"level":"INFO","time":"2025-12-05T16:21:00.502Z","caller":"strategy/adapter.go:149","msg":"Order placed","order_id":"ETHUSDT_1764951660","side":"BUY","type":"MARKET","quantity":0.023,"price":0,"status":"NEW"}
{"level":"INFO","time":"2025-12-05T16:21:00.619Z","caller":"strategy/adapter.go:163","msg":"Order filled","order_id":"go_1764951660402370631","avg_price":3071.04}
{"level":"INFO","time":"2025-12-05T16:21:00.888Z","caller":"strategy/adapter.go:195","msg":"Position update","side":"LONG","size":4.43,"entry_price":3117.344503801,"current_price":3067.44,"unrealized_pnl":221.07695183,"pnl_percent":1.6008658567652105}
{"level":"INFO","time":"2025-12-05T16:22:00.559Z","caller":"strategy/adapter.go:61","msg":"Kline received","open_time":"2025-12-05T16:21:00.000Z","open":3067.63,"high":3070.63,"low":3064.26,"close":3064.48,"volume":12730.085}
{"level":"INFO","time":"2025-12-05T16:22:00.559Z","caller":"strategy/adapter.go:86","msg":"Signal generated","signal_type":"OPEN_LONG","price":3064.48,"confidence":1,"reason":"MACD金叉+EMA5/VWAP8金叉"}
{"level":"ERROR","time":"2025-12-05T16:22:00.668Z","caller":"strategy/adapter.go:109","msg":"Execute order failed","symbol":"ETHUSDT","error":"risk check failed: invalid leverage: 0"}
{"level":"INFO","time":"2025-12-05T16:22:00.774Z","caller":"strategy/adapter.go:149","msg":"Order placed","order_id":"ETHUSDT_1764951720","side":"BUY","type":"MARKET","quantity":0.024,"price":0,"status":"NEW"}
{"level":"INFO","time":"2025-12-05T16:22:00.898Z","caller":"strategy/adapter.go:163","msg":"Order filled","order_id":"go_1764951720668115514","avg_price":3071.04}
{"level":"INFO","time":"2025-12-05T16:22:01.091Z","caller":"strategy/adapter.go:195","msg":"Position update","side":"LONG","size":4.406,"entry_price":3117.344503801,"current_price":3066.24168605,"unrealized_pnl":225.159015,"pnl_percent":1.6393060724028006}
{"level":"INFO","time":"2025-12-05T16:23:00.151Z","caller":"strategy/adapter.go:61","msg":"Kline received","open_time":"2025-12-05T16:22:00.000Z","open":3064.48,"high":3078,"low":3063.87,"close":3071.82,"volume":18405.671}
{"level":"INFO","time":"2025-12-05T16:23:00.151Z","caller":"strategy/adapter.go:86","msg":"Signal generated","signal_type":"OPEN_LONG","price":3071.82,"confidence":1,"reason":"MACD金叉+EMA5/VWAP8金叉"}
{"level":"ERROR","time":"2025-12-05T16:23:00.256Z","caller":"strategy/adapter.go:109","msg":"Execute order failed","symbol":"ETHUSDT","error":"risk check failed: invalid leverage: 0"}
{"level":"INFO","time":"2025-12-05T16:23:00.367Z","caller":"strategy/adapter.go:149","msg":"Order placed","order_id":"ETHUSDT_1764951780","side":"BUY","type":"MARKET","quantity":0.025,"price":0,"status":"NEW"}
{"level":"INFO","time":"2025-12-05T16:23:00.460Z","caller":"strategy/adapter.go:163","msg":"Order filled","order_id":"go_1764951780256513643","avg_price":3071.0372}
{"level":"INFO","time":"2025-12-05T16:23:00.623Z","caller":"strategy/adapter.go:195","msg":"Position update","side":"LONG","size":4.381,"entry_price":3117.344503801,"current_price":3073.05996124,"unrealized_pnl":194.01058095,"pnl_percent":1.4205854535737092}
{"level":"INFO","time":"2025-12-05T16:24:00.317Z","caller":"strategy/adapter.go:61","msg":"Kline received","open_time":"2025-12-05T16:23:00.000Z","open":3071.81,"high":3071.82,"low":3064.68,"close":3065.45,"volume":8887.585}
{"level":"INFO","time":"2025-12-05T16:24:00.317Z","caller":"strategy/adapter.go:86","msg":"Signal generated","signal_type":"OPEN_LONG","price":3065.45,"confidence":1,"reason":"MACD金叉+EMA5/VWAP8金叉"}
{"level":"ERROR","time":"2025-12-05T16:24:00.731Z","caller":"strategy/adapter.go:109","msg":"Execute order failed","symbol":"ETHUSDT","error":"risk check failed: invalid leverage: 0"}
{"level":"INFO","time":"2025-12-05T16:24:00.916Z","caller":"strategy/adapter.go:149","msg":"Order placed","order_id":"ETHUSDT_1764951840","side":"BUY","type":"MARKET","quantity":0.027,"price":0,"status":"NEW"}
{"level":"INFO","time":"2025-12-05T16:24:01.016Z","caller":"strategy/adapter.go:163","msg":"Order filled","order_id":"go_1764951840731167255","avg_price":3070.03}
{"level":"INFO","time":"2025-12-05T16:24:01.317Z","caller":"strategy/adapter.go:195","msg":"Position update","side":"LONG","size":4.354,"entry_price":3117.344503801,"current_price":3065.61517442,"unrealized_pnl":225.22950012,"pnl_percent":1.6594036788942204}
{"level":"INFO","time":"2025-12-05T16:25:00.129Z","caller":"strategy/adapter.go:61","msg":"Kline received","open_time":"2025-12-05T16:24:00.000Z","open":3065.44,"high":3065.64,"low":3062,"close":3064.21,"volume":6769.047}
{"level":"INFO","time":"2025-12-05T16:25:00.129Z","caller":"strategy/adapter.go:86","msg":"Signal generated","signal_type":"OPEN_LONG","price":3064.21,"confidence":1,"reason":"MACD金叉+EMA5/VWAP8金叉"}
{"level":"ERROR","time":"2025-12-05T16:25:00.422Z","caller":"strategy/adapter.go:109","msg":"Execute order failed","symbol":"ETHUSDT","error":"risk check failed: invalid leverage: 0"}
{"level":"INFO","time":"2025-12-05T16:25:00.515Z","caller":"strategy/adapter.go:149","msg":"Order placed","order_id":"ETHUSDT_1764951900","side":"BUY","type":"MARKET","quantity":0.028,"price":0,"status":"NEW"}
{"level":"INFO","time":"2025-12-05T16:25:00.637Z","caller":"strategy/adapter.go:163","msg":"Order filled","order_id":"go_1764951900422853837","avg_price":3071.01}
{"level":"INFO","time":"2025-12-05T16:25:00.784Z","caller":"strategy/adapter.go:195","msg":"Position update","side":"LONG","size":4.326,"entry_price":3117.344503801,"current_price":3064.49,"unrealized_pnl":228.64858343,"pnl_percent":1.6954976818737848}
{"level":"INFO","time":"2025-12-05T16:26:00.078Z","caller":"strategy/adapter.go:61","msg":"Kline received","open_time":"2025-12-05T16:25:00.000Z","open":3064.21,"high":3074.34,"low":3064.21,"close":3070.14,"volume":7159.691}
{"level":"INFO","time":"2025-12-05T16:27:00.297Z","caller":"strategy/adapter.go:61","msg":"Kline received","open_time":"2025-12-05T16:26:00.000Z","open":3070.14,"high":3072,"low":3067.57,"close":3071.29,"volume":5573.406}
{"level":"INFO","time":"2025-12-05T16:27:00.297Z","caller":"strategy/adapter.go:86","msg":"Signal generated","signal_type":"OPEN_LONG","price":3071.29,"confidence":1,"reason":"MACD金叉+EMA5/VWAP8金叉+EMA5/EMA15金叉(强信号)"}
{"level":"ERROR","time":"2025-12-05T16:27:01.006Z","caller":"strategy/adapter.go:109","msg":"Execute order failed","symbol":"ETHUSDT","error":"risk check failed: invalid leverage: 0"}
{"level":"INFO","time":"2025-12-05T16:27:01.423Z","caller":"strategy/adapter.go:149","msg":"Order placed","order_id":"ETHUSDT_1764952021","side":"BUY","type":"MARKET","quantity":0.029,"price":0,"status":"NEW"}
{"level":"INFO","time":"2025-12-05T16:27:01.508Z","caller":"strategy/adapter.go:163","msg":"Order filled","order_id":"go_1764952021006478228","avg_price":3071.14}
{"level":"INFO","time":"2025-12-05T16:27:01.824Z","caller":"strategy/adapter.go:195","msg":"Position update","side":"LONG","size":4.297,"entry_price":3117.344503801,"current_price":3070.9694186,"unrealized_pnl":199.2737411,"pnl_percent":1.4876471029246388}
{"level":"INFO","time":"2025-12-05T16:28:00.167Z","caller":"strategy/adapter.go:61","msg":"Kline received","open_time":"2025-12-05T16:27:00.000Z","open":3071.28,"high":3071.73,"low":3066.28,"close":3066.29,"volume":3808.047}
{"level":"INFO","time":"2025-12-05T16:29:00.087Z","caller":"strategy/adapter.go:61","msg":"Kline received","open_time":"2025-12-05T16:28:00.000Z","open":3066.28,"high":3070.92,"low":3063.25,"close":3065.05,"volume":7443.781}
{"level":"INFO","time":"2025-12-05T16:30:00.099Z","caller":"strategy/adapter.go:61","msg":"Kline received","open_time":"2025-12-05T16:29:00.000Z","open":3065.06,"high":3065.31,"low":3060.15,"close":3060.15,"volume":6559.408}
{"level":"INFO","time":"2025-12-05T16:31:00.125Z","caller":"strategy/adapter.go:61","msg":"Kline received","open_time":"2025-12-05T16:30:00.000Z","open":3060.16,"high":3061.61,"low":3058.52,"close":3060.46,"volume":8504.925}
{"level":"INFO","time":"2025-12-05T16:32:00.097Z","caller":"strategy/adapter.go:61","msg":"Kline received","open_time":"2025-12-05T16:31:00.000Z","open":3060.45,"high":3060.54,"low":3055,"close":3055.01,"volume":6584.564}
{"level":"INFO","time":"2025-12-05T16:33:00.088Z","caller":"strategy/adapter.go:61","msg":"Kline received","open_time":"2025-12-05T16:32:00.000Z","open":3055,"high":3055.82,"low":3043.01,"close":3044.76,"volume":20924.602}
{"level":"INFO","time":"2025-12-05T16:34:00.110Z","caller":"strategy/adapter.go:61","msg":"Kline received","open_time":"2025-12-05T16:33:00.000Z","open":3044.76,"high":3054.76,"low":3043.97,"close":3052.6,"volume":11121.356}
{"level":"INFO","time":"2025-12-05T16:35:00.233Z","caller":"strategy/adapter.go:61","msg":"Kline received","open_time":"2025-12-05T16:34:00.000Z","open":3052.59,"high":3053.46,"low":3033,"close":3042.34,"volume":34461.626}
{"level":"INFO","time":"2025-12-05T16:36:00.250Z","caller":"strategy/adapter.go:61","msg":"Kline received","open_time":"2025-12-05T16:35:00.000Z","open":3042.34,"high":3047.62,"low":3042.15,"close":3044.55,"volume":8630.604}
{"level":"INFO","time":"2025-12-05T16:36:00.250Z","caller":"strategy/adapter.go:86","msg":"Signal generated","signal_type":"OPEN_SHORT","price":3044.55,"confidence":1,"reason":"MACD死叉+EMA5/VWAP8死叉+EMA5/EMA15死叉(强信号)"}
{"level":"INFO","time":"2025-12-05T16:36:01.092Z","caller":"strategy/adapter.go:149","msg":"Order placed","order_id":"ETHUSDT_1764952561","side":"SELL","type":"MARKET","quantity":0.031,"price":0,"status":"NEW"}
{"level":"INFO","time":"2025-12-05T16:36:01.243Z","caller":"strategy/adapter.go:163","msg":"Order filled","order_id":"go_1764952560954964261","avg_price":3045.83226}
{"level":"INFO","time":"2025-12-05T16:36:01.672Z","caller":"strategy/adapter.go:195","msg":"Position update","side":"LONG","size":4.328,"entry_price":3116.832285774,"current_price":3044.98,"unrealized_pnl":310.97669281,"pnl_percent":2.30529843063293}
{"level":"INFO","time":"2025-12-05T16:37:00.415Z","caller":"strategy/adapter.go:61","msg":"Kline received","open_time":"2025-12-05T16:36:00.000Z","open":3044.56,"high":3044.99,"low":3030,"close":3032.47,"volume":26759.6}
{"level":"INFO","time":"2025-12-05T16:37:00.415Z","caller":"strategy/adapter.go:86","msg":"Signal generated","signal_type":"OPEN_SHORT","price":3032.47,"confidence":1,"reason":"MACD死叉+EMA5/VWAP8死叉+EMA5/EMA15死叉(强信号)"}
{"level":"INFO","time":"2025-12-05T16:37:00.728Z","caller":"strategy/adapter.go:149","msg":"Order placed","order_id":"ETHUSDT_1764952620","side":"SELL","type":"MARKET","quantity":0.03,"price":0,"status":"NEW"}
{"level":"INFO","time":"2025-12-05T16:37:01.111Z","caller":"strategy/adapter.go:163","msg":"Order filled","order_id":"go_1764952620594769615","avg_price":3033.63233}
{"level":"INFO","time":"2025-12-05T16:37:01.612Z","caller":"strategy/adapter.go:195","msg":"Position update","side":"LONG","size":4.358,"entry_price":3116.259546312,"current_price":3032.31,"unrealized_pnl":365.85212281,"pnl_percent":2.6939202290544513}
{"level":"INFO","time":"2025-12-05T16:38:00.352Z","caller":"strategy/adapter.go:61","msg":"Kline received","open_time":"2025-12-05T16:37:00.000Z","open":3032.48,"high":3036.18,"low":3030,"close":3033.1,"volume":13006.79}
{"level":"INFO","time":"2025-12-05T16:38:00.352Z","caller":"strategy/adapter.go:86","msg":"Signal generated","signal_type":"OPEN_SHORT","price":3033.1,"confidence":1,"reason":"MACD死叉+EMA5/VWAP8死叉+EMA5/EMA15死叉(强信号)"}
{"level":"INFO","time":"2025-12-05T16:38:01.068Z","caller":"strategy/adapter.go:149","msg":"Order placed","order_id":"ETHUSDT_1764952681","side":"SELL","type":"MARKET","quantity":0.028,"price":0,"status":"NEW"}
{"level":"INFO","time":"2025-12-05T16:38:01.167Z","caller":"strategy/adapter.go:163","msg":"Order filled","order_id":"go_1764952680673375352","avg_price":3032.6225}
{"level":"INFO","time":"2025-12-05T16:38:01.408Z","caller":"strategy/adapter.go:195","msg":"Position update","side":"LONG","size":4.386,"entry_price":3115.72561168,"current_price":3033.4,"unrealized_pnl":361.08013282,"pnl_percent":2.6422612880110643}
{"level":"INFO","time":"2025-12-05T16:39:00.106Z","caller":"strategy/adapter.go:61","msg":"Kline received","open_time":"2025-12-05T16:38:00.000Z","open":3033.1,"high":3034.82,"low":3031,"close":3031.98,"volume":6873.75}
{"level":"INFO","time":"2025-12-05T16:39:00.106Z","caller":"strategy/adapter.go:86","msg":"Signal generated","signal_type":"OPEN_SHORT","price":3031.98,"confidence":1,"reason":"MACD死叉+EMA5/VWAP8死叉+EMA5/EMA15死叉(强信号)"}
{"level":"INFO","time":"2025-12-05T16:39:00.487Z","caller":"strategy/adapter.go:149","msg":"Order placed","order_id":"ETHUSDT_1764952740","side":"SELL","type":"MARKET","quantity":0.027,"price":0,"status":"NEW"}
{"level":"INFO","time":"2025-12-05T16:39:00.591Z","caller":"strategy/adapter.go:163","msg":"Order filled","order_id":"go_1764952740339214676","avg_price":3033.31}
{"level":"INFO","time":"2025-12-05T16:39:00.713Z","caller":"strategy/adapter.go:195","msg":"Position update","side":"LONG","size":4.413,"entry_price":3115.221369325,"current_price":3032.2075,"unrealized_pnl":366.3402053,"pnl_percent":2.6647823533616677}
{"level":"INFO","time":"2025-12-05T16:40:00.482Z","caller":"strategy/adapter.go:61","msg":"Kline received","open_time":"2025-12-05T16:39:00.000Z","open":3031.98,"high":3034.64,"low":3022.68,"close":3030.21,"volume":27292.863}
{"level":"INFO","time":"2025-12-05T16:40:00.482Z","caller":"strategy/adapter.go:86","msg":"Signal generated","signal_type":"OPEN_SHORT","price":3030.21,"confidence":1,"reason":"MACD死叉+EMA5/VWAP8死叉+EMA5/EMA15死叉(强信号)"}
{"level":"INFO","time":"2025-12-05T16:40:01.375Z","caller":"strategy/adapter.go:149","msg":"Order placed","order_id":"ETHUSDT_1764952801","side":"SELL","type":"MARKET","quantity":0.026,"price":0,"status":"NEW"}
{"level":"INFO","time":"2025-12-05T16:40:01.471Z","caller":"strategy/adapter.go:163","msg":"Order filled","order_id":"go_1764952801058548090","avg_price":3032.48269}
{"level":"INFO","time":"2025-12-05T16:40:01.685Z","caller":"strategy/adapter.go:195","msg":"Position update","side":"LONG","size":4.439,"entry_price":3114.736754411,"current_price":3029.85,"unrealized_pnl":376.81230282,"pnl_percent":2.7253267644026877}
{"level":"INFO","time":"2025-12-05T16:41:00.102Z","caller":"strategy/adapter.go:61","msg":"Kline received","open_time":"2025-12-05T16:40:00.000Z","open":3030.2,"high":3030.2,"low":3013.04,"close":3016.52,"volume":29275.183}
{"level":"INFO","time":"2025-12-05T16:41:00.102Z","caller":"strategy/adapter.go:86","msg":"Signal generated","signal_type":"OPEN_SHORT","price":3016.52,"confidence":1,"reason":"MACD死叉+EMA5/VWAP8死叉+EMA5/EMA15死叉(强信号)"}
{"level":"INFO","time":"2025-12-05T16:41:00.557Z","caller":"strategy/adapter.go:149","msg":"Order placed","order_id":"ETHUSDT_1764952860","side":"SELL","type":"MARKET","quantity":0.024,"price":0,"status":"NEW"}
{"level":"INFO","time":"2025-12-05T16:41:00.651Z","caller":"strategy/adapter.go:163","msg":"Order filled","order_id":"go_1764952860458589339","avg_price":3023.60292}
{"level":"INFO","time":"2025-12-05T16:41:00.878Z","caller":"strategy/adapter.go:195","msg":"Position update","side":"LONG","size":4.463,"entry_price":3114.246677757,"current_price":3016.36,"unrealized_pnl":436.86824279,"pnl_percent":3.1431896017515606}
{"level":"INFO","time":"2025-12-05T16:42:00.125Z","caller":"strategy/adapter.go:61","msg":"Kline received","open_time":"2025-12-05T16:41:00.000Z","open":3016.51,"high":3020.58,"low":3010.66,"close":3012.71,"volume":20130.412}
{"level":"INFO","time":"2025-12-05T16:42:00.125Z","caller":"strategy/adapter.go:86","msg":"Signal generated","signal_type":"OPEN_SHORT","price":3012.71,"confidence":1,"reason":"MACD死叉+EMA5/VWAP8死叉+EMA5/EMA15死叉(强信号)"}
{"level":"INFO","time":"2025-12-05T16:42:02.149Z","caller":"strategy/adapter.go:149","msg":"Order placed","order_id":"ETHUSDT_1764952922","side":"SELL","type":"MARKET","quantity":0.023,"price":0,"status":"NEW"}
{"level":"INFO","time":"2025-12-05T16:42:02.413Z","caller":"strategy/adapter.go:163","msg":"Order filled","order_id":"go_1764952920736939080","avg_price":3015.13304}
{"level":"INFO","time":"2025-12-05T16:42:03.229Z","caller":"strategy/adapter.go:195","msg":"Position update","side":"LONG","size":4.486,"entry_price":3113.738516012,"current_price":3012.5,"unrealized_pnl":454.15598282,"pnl_percent":3.251349318165358}
{"level":"INFO","time":"2025-12-05T16:43:00.999Z","caller":"strategy/adapter.go:61","msg":"Kline received","open_time":"2025-12-05T16:42:00.000Z","open":3012.72,"high":3012.72,"low":2996.92,"close":3010.05,"volume":55963.72}
{"level":"INFO","time":"2025-12-05T16:43:00.999Z","caller":"strategy/adapter.go:86","msg":"Signal generated","signal_type":"OPEN_SHORT","price":3010.05,"confidence":1,"reason":"MACD死叉+EMA5/VWAP8死叉+EMA5/EMA15死叉(强信号)"}
{"level":"INFO","time":"2025-12-05T16:43:01.488Z","caller":"strategy/adapter.go:149","msg":"Order placed","order_id":"ETHUSDT_1764952981","side":"SELL","type":"MARKET","quantity":0.022,"price":0,"status":"NEW"}
{"level":"INFO","time":"2025-12-05T16:43:01.633Z","caller":"strategy/adapter.go:163","msg":"Order filled","order_id":"go_1764952981346420553","avg_price":3012.09318}
{"level":"INFO","time":"2025-12-05T16:43:01.752Z","caller":"strategy/adapter.go:195","msg":"Position update","side":"LONG","size":4.508,"entry_price":3113.242465135,"current_price":3009.89,"unrealized_pnl":465.9129128,"pnl_percent":3.3197692208717338}
{"level":"INFO","time":"2025-12-05T16:44:00.157Z","caller":"strategy/adapter.go:61","msg":"Kline received","open_time":"2025-12-05T16:43:00.000Z","open":3010.06,"high":3018.95,"low":3009.25,"close":3012.29,"volume":19409.714}
{"level":"INFO","time":"2025-12-05T16:44:00.157Z","caller":"strategy/adapter.go:86","msg":"Signal generated","signal_type":"OPEN_SHORT","price":3012.29,"confidence":1,"reason":"MACD死叉+EMA5/VWAP8死叉+EMA5/EMA15死叉(强信号)"}
{"level":"INFO","time":"2025-12-05T16:44:00.490Z","caller":"strategy/adapter.go:149","msg":"Order placed","order_id":"ETHUSDT_1764953040","side":"SELL","type":"MARKET","quantity":0.021,"price":0,"status":"NEW"}
{"level":"INFO","time":"2025-12-05T16:44:00.780Z","caller":"strategy/adapter.go:163","msg":"Order filled","order_id":"go_1764953040366062348","avg_price":3014.61}
{"level":"INFO","time":"2025-12-05T16:44:01.327Z","caller":"strategy/adapter.go:195","msg":"Position update","side":"LONG","size":4.529,"entry_price":3112.785127584,"current_price":3013.87556202,"unrealized_pnl":447.96142242,"pnl_percent":3.1775262829174227}
{"level":"INFO","time":"2025-12-05T16:45:00.111Z","caller":"strategy/adapter.go:61","msg":"Kline received","open_time":"2025-12-05T16:44:00.000Z","open":3012.29,"high":3017.42,"low":3003.52,"close":3014.19,"volume":18938.54}
{"level":"INFO","time":"2025-12-05T16:45:00.111Z","caller":"strategy/adapter.go:86","msg":"Signal generated","signal_type":"OPEN_SHORT","price":3014.19,"confidence":1,"reason":"MACD死叉+EMA5/VWAP8死叉+EMA5/EMA15死叉(强信号)"}
{"level":"INFO","time":"2025-12-05T16:45:00.445Z","caller":"strategy/adapter.go:149","msg":"Order placed","order_id":"ETHUSDT_1764953100","side":"SELL","type":"MARKET","quantity":0.02,"price":0,"status":"NEW"}
{"level":"INFO","time":"2025-12-05T16:45:01.011Z","caller":"strategy/adapter.go:195","msg":"Position update","side":"LONG","size":4.549,"entry_price":3112.340715065,"current_price":3014.12,"unrealized_pnl":446.8060328,"pnl_percent":3.155847127624112}
{"level":"INFO","time":"2025-12-05T16:46:00.077Z","caller":"strategy/adapter.go:61","msg":"Kline received","open_time":"2025-12-05T16:45:00.000Z","open":3014.19,"high":3020.01,"low":3013.09,"close":3020.01,"volume":18773.613}
{"level":"INFO","time":"2025-12-05T16:47:00.143Z","caller":"strategy/adapter.go:61","msg":"Kline received","open_time":"2025-12-05T16:46:00.000Z","open":3020.01,"high":3020.01,"low":3011.16,"close":3013.92,"volume":14693.049}
{"level":"INFO","time":"2025-12-05T16:48:00.101Z","caller":"strategy/adapter.go:61","msg":"Kline received","open_time":"2025-12-05T16:47:00.000Z","open":3013.91,"high":3022.71,"low":3013.14,"close":3014.85,"volume":15925.709}
{"level":"INFO","time":"2025-12-05T16:49:00.120Z","caller":"strategy/adapter.go:61","msg":"Kline received","open_time":"2025-12-05T16:48:00.000Z","open":3014.84,"high":3017.45,"low":3007.41,"close":3009.9,"volume":13225.766}
{"level":"INFO","time":"2025-12-05T16:50:00.203Z","caller":"strategy/adapter.go:61","msg":"Kline received","open_time":"2025-12-05T16:49:00.000Z","open":3009.89,"high":3010.28,"low":3003.5,"close":3006.17,"volume":10858.452}
{"level":"INFO","time":"2025-12-05T16:50:00.203Z","caller":"strategy/adapter.go:86","msg":"Signal generated","signal_type":"OPEN_SHORT","price":3006.17,"confidence":1,"reason":"MACD死叉+EMA5/VWAP8死叉+EMA5/EMA15死叉(强信号)"}
{"level":"INFO","time":"2025-12-05T16:50:02.170Z","caller":"strategy/adapter.go:149","msg":"Order placed","order_id":"ETHUSDT_1764953402","side":"SELL","type":"MARKET","quantity":0.019,"price":0,"status":"NEW"}
{"level":"INFO","time":"2025-12-05T16:50:02.970Z","caller":"strategy/adapter.go:163","msg":"Order filled","order_id":"go_1764953401903617755","avg_price":3008}
{"level":"INFO","time":"2025-12-05T16:50:03.527Z","caller":"strategy/adapter.go:195","msg":"Position update","side":"LONG","size":4.568,"entry_price":3111.906723474,"current_price":3007.74,"unrealized_pnl":475.83359281,"pnl_percent":3.347360082615283}
{"level":"INFO","time":"2025-12-05T16:51:00.155Z","caller":"strategy/adapter.go:61","msg":"Kline received","open_time":"2025-12-05T16:50:00.000Z","open":3006.18,"high":3009.17,"low":3004.11,"close":3006.43,"volume":8829.615}
{"level":"INFO","time":"2025-12-05T16:51:00.155Z","caller":"strategy/adapter.go:86","msg":"Signal generated","signal_type":"OPEN_SHORT","price":3006.43,"confidence":1,"reason":"MACD死叉+EMA5/VWAP8死叉+EMA5/EMA15死叉(强信号)"}
{"level":"INFO","time":"2025-12-05T16:51:00.516Z","caller":"strategy/adapter.go:149","msg":"Order placed","order_id":"ETHUSDT_1764953460","side":"SELL","type":"MARKET","quantity":0.018,"price":0,"status":"NEW"}
{"level":"INFO","time":"2025-12-05T16:51:00.652Z","caller":"strategy/adapter.go:163","msg":"Order filled","order_id":"go_1764953460401649913","avg_price":3007.98}
{"level":"INFO","time":"2025-12-05T16:51:00.766Z","caller":"strategy/adapter.go:195","msg":"Position update","side":"LONG","size":4.586,"entry_price":3111.498812217,"current_price":3005.36,"unrealized_pnl":486.75259279,"pnl_percent":3.4111795830405853}
{"level":"INFO","time":"2025-12-05T16:52:00.091Z","caller":"strategy/adapter.go:61","msg":"Kline received","open_time":"2025-12-05T16:51:00.000Z","open":3006.43,"high":3011.12,"low":3005.83,"close":3007.1,"volume":10257.457}
{"level":"INFO","time":"2025-12-05T16:52:00.091Z","caller":"strategy/adapter.go:86","msg":"Signal generated","signal_type":"OPEN_SHORT","price":3007.1,"confidence":1,"reason":"MACD死叉+EMA5/VWAP8死叉+EMA5/EMA15死叉(强信号)"}
{"level":"INFO","time":"2025-12-05T16:52:00.654Z","caller":"strategy/adapter.go:149","msg":"Order placed","order_id":"ETHUSDT_1764953520","side":"SELL","type":"MARKET","quantity":0.017,"price":0,"status":"NEW"}
{"level":"INFO","time":"2025-12-05T16:52:00.771Z","caller":"strategy/adapter.go:163","msg":"Order filled","order_id":"go_1764953520325419079","avg_price":3006.72}
{"level":"INFO","time":"2025-12-05T16:52:01.015Z","caller":"strategy/adapter.go:195","msg":"Position update","side":"LONG","size":4.603,"entry_price":3111.111838546,"current_price":3007.46893411,"unrealized_pnl":477.06828909,"pnl_percent":3.3313782920178787}
{"level":"INFO","time":"2025-12-05T16:53:00.159Z","caller":"strategy/adapter.go:61","msg":"Kline received","open_time":"2025-12-05T16:52:00.000Z","open":3007.09,"high":3020.92,"low":3006.99,"close":3020.06,"volume":12626.739}
{"level":"INFO","time":"2025-12-05T16:54:00.107Z","caller":"strategy/adapter.go:61","msg":"Kline received","open_time":"2025-12-05T16:53:00.000Z","open":3020.05,"high":3022.25,"low":3015.73,"close":3019.6,"volume":12201.445}
{"level":"INFO","time":"2025-12-05T16:54:00.107Z","caller":"strategy/adapter.go:86","msg":"Signal generated","signal_type":"OPEN_LONG","price":3019.6,"confidence":1,"reason":"MACD金叉+EMA5/VWAP8金叉"}
{"level":"ERROR","time":"2025-12-05T16:54:00.320Z","caller":"strategy/adapter.go:109","msg":"Execute order failed","symbol":"ETHUSDT","error":"risk check failed: invalid leverage: 0"}
{"level":"INFO","time":"2025-12-05T16:54:00.916Z","caller":"strategy/adapter.go:149","msg":"Order placed","order_id":"ETHUSDT_1764953640","side":"BUY","type":"MARKET","quantity":0.016,"price":0,"status":"NEW"}
{"level":"INFO","time":"2025-12-05T16:54:01.053Z","caller":"strategy/adapter.go:163","msg":"Order filled","order_id":"go_1764953640320993246","avg_price":3018.86125}
{"level":"INFO","time":"2025-12-05T16:54:01.273Z","caller":"strategy/adapter.go:195","msg":"Position update","side":"LONG","size":4.587,"entry_price":3111.111838546,"current_price":3019.77391473,"unrealized_pnl":418.96705651,"pnl_percent":2.935861150246432}
{"level":"INFO","time":"2025-12-05T16:55:00.412Z","caller":"strategy/adapter.go:61","msg":"Kline received","open_time":"2025-12-05T16:54:00.000Z","open":3019.6,"high":3027.99,"low":3016.61,"close":3025.44,"volume":25661.01}
{"level":"INFO","time":"2025-12-05T16:55:00.412Z","caller":"strategy/adapter.go:86","msg":"Signal generated","signal_type":"OPEN_LONG","price":3025.44,"confidence":1,"reason":"MACD金叉+EMA5/VWAP8金叉"}
{"level":"ERROR","time":"2025-12-05T16:55:00.665Z","caller":"strategy/adapter.go:109","msg":"Execute order failed","symbol":"ETHUSDT","error":"risk check failed: invalid leverage: 0"}
{"level":"INFO","time":"2025-12-05T16:55:00.806Z","caller":"strategy/adapter.go:149","msg":"Order placed","order_id":"ETHUSDT_1764953700","side":"BUY","type":"MARKET","quantity":0.017,"price":0,"status":"NEW"}
{"level":"INFO","time":"2025-12-05T16:55:01.004Z","caller":"strategy/adapter.go:163","msg":"Order filled","order_id":"go_1764953700665068361","avg_price":3024.42}
{"level":"INFO","time":"2025-12-05T16:55:01.209Z","caller":"strategy/adapter.go:195","msg":"Position update","side":"LONG","size":4.57,"entry_price":3111.111838546,"current_price":3025.95777132,"unrealized_pnl":389.15408719,"pnl_percent":2.7370943777648225}
{"level":"INFO","time":"2025-12-05T16:56:00.068Z","caller":"strategy/adapter.go:61","msg":"Kline received","open_time":"2025-12-05T16:55:00.000Z","open":3025.43,"high":3027.04,"low":3016.07,"close":3022.89,"volume":17601.182}
{"level":"INFO","time":"2025-12-05T16:56:00.068Z","caller":"strategy/adapter.go:86","msg":"Signal generated","signal_type":"OPEN_LONG","price":3022.89,"confidence":1,"reason":"MACD金叉+EMA5/VWAP8金叉+EMA5/EMA15金叉(强信号)"}
{"level":"ERROR","time":"2025-12-05T16:56:00.934Z","caller":"strategy/adapter.go:109","msg":"Execute order failed","symbol":"ETHUSDT","error":"risk check failed: invalid leverage: 0"}
{"level":"INFO","time":"2025-12-05T16:56:01.046Z","caller":"strategy/adapter.go:149","msg":"Order placed","order_id":"ETHUSDT_1764953761","side":"BUY","type":"MARKET","quantity":0.018,"price":0,"status":"NEW"}
{"level":"INFO","time":"2025-12-05T16:56:01.176Z","caller":"strategy/adapter.go:163","msg":"Order filled","order_id":"go_1764953760934627172","avg_price":3024.07}
{"level":"INFO","time":"2025-12-05T16:56:02.036Z","caller":"strategy/adapter.go:195","msg":"Position update","side":"LONG","size":4.552,"entry_price":3111.111838546,"current_price":3022.89,"unrealized_pnl":401.58580903,"pnl_percent":2.835701290003602}
{"level":"INFO","time":"2025-12-05T16:57:00.141Z","caller":"strategy/adapter.go:61","msg":"Kline received","open_time":"2025-12-05T16:56:00.000Z","open":3022.89,"high":3028.78,"low":3021.55,"close":3028.43,"volume":21877.701}
{"level":"INFO","time":"2025-12-05T16:57:00.141Z","caller":"strategy/adapter.go:86","msg":"Signal generated","signal_type":"OPEN_LONG","price":3028.43,"confidence":1,"reason":"MACD金叉+EMA5/VWAP8金叉+EMA5/EMA15金叉(强信号)"}
{"level":"ERROR","time":"2025-12-05T16:57:00.618Z","caller":"strategy/adapter.go:109","msg":"Execute order failed","symbol":"ETHUSDT","error":"risk check failed: invalid leverage: 0"}
{"level":"INFO","time":"2025-12-05T16:57:01.267Z","caller":"strategy/adapter.go:149","msg":"Order placed","order_id":"ETHUSDT_1764953821","side":"BUY","type":"MARKET","quantity":0.019,"price":0,"status":"NEW"}
{"level":"INFO","time":"2025-12-05T16:57:01.395Z","caller":"strategy/adapter.go:163","msg":"Order filled","order_id":"go_1764953820618527882","avg_price":3026.24632}
{"level":"INFO","time":"2025-12-05T16:57:01.615Z","caller":"strategy/adapter.go:195","msg":"Position update","side":"LONG","size":4.533,"entry_price":3111.111838546,"current_price":3028.43,"unrealized_pnl":374.7967741,"pnl_percent":2.657629903084436}
{"level":"INFO","time":"2025-12-05T16:58:00.109Z","caller":"strategy/adapter.go:61","msg":"Kline received","open_time":"2025-12-05T16:57:00.000Z","open":3028.43,"high":3038.39,"low":3028.42,"close":3035.42,"volume":22632.522}
{"level":"INFO","time":"2025-12-05T16:58:00.109Z","caller":"strategy/adapter.go:86","msg":"Signal generated","signal_type":"OPEN_LONG","price":3035.42,"confidence":1,"reason":"MACD金叉+EMA5/VWAP8金叉+EMA5/EMA15金叉(强信号)"}
{"level":"ERROR","time":"2025-12-05T16:58:01.130Z","caller":"strategy/adapter.go:109","msg":"Execute order failed","symbol":"ETHUSDT","error":"risk check failed: invalid leverage: 0"}
{"level":"INFO","time":"2025-12-05T16:58:01.525Z","caller":"strategy/adapter.go:149","msg":"Order placed","order_id":"ETHUSDT_1764953881","side":"BUY","type":"MARKET","quantity":0.02,"price":0,"status":"NEW"}
{"level":"INFO","time":"2025-12-05T16:58:01.753Z","caller":"strategy/adapter.go:163","msg":"Order filled","order_id":"go_1764953881131051279","avg_price":3029.13}
{"level":"INFO","time":"2025-12-05T16:58:01.998Z","caller":"strategy/adapter.go:195","msg":"Position update","side":"LONG","size":4.513,"entry_price":3111.111838546,"current_price":3036.17511628,"unrealized_pnl":338.18942755,"pnl_percent":2.4086797950967833}
{"level":"INFO","time":"2025-12-05T16:59:00.107Z","caller":"strategy/adapter.go:61","msg":"Kline received","open_time":"2025-12-05T16:58:00.000Z","open":3035.43,"high":3038.98,"low":3031.87,"close":3036.27,"volume":8312.986}
{"level":"INFO","time":"2025-12-05T16:59:00.107Z","caller":"strategy/adapter.go:86","msg":"Signal generated","signal_type":"OPEN_LONG","price":3036.27,"confidence":1,"reason":"MACD金叉+EMA5/VWAP8金叉+EMA5/EMA15金叉(强信号)"}
{"level":"ERROR","time":"2025-12-05T16:59:00.243Z","caller":"strategy/adapter.go:109","msg":"Execute order failed","symbol":"ETHUSDT","error":"risk check failed: invalid leverage: 0"}
{"level":"INFO","time":"2025-12-05T16:59:00.370Z","caller":"strategy/adapter.go:149","msg":"Order placed","order_id":"ETHUSDT_1764953940","side":"BUY","type":"MARKET","quantity":0.021,"price":0,"status":"NEW"}
{"level":"INFO","time":"2025-12-05T16:59:00.820Z","caller":"strategy/adapter.go:163","msg":"Order filled","order_id":"go_1764953940243725813","avg_price":3034.20095}
{"level":"INFO","time":"2025-12-05T16:59:01.142Z","caller":"strategy/adapter.go:195","msg":"Position update","side":"LONG","size":4.492,"entry_price":3111.111838546,"current_price":3035.96,"unrealized_pnl":337.58205872,"pnl_percent":2.4155942453919863}
{"level":"INFO","time":"2025-12-05T17:00:01.229Z","caller":"strategy/adapter.go:61","msg":"Kline received","open_time":"2025-12-05T16:59:00.000Z","open":3036.27,"high":3038.99,"low":3031.02,"close":3031.69,"volume":8064.929}
{"level":"INFO","time":"2025-12-05T17:00:01.229Z","caller":"strategy/adapter.go:86","msg":"Signal generated","signal_type":"OPEN_LONG","price":3031.69,"confidence":1,"reason":"MACD金叉+EMA5/VWAP8金叉+EMA5/EMA15金叉(强信号)"}
{"level":"ERROR","time":"2025-12-05T17:00:01.462Z","caller":"strategy/adapter.go:109","msg":"Execute order failed","symbol":"ETHUSDT","error":"risk check failed: invalid leverage: 0"}
{"level":"INFO","time":"2025-12-05T17:00:02.747Z","caller":"strategy/adapter.go:149","msg":"Order placed","order_id":"ETHUSDT_1764954002","side":"BUY","type":"MARKET","quantity":0.023,"price":0,"status":"NEW"}
{"level":"INFO","time":"2025-12-05T17:00:03.056Z","caller":"strategy/adapter.go:163","msg":"Order filled","order_id":"go_1764954001462457764","avg_price":3035.97}
{"level":"INFO","time":"2025-12-05T17:00:03.334Z","caller":"strategy/adapter.go:195","msg":"Position update","side":"LONG","size":4.469,"entry_price":3111.111838546,"current_price":3030.53,"unrealized_pnl":360.12023643,"pnl_percent":2.590129918842245}
{"level":"INFO","time":"2025-12-05T17:01:00.856Z","caller":"strategy/adapter.go:61","msg":"Kline received","open_time":"2025-12-05T17:00:00.000Z","open":3031.69,"high":3031.7,"low":3027,"close":3028.13,"volume":9884.744}
{"level":"INFO","time":"2025-12-05T17:01:00.856Z","caller":"strategy/adapter.go:86","msg":"Signal generated","signal_type":"OPEN_LONG","price":3028.13,"confidence":1,"reason":"MACD金叉+EMA5/VWAP8金叉+EMA5/EMA15金叉(强信号)"}
{"level":"ERROR","time":"2025-12-05T17:01:01.133Z","caller":"strategy/adapter.go:109","msg":"Execute order failed","symbol":"ETHUSDT","error":"risk check failed: invalid leverage: 0"}
{"level":"INFO","time":"2025-12-05T17:01:01.301Z","caller":"strategy/adapter.go:149","msg":"Order placed","order_id":"ETHUSDT_1764954061","side":"BUY","type":"MARKET","quantity":0.024,"price":0,"status":"NEW"}
{"level":"INFO","time":"2025-12-05T17:01:01.408Z","caller":"strategy/adapter.go:163","msg":"Order filled","order_id":"go_1764954061133878946","avg_price":3027.71}
{"level":"INFO","time":"2025-12-05T17:01:01.524Z","caller":"strategy/adapter.go:195","msg":"Position update","side":"LONG","size":4.445,"entry_price":3111.111838546,"current_price":3027.97,"unrealized_pnl":369.56547231,"pnl_percent":2.6724156139237167}
{"level":"INFO","time":"2025-12-05T17:02:00.325Z","caller":"strategy/adapter.go:61","msg":"Kline received","open_time":"2025-12-05T17:01:00.000Z","open":3028.14,"high":3036.22,"low":3027,"close":3033.86,"volume":9830.578}
{"level":"INFO","time":"2025-12-05T17:02:00.326Z","caller":"strategy/adapter.go:86","msg":"Signal generated","signal_type":"OPEN_LONG","price":3033.86,"confidence":1,"reason":"MACD金叉+EMA5/VWAP8金叉+EMA5/EMA15金叉(强信号)"}
{"level":"ERROR","time":"2025-12-05T17:02:01.591Z","caller":"strategy/adapter.go:109","msg":"Execute order failed","symbol":"ETHUSDT","error":"risk check failed: invalid leverage: 0"}
{"level":"INFO","time":"2025-12-05T17:02:02.076Z","caller":"strategy/adapter.go:149","msg":"Order placed","order_id":"ETHUSDT_1764954122","side":"BUY","type":"MARKET","quantity":0.025,"price":0,"status":"NEW"}
{"level":"INFO","time":"2025-12-05T17:02:02.194Z","caller":"strategy/adapter.go:163","msg":"Order filled","order_id":"go_1764954121591781067","avg_price":3028.4972}
{"level":"INFO","time":"2025-12-05T17:02:02.645Z","caller":"strategy/adapter.go:195","msg":"Position update","side":"LONG","size":4.42,"entry_price":3111.111838546,"current_price":3032.76,"unrealized_pnl":346.31512634,"pnl_percent":2.518451364161818}
{"level":"INFO","time":"2025-12-05T17:03:00.127Z","caller":"strategy/adapter.go:61","msg":"Kline received","open_time":"2025-12-05T17:02:00.000Z","open":3033.85,"high":3033.85,"low":3027.1,"close":3029.82,"volume":4770.973}
{"level":"INFO","time":"2025-12-05T17:03:00.127Z","caller":"strategy/adapter.go:86","msg":"Signal generated","signal_type":"OPEN_LONG","price":3029.82,"confidence":1,"reason":"MACD金叉+EMA5/VWAP8金叉+EMA5/EMA15金叉(强信号)"}
{"level":"ERROR","time":"2025-12-05T17:03:00.824Z","caller":"strategy/adapter.go:109","msg":"Execute order failed","symbol":"ETHUSDT","error":"risk check failed: invalid leverage: 0"}
{"level":"INFO","time":"2025-12-05T17:03:01.030Z","caller":"strategy/adapter.go:149","msg":"Order placed","order_id":"ETHUSDT_1764954181","side":"BUY","type":"MARKET","quantity":0.027,"price":0,"status":"NEW"}
{"level":"INFO","time":"2025-12-05T17:03:01.160Z","caller":"strategy/adapter.go:163","msg":"Order filled","order_id":"go_1764954180824865048","avg_price":3029.5}
{"level":"INFO","time":"2025-12-05T17:03:01.614Z","caller":"strategy/adapter.go:195","msg":"Position update","side":"LONG","size":4.393,"entry_price":3111.111838546,"current_price":3029.17,"unrealized_pnl":359.9704967,"pnl_percent":2.6338441943276525}
{"level":"INFO","time":"2025-12-05T17:04:00.308Z","caller":"strategy/adapter.go:61","msg":"Kline received","open_time":"2025-12-05T17:03:00.000Z","open":3029.81,"high":3032,"low":3027.81,"close":3030.57,"volume":3683.446}
{"level":"INFO","time":"2025-12-05T17:05:00.516Z","caller":"strategy/adapter.go:61","msg":"Kline received","open_time":"2025-12-05T17:04:00.000Z","open":3030.57,"high":3036.73,"low":3030.03,"close":3030.47,"volume":6267.242}
{"level":"INFO","time":"2025-12-05T17:06:00.766Z","caller":"strategy/adapter.go:61","msg":"Kline received","open_time":"2025-12-05T17:05:00.000Z","open":3030.46,"high":3031.68,"low":3028,"close":3028.98,"volume":3392.377}
{"level":"INFO","time":"2025-12-05T17:07:00.176Z","caller":"strategy/adapter.go:61","msg":"Kline received","open_time":"2025-12-05T17:06:00.000Z","open":3028.99,"high":3031.76,"low":3023.02,"close":3023.93,"volume":6026.916}
{"level":"INFO","time":"2025-12-05T17:08:00.089Z","caller":"strategy/adapter.go:61","msg":"Kline received","open_time":"2025-12-05T17:07:00.000Z","open":3023.93,"high":3023.98,"low":3016.44,"close":3016.45,"volume":13699.959}
{"level":"INFO","time":"2025-12-05T17:09:00.136Z","caller":"strategy/adapter.go:61","msg":"Kline received","open_time":"2025-12-05T17:08:00.000Z","open":3016.44,"high":3018.58,"low":3010.96,"close":3013.73,"volume":12724.712}
{"level":"INFO","time":"2025-12-05T17:10:00.124Z","caller":"strategy/adapter.go:61","msg":"Kline received","open_time":"2025-12-05T17:09:00.000Z","open":3013.72,"high":3022.99,"low":3012.54,"close":3020.8,"volume":9312.107}
{"level":"INFO","time":"2025-12-05T17:11:00.280Z","caller":"strategy/adapter.go:61","msg":"Kline received","open_time":"2025-12-05T17:10:00.000Z","open":3020.81,"high":3020.92,"low":3016.32,"close":3016.35,"volume":4651.731}
{"level":"INFO","time":"2025-12-05T17:11:00.280Z","caller":"strategy/adapter.go:86","msg":"Signal generated","signal_type":"OPEN_SHORT","price":3016.35,"confidence":1,"reason":"MACD死叉+EMA5/VWAP8死叉+EMA5/EMA15死叉(强信号)"}
{"level":"INFO","time":"2025-12-05T17:11:01.418Z","caller":"strategy/adapter.go:149","msg":"Order placed","order_id":"ETHUSDT_1764954661","side":"SELL","type":"MARKET","quantity":0.029,"price":0,"status":"NEW"}
{"level":"INFO","time":"2025-12-05T17:11:01.529Z","caller":"strategy/adapter.go:163","msg":"Order filled","order_id":"go_1764954661301785466","avg_price":3016.79}
{"level":"INFO","time":"2025-12-05T17:11:02.019Z","caller":"strategy/adapter.go:195","msg":"Position update","side":"LONG","size":4.422,"entry_price":3110.493264752,"current_price":3017.47335095,"unrealized_pnl":411.33405882,"pnl_percent":2.9905196983798126}
{"level":"INFO","time":"2025-12-05T17:12:00.207Z","caller":"strategy/adapter.go:61","msg":"Kline received","open_time":"2025-12-05T17:11:00.000Z","open":3016.35,"high":3016.35,"low":3012.31,"close":3015.21,"volume":4656.744}
{"level":"INFO","time":"2025-12-05T17:12:00.207Z","caller":"strategy/adapter.go:86","msg":"Signal generated","signal_type":"OPEN_SHORT","price":3015.21,"confidence":1,"reason":"MACD死叉+EMA5/VWAP8死叉+EMA5/EMA15死叉(强信号)"}
{"level":"INFO","time":"2025-12-05T17:12:00.666Z","caller":"strategy/adapter.go:149","msg":"Order placed","order_id":"ETHUSDT_1764954720","side":"SELL","type":"MARKET","quantity":0.027,"price":0,"status":"NEW"}
{"level":"INFO","time":"2025-12-05T17:12:00.763Z","caller":"strategy/adapter.go:163","msg":"Order filled","order_id":"go_1764954720309855968","avg_price":3015.25}
{"level":"INFO","time":"2025-12-05T17:12:01.196Z","caller":"strategy/adapter.go:195","msg":"Position update","side":"LONG","size":4.449,"entry_price":3109.915254379,"current_price":3015.2,"unrealized_pnl":421.38816669,"pnl_percent":3.0455895618427182}
{"level":"INFO","time":"2025-12-05T17:13:00.142Z","caller":"strategy/adapter.go:61","msg":"Kline received","open_time":"2025-12-05T17:12:00.000Z","open":3015.21,"high":3018.58,"low":3014.06,"close":3017.42,"volume":3967.038}
{"level":"INFO","time":"2025-12-05T17:13:00.142Z","caller":"strategy/adapter.go:86","msg":"Signal generated","signal_type":"OPEN_SHORT","price":3017.42,"confidence":1,"reason":"MACD死叉+EMA5/VWAP8死叉+EMA5/EMA15死叉(强信号)"}
{"level":"INFO","time":"2025-12-05T17:13:00.384Z","caller":"strategy/adapter.go:149","msg":"Order placed","order_id":"ETHUSDT_1764954780","side":"SELL","type":"MARKET","quantity":0.026,"price":0,"status":"NEW"}
{"level":"INFO","time":"2025-12-05T17:13:00.473Z","caller":"strategy/adapter.go:163","msg":"Order filled","order_id":"go_1764954780304097389","avg_price":3017.33}
{"level":"INFO","time":"2025-12-05T17:13:00.788Z","caller":"strategy/adapter.go:195","msg":"Position update","side":"LONG","size":4.475,"entry_price":3109.377328879,"current_price":3017.69930233,"unrealized_pnl":410.25916876,"pnl_percent":2.948436836117265}
{"level":"INFO","time":"2025-12-05T17:14:01.624Z","caller":"strategy/adapter.go:61","msg":"Kline received","open_time":"2025-12-05T17:13:00.000Z","open":3017.43,"high":3017.7,"low":3014.43,"close":3015.18,"volume":2606.585}
{"level":"INFO","time":"2025-12-05T17:14:01.624Z","caller":"strategy/adapter.go:86","msg":"Signal generated","signal_type":"OPEN_SHORT","price":3015.18,"confidence":1,"reason":"MACD死叉+EMA5/VWAP8死叉+EMA5/EMA15死叉(强信号)"}
{"level":"INFO","time":"2025-12-05T17:14:01.979Z","caller":"strategy/adapter.go:149","msg":"Order placed","order_id":"ETHUSDT_1764954841","side":"SELL","type":"MARKET","quantity":0.024,"price":0,"status":"NEW"}
{"level":"INFO","time":"2025-12-05T17:14:02.083Z","caller":"strategy/adapter.go:163","msg":"Order filled","order_id":"go_1764954841855345356","avg_price":3016.07292}
{"level":"INFO","time":"2025-12-05T17:14:02.305Z","caller":"strategy/adapter.go:195","msg":"Position update","side":"LONG","size":4.499,"entry_price":3108.87959474,"current_price":3015.53627907,"unrealized_pnl":419.95157719,"pnl_percent":3.0024744549726656}
{"level":"INFO","time":"2025-12-05T17:15:00.185Z","caller":"strategy/adapter.go:61","msg":"Kline received","open_time":"2025-12-05T17:14:00.000Z","open":3015.18,"high":3017.35,"low":3013.61,"close":3013.61,"volume":1862.755}
{"level":"INFO","time":"2025-12-05T17:15:00.185Z","caller":"strategy/adapter.go:86","msg":"Signal generated","signal_type":"OPEN_SHORT","price":3013.61,"confidence":1,"reason":"MACD死叉+EMA5/VWAP8死叉+EMA5/EMA15死叉(强信号)"}
{"level":"INFO","time":"2025-12-05T17:15:00.562Z","caller":"strategy/adapter.go:149","msg":"Order placed","order_id":"ETHUSDT_1764954900","side":"SELL","type":"MARKET","quantity":0.023,"price":0,"status":"NEW"}
{"level":"INFO","time":"2025-12-05T17:15:00.712Z","caller":"strategy/adapter.go:163","msg":"Order filled","order_id":"go_1764954900460955790","avg_price":3015.71}
{"level":"INFO","time":"2025-12-05T17:15:00.924Z","caller":"strategy/adapter.go:195","msg":"Position update","side":"LONG","size":4.522,"entry_price":3108.405711353,"current_price":3014.21540698,"unrealized_pnl":425.92855636,"pnl_percent":3.0301805207000974}
{"level":"INFO","time":"2025-12-05T17:16:00.336Z","caller":"strategy/adapter.go:61","msg":"Kline received","open_time":"2025-12-05T17:15:00.000Z","open":3013.62,"high":3017.84,"low":3012.65,"close":3016.38,"volume":4360.652}
{"level":"INFO","time":"2025-12-05T17:16:00.336Z","caller":"strategy/adapter.go:86","msg":"Signal generated","signal_type":"OPEN_SHORT","price":3016.38,"confidence":1,"reason":"MACD死叉+EMA5/VWAP8死叉+EMA5/EMA15死叉(强信号)"}
{"level":"INFO","time":"2025-12-05T17:16:00.996Z","caller":"strategy/adapter.go:149","msg":"Order placed","order_id":"ETHUSDT_1764954960","side":"SELL","type":"MARKET","quantity":0.022,"price":0,"status":"NEW"}
{"level":"INFO","time":"2025-12-05T17:16:01.085Z","caller":"strategy/adapter.go:163","msg":"Order filled","order_id":"go_1764954960640331842","avg_price":3016.01}
{"level":"INFO","time":"2025-12-05T17:16:01.493Z","caller":"strategy/adapter.go:195","msg":"Position update","side":"LONG","size":4.544,"entry_price":3107.958372962,"current_price":3016.38,"unrealized_pnl":416.13212673,"pnl_percent":2.946576561534497}
{"level":"INFO","time":"2025-12-05T17:17:00.177Z","caller":"strategy/adapter.go:61","msg":"Kline received","open_time":"2025-12-05T17:16:00.000Z","open":3016.38,"high":3017.62,"low":3011.77,"close":3015.46,"volume":3590.094}
{"level":"INFO","time":"2025-12-05T17:17:00.177Z","caller":"strategy/adapter.go:86","msg":"Signal generated","signal_type":"OPEN_SHORT","price":3015.46,"confidence":1,"reason":"MACD死叉+EMA5/VWAP8死叉+EMA5/EMA15死叉(强信号)"}
{"level":"INFO","time":"2025-12-05T17:17:00.402Z","caller":"strategy/adapter.go:149","msg":"Order placed","order_id":"ETHUSDT_1764955020","side":"SELL","type":"MARKET","quantity":0.021,"price":0,"status":"NEW"}
{"level":"INFO","time":"2025-12-05T17:17:00.848Z","caller":"strategy/adapter.go:195","msg":"Position update","side":"LONG","size":4.565,"entry_price":3107.529931378,"current_price":3015.46,"unrealized_pnl":420.2992367,"pnl_percent":2.9628011122095743}
{"level":"INFO","time":"2025-12-05T17:18:00.250Z","caller":"strategy/adapter.go:61","msg":"Kline received","open_time":"2025-12-05T17:17:00.000Z","open":3015.46,"high":3018,"low":3014.94,"close":3015.23,"volume":2840.595}
{"level":"INFO","time":"2025-12-05T17:18:00.250Z","caller":"strategy/adapter.go:86","msg":"Signal generated","signal_type":"OPEN_SHORT","price":3015.23,"confidence":1,"reason":"MACD死叉+EMA5/VWAP8死叉+EMA5/EMA15死叉(强信号)"}
{"level":"INFO","time":"2025-12-05T17:18:00.802Z","caller":"strategy/adapter.go:149","msg":"Order placed","order_id":"ETHUSDT_1764955080","side":"SELL","type":"MARKET","quantity":0.02,"price":0,"status":"NEW"}
{"level":"INFO","time":"2025-12-05T17:18:00.917Z","caller":"strategy/adapter.go:163","msg":"Order filled","order_id":"go_1764955080695718336","avg_price":3015.6335}
{"level":"INFO","time":"2025-12-05T17:18:01.057Z","caller":"strategy/adapter.go:195","msg":"Position update","side":"LONG","size":4.585,"entry_price":3107.129074535,"current_price":3015.32624031,"unrealized_pnl":420.91599489,"pnl_percent":2.9545870807391976}
{"level":"INFO","time":"2025-12-05T17:19:00.517Z","caller":"strategy/adapter.go:61","msg":"Kline received","open_time":"2025-12-05T17:18:00.000Z","open":3015.24,"high":3017.6,"low":3007.81,"close":3009.59,"volume":5777.524}
{"level":"INFO","time":"2025-12-05T17:19:00.517Z","caller":"strategy/adapter.go:86","msg":"Signal generated","signal_type":"OPEN_SHORT","price":3009.59,"confidence":1,"reason":"MACD死叉+EMA5/VWAP8死叉+EMA5/EMA15死叉(强信号)"}
{"level":"INFO","time":"2025-12-05T17:19:01.323Z","caller":"strategy/adapter.go:149","msg":"Order placed","order_id":"ETHUSDT_1764955141","side":"SELL","type":"MARKET","quantity":0.019,"price":0,"status":"NEW"}
{"level":"INFO","time":"2025-12-05T17:19:01.529Z","caller":"strategy/adapter.go:163","msg":"Order filled","order_id":"go_1764955141215436274","avg_price":3013.53368}
{"level":"INFO","time":"2025-12-05T17:19:01.740Z","caller":"strategy/adapter.go:195","msg":"Position update","side":"LONG","size":4.604,"entry_price":3106.742820752,"current_price":3010.01077519,"unrealized_pnl":445.35433775,"pnl_percent":3.1136161291521343}
{"level":"INFO","time":"2025-12-05T17:20:00.160Z","caller":"strategy/adapter.go:61","msg":"Kline received","open_time":"2025-12-05T17:19:00.000Z","open":3009.59,"high":3016.05,"low":3009.58,"close":3013.77,"volume":3446.426}
{"level":"INFO","time":"2025-12-05T17:20:00.160Z","caller":"strategy/adapter.go:86","msg":"Signal generated","signal_type":"OPEN_SHORT","price":3013.77,"confidence":1,"reason":"MACD死叉+EMA5/VWAP8死叉+EMA5/EMA15死叉(强信号)"}
{"level":"INFO","time":"2025-12-05T17:20:00.751Z","caller":"strategy/adapter.go:149","msg":"Order placed","order_id":"ETHUSDT_1764955200","side":"SELL","type":"MARKET","quantity":0.018,"price":0,"status":"NEW"}
{"level":"INFO","time":"2025-12-05T17:20:00.852Z","caller":"strategy/adapter.go:163","msg":"Order filled","order_id":"go_1764955200286571692","avg_price":3013.03}
{"level":"INFO","time":"2025-12-05T17:20:01.401Z","caller":"strategy/adapter.go:195","msg":"Position update","side":"LONG","size":4.622,"entry_price":3106.377863856,"current_price":3013.47,"unrealized_pnl":429.42014671,"pnl_percent":2.9908745143340356}
{"level":"INFO","time":"2025-12-05T17:21:00.191Z","caller":"strategy/adapter.go:61","msg":"Kline received","open_time":"2025-12-05T17:20:00.000Z","open":3013.76,"high":3025,"low":3011.6,"close":3022.61,"volume":6425.26}
{"level":"INFO","time":"2025-12-05T17:21:00.191Z","caller":"strategy/adapter.go:86","msg":"Signal generated","signal_type":"OPEN_LONG","price":3022.61,"confidence":1,"reason":"MACD金叉+EMA5/VWAP8金叉"}
{"level":"ERROR","time":"2025-12-05T17:21:00.831Z","caller":"strategy/adapter.go:109","msg":"Execute order failed","symbol":"ETHUSDT","error":"risk check failed: invalid leverage: 0"}
{"level":"INFO","time":"2025-12-05T17:21:01.853Z","caller":"strategy/adapter.go:149","msg":"Order placed","order_id":"ETHUSDT_1764955261","side":"BUY","type":"MARKET","quantity":0.017,"price":0,"status":"NEW"}
{"level":"INFO","time":"2025-12-05T17:21:01.944Z","caller":"strategy/adapter.go:163","msg":"Order filled","order_id":"go_1764955260831789331","avg_price":3016.94}
{"level":"INFO","time":"2025-12-05T17:21:02.228Z","caller":"strategy/adapter.go:195","msg":"Position update","side":"LONG","size":4.605,"entry_price":3106.377863856,"current_price":3023.13964147,"unrealized_pnl":383.31201405,"pnl_percent":2.679591022919701}
{"level":"INFO","time":"2025-12-05T17:22:00.279Z","caller":"strategy/adapter.go:61","msg":"Kline received","open_time":"2025-12-05T17:21:00.000Z","open":3022.6,"high":3023.55,"low":3015.77,"close":3017.73,"volume":3033.292}
{"level":"INFO","time":"2025-12-05T17:22:00.279Z","caller":"strategy/adapter.go:86","msg":"Signal generated","signal_type":"OPEN_LONG","price":3017.73,"confidence":1,"reason":"MACD金叉+EMA5/VWAP8金叉"}
{"level":"ERROR","time":"2025-12-05T17:22:00.607Z","caller":"strategy/adapter.go:109","msg":"Execute order failed","symbol":"ETHUSDT","error":"risk check failed: invalid leverage: 0"}
{"level":"INFO","time":"2025-12-05T17:22:00.827Z","caller":"strategy/adapter.go:149","msg":"Order placed","order_id":"ETHUSDT_1764955320","side":"BUY","type":"MARKET","quantity":0.018,"price":0,"status":"NEW"}
{"level":"INFO","time":"2025-12-05T17:22:01.230Z","caller":"strategy/adapter.go:163","msg":"Order filled","order_id":"go_1764955320607279132","avg_price":3018.16611}
{"level":"INFO","time":"2025-12-05T17:22:01.592Z","caller":"strategy/adapter.go:195","msg":"Position update","side":"LONG","size":4.587,"entry_price":3106.377863856,"current_price":3017.93,"unrealized_pnl":405.71035147,"pnl_percent":2.8472989354243907}
{"level":"INFO","time":"2025-12-05T17:23:00.154Z","caller":"strategy/adapter.go:61","msg":"Kline received","open_time":"2025-12-05T17:22:00.000Z","open":3017.73,"high":3021.45,"low":3012.26,"close":3013,"volume":2533.595}
{"level":"INFO","time":"2025-12-05T17:24:00.121Z","caller":"strategy/adapter.go:61","msg":"Kline received","open_time":"2025-12-05T17:23:00.000Z","open":3012.99,"high":3014,"low":3010.03,"close":3013.39,"volume":3858.474}
{"level":"INFO","time":"2025-12-05T17:25:00.125Z","caller":"strategy/adapter.go:61","msg":"Kline received","open_time":"2025-12-05T17:24:00.000Z","open":3013.38,"high":3018.98,"low":3011.42,"close":3018.77,"volume":2005.625}
{"level":"INFO","time":"2025-12-05T17:25:00.125Z","caller":"strategy/adapter.go:86","msg":"Signal generated","signal_type":"OPEN_LONG","price":3018.77,"confidence":1,"reason":"MACD金叉+EMA5/VWAP8金叉"}
{"level":"ERROR","time":"2025-12-05T17:25:00.338Z","caller":"strategy/adapter.go:109","msg":"Execute order failed","symbol":"ETHUSDT","error":"risk check failed: invalid leverage: 0"}
{"level":"INFO","time":"2025-12-05T17:25:00.497Z","caller":"strategy/adapter.go:149","msg":"Order placed","order_id":"ETHUSDT_1764955500","side":"BUY","type":"MARKET","quantity":0.019,"price":0,"status":"NEW"}
{"level":"INFO","time":"2025-12-05T17:25:00.598Z","caller":"strategy/adapter.go:163","msg":"Order filled","order_id":"go_1764955500338891767","avg_price":3017.73632}
{"level":"INFO","time":"2025-12-05T17:25:00.730Z","caller":"strategy/adapter.go:195","msg":"Position update","side":"LONG","size":4.568,"entry_price":3106.377863856,"current_price":3018.77,"unrealized_pnl":400.19272206,"pnl_percent":2.820257795030842}
{"level":"INFO","time":"2025-12-05T17:26:00.105Z","caller":"strategy/adapter.go:61","msg":"Kline received","open_time":"2025-12-05T17:25:00.000Z","open":3018.77,"high":3018.9,"low":3012.86,"close":3013.1,"volume":2357.844}
